cam:dataFalecimento;cam:dataNascimento;cam:ideCadastro;cam:nomeCivil;cam:nomeParlamentarAtual;slnp:resource_uri
;1976-10-23;178836;ALAN RICK MIRANDA;ALAN RICK;64965d06-916a-4ef9-a8c7-886055dc979e
;1969-02-13;160527;AGUINALDO VELLOSO BORGES RIBEIRO;AGUINALDO RIBEIRO;908bcac7-6fc7-4957-9ae9-00a46ad10a37
;1987-02-10;160582;JOSÉ ALBERTO OLIVEIRA VELOSO FILHO;ALBERTO FILHO;5ff9cfe9-2fee-47b6-b7ac-a1cb282236be
;1960-10-15;160508;AFONSO BANDEIRA FLORENCE;AFONSO FLORENCE;e4e93a22-8177-400a-8231-2e8ae9d06a12
;1956-02-05;178903;ADILTON DOMINGOS SACHETTI;ADILTON SACHETTI;0a39e693-7990-4118-8637-278d778df124
;1962-04-25;136811;JOSÉ ALFONSO EBERT HAMM;AFONSO HAMM;abf442cf-ef29-40f6-8929-9a4066570ed2
;1950-01-08;178835;AFONSO ANTUNES DA MOTTA;AFONSO MOTTA;92f42906-8bf7-4ede-9623-d436a052aa3a
;1961-12-15;141372;AELTON JOSÉ DE FREITAS;AELTON FREITAS;8b012d6f-1eef-426e-b2af-921d2cb147f1
;1969-07-18;196359;ADERMIS MARINI JUNIOR;ADÉRMIS MARINI;0cad898e-314c-42ee-9bbb-5ce1578ba9dd
;1958-02-10;178914;ADALBERTO CAVALCANTI RODRIGUES;ADALBERTO CAVALCANTI;8d0f8273-6da1-42f9-8125-8fb4ab094096
;1964-09-22;178968;ADELSON BARRETO DOS SANTOS;ADELSON BARRETO;fd86d643-1fd8-426e-a8df-cd68d2ec79b9
;1963-07-11;178864;JOSE ADAIL CARNEIRO SILVA;ADAIL CARNEIRO;55df2c80-2de5-4739-b227-bcd41d1ee1f1
;1949-05-25;178890;ADELMO CARNEIRO LEAO;ADELMO CARNEIRO LEÃO;cc98fbfb-234a-4cac-98f7-2b45bdfdd530
;1949-08-22;74213;ANTONIO BALHMANN CARDOSO NUNES FILHO;ANTONIO BALHMANN;afecd733-1fa9-4a4b-b639-5302baec6ad9
;1969-01-17;160553;ANTONIO LUIZ PARANHOS RIBEIRO LEITE DE BRITO;ANTONIO BRITO;2dd6db55-28c2-4607-8784-d8f45f9e2177
;1964-05-30;133374;ADEMIR CAMILO PRATES RODRIGUES;ADEMIR CAMILO;a287ed45-5fa2-459d-a807-00032c1e5c83
;1955-02-19;178837;RAIMUNDO ANGELIM VASCONCELOS;ANGELIM;9fa16f07-1fa8-432c-a3e4-6ac61dd14055
;1953-06-07;74212;ANÍBAL FERREIRA GOMES;ANÍBAL GOMES;c5830278-3b13-43b0-8dbd-6b22d04918d2
;1962-03-29;178957;ABEL SALVADOR MESQUITA JUNIOR;ABEL MESQUITA JR.;12f10ca3-2568-4cbc-ba6a-56a5c799eb2f
;1968-05-05;141383;ANTONIO CARLOS MARTINS DE BULHÕES;ANTONIO BULHÕES;01aab937-df9a-4fb6-b751-789b10f77a10
;1969-08-28;192120;ANGELA ALBINO;ANGELA ALBINO;05aae140-c7f5-4c84-aa55-fac7d5d6911e
;1971-02-16;178865;FLAVIO ALVES SABINO;CABO SABINO;461af638-907e-4e3d-a786-6208567bae6c
;1961-11-11;178881;ALUISIO GUIMARAES MENDES FILHO;ALUISIO MENDES;eff1391c-b46a-4f2e-bfce-65f9eddd3b35
;1969-06-20;141335;JOSÉ ROBERTO OLIVEIRA FARO;BETO FARO;f5735090-acbc-4d7b-b4bc-bdcd1c15c92a
;1961-10-17;74378;ASSIS MIGUEL DO COUTO;ASSIS DO COUTO;9aba8810-4581-4f77-ac52-73f353b125ad
;1976-03-30;178938;BENEVENUTO DACIOLO FONSECA DOS SANTOS;CABO DACIOLO;d327aa35-6715-4841-a8df-e7288a767a03
;1979-11-03;93083;CARLOS FELIPE VAZQUEZ DE SOUZA LEÃO;CACÁ LEÃO;a3173bb6-fb1e-4ed7-9182-d0f657ff29b7
;1964-03-06;105112;LUIZ GIONILSON PINHEIRO BORGES;CABUÇU BORGES;8a31f6cd-fc1d-40c4-8fd4-5b03a5e548c6
;1980-04-07;178976;BRUNO COVAS LOPES;BRUNO COVAS;098797ec-2a48-41f8-898c-8b33452ea70c
;1952-08-17;73934;CARLOS ALBERTO CAVALCANTE DE SOUZA;CARLOS SOUZA;69ccdfae-6832-45fe-a9b2-58b0d170fbc8
;1947-03-11;74651;CARLOS DO CARMO ANDRADE MELLES;CARLOS MELLES;d8366b31-40f2-4558-bce3-4c24c8897c1b
;1960-11-21;178900;CARLOS EDUARDO XAVIER MARUN;CARLOS MARUN;59c7bbf5-1b53-471c-8448-8e4f280f52ef
;1957-08-07;74163;CARLOS HUMBERTO MANNATO;CARLOS MANATO;2ea5d284-fb53-4cc1-8891-aa7843c77504
;1961-04-21;178993;CARLOS HENRIQUE AMORIM;CARLOS HENRIQUE GAGUIM;6b2cea53-544d-4dbc-84e2-413132f121e6
;1958-09-01;62881;FRANCISCO DANILO BASTOS FORTE;DANILO FORTE;08f29f51-d0dc-46ac-b318-378e0f7be3d8
;1967-04-21;160528;DANILO JORGE DE BARROS CABRAL;DANILO CABRAL;1cc9126a-dd9b-4be8-8e09-0b4c46743473
;1983-10-23;144523;DANIEL ELIAS CARVALHO VILELA;DANIEL VILELA;0bcb1eba-2805-43e2-8565-959c8b31c187
;1984-07-10;92346;EDUARDO NANTES BOLSONARO;EDUARDO BOLSONARO;95fce76e-e824-4977-8386-bffc05763371
;1958-01-08;178841;JOSÉ CÍCERO SOARES DE ALMEIDA;CÍCERO ALMEIDA;12742186-5bc8-4bd9-932c-fe247f8c6f3c
;1963-03-31;74262;CARLOS HENRIQUE FOCESI SAMPAIO;CARLOS SAMPAIO;15d73351-e972-4a4b-8bae-80ac730513b5
;1958-08-25;74655;EDUARDO LUIZ BARROS BARBOSA;EDUARDO BARBOSA;0328f737-88fc-4325-9e2a-300cec9b9cae
;1957-05-26;134812;EDMILSON BRITO RODRIGUES;EDMILSON RODRIGUES;31fbec5e-1e00-496c-a0f6-5d1e56c34cc5
;1948-01-26;73768;DILCEU JOÃO SPERAFICO;DILCEU SPERAFICO;15a7dab6-461f-4543-929c-93d2e6ed0069
;1972-04-02;178871;EVAIR VIEIRA DE MELO;EVAIR VIEIRA DE MELO;fda9e9b6-791b-4063-92dd-942f1bd28e88
;1978-11-04;178916;DANIEL PIRES COELHO;DANIEL COELHO;e4658aff-e9cd-49a5-a2c5-7c557baa744c
;1968-04-14;178979;ANTONIO FLORIANO PEREIRA PESARO;FLORIANO PESARO;7dd105df-c756-44c3-9a42-7655937beeda
;1953-02-27;191923;FLÁVIO RODRIGUES NOGUEIRA;FLAVIO NOGUEIRA;ecbfdca4-942a-4477-80f1-5f6935e14eea
;1982-06-26;152605;GLAUBER DE MEDEIROS BRAGA;GLAUBER BRAGA;f100aed0-b8f8-42e1-89a2-351d7fbcb69b
;1947-12-21;160649;ESPERIDIÃO AMIN HELOU FILHO;ESPERIDIÃO AMIN;84a09e64-bf05-49c3-b91c-ddfec4fee2e7
;1975-07-01;190149;FABRICIO JOSÉ SATIRO DE OLIVEIRA;FABRICIO OLIVEIRA;99b1944f-c6cd-4128-a4d3-15c7fb9aac78
;1957-06-19;178959;HIRAN MANUEL GONCALVES DA SILVA;HIRAN GONÇALVES;2497fcf9-d994-4c8e-b48e-a4be711b78fc
;1949-05-12;73926;JANETE MARIA GÓES CAPIBERIBE;JANETE CAPIBERIBE;aca6b811-13f6-44ea-9a5a-c5282d37a2aa
;1979-08-22;178917;JOAO FERNANDO PONTUAL COUTINHO;JOÃO FERNANDO COUTINHO;5b3fe908-a9fa-47cb-84cb-a03dc49d26a2
;1977-06-01;66828;FAUSTO RUY PINATO;FAUSTO PINATO;9b2c766a-ba57-44ad-8cd6-19468fa82aeb
;1956-08-24;178907;FRANCISCO ALVES DE AGUIAR;FRANCISCO CHAPADINHA;055e54d4-9a34-4cdf-ae4e-c9b6a933a2bf
;1957-02-21;141464;JOSÉ AIRTON FÉLIX CIRILO DA SILVA;JOSÉ AIRTON CIRILO;b004a190-744c-47e6-af4f-ddffd36adc96
;1957-05-17;74848;JANDIRA FEGHALI;JANDIRA FEGHALI;99a43ef5-ded5-48bf-9792-dd1d74c5cd9c
;1979-03-26;178851;JOZIANE ARAÚJO NASCIMENTO;JOZI ARAÚJO;9a5e3486-1552-476d-a619-fa898782adc3
;1947-12-09;74553;JOSÉ CARLOS ALELUIA COSTA;JOSÉ CARLOS ALELUIA;890ee311-1045-41ee-af3c-d267db92e573
;1981-06-02;178965;JOAO DERLY DE OLIVEIRA NUNES JUNIOR;JOÃO DERLY;e2f3d761-a44a-4bae-bdcb-ddc5b865c410
;1963-05-01;74856;MARIA LAURA MONTEZA DE SOUZA CARNEIRO;LAURA CARNEIRO;b22efa3d-d381-4c89-a6e3-bf92f057be3b
;1978-06-10;178982;LUIZ LAURO FERREIRA FILHO;LUIZ LAURO FILHO;81be1c11-327d-4965-baff-2ec0316df925
;1957-09-12;141487;LUIZ FERNANDO RAMOS FARIA;LUIZ FERNANDO FARIA;f3872356-c9a4-43e7-a342-1281395d1f04
;1969-10-14;81366;LUANA MARIA DA SILVA COSTA;LUANA COSTA;52b845a2-74d8-4732-b21e-0e844e51b709
;1971-02-15;178880;MARCOS ABRAO RORIZ SOARES DE CARVALHO;MARCOS ABRÃO;118687ac-a58d-4f53-bc3e-aea766ff9049
;1960-11-23;74177;MARINHA CÉLIA ROCHA RAUPP DE MATOS;MARINHA RAUPP;52b945a0-5db5-44a4-b13c-61b64dd99165
;1961-06-11;74787;MILTON ANTONIO CASQUEL MONTI;MILTON MONTI;3458f5a3-cf98-42f4-b46a-64bae2b3e39c
;1987-06-12;146788;MARCELO GUILHERME DE ARO FERREIRA;MARCELO ARO;96277a2a-f12c-49ee-a52a-2119d7f1fa4f
;1964-01-29;178985;MIGUEL LOMBARDI;MIGUEL LOMBARDI;32b7704b-7ccb-42a4-9864-0d10fad81f98
;1954-09-30;74158;MÁRIO LÚCIO HERINGER;MÁRIO HERINGER;f1c42f04-a2fd-4602-a9fb-3bf2ec66dd05
;1979-11-11;178896;NEWTON CARDOSO JUNIOR;NEWTON CARDOSO JR;a1aca44b-e25f-4ffa-ba8c-a2280445731d
;1961-07-29;141515;OTAVIO SANTOS SILVA LEITE;OTAVIO LEITE;8f7f8f69-5235-4e9d-a884-ce61d75fd613
;1931-09-03;132056;PAULO SALIM MALUF;PAULO MALUF;0685388c-49fd-42f8-a945-080138e67328
;1972-10-12;160601;MARCO ANTÔNIO FELICIANO;PR. MARCO FELICIANO;f82dcb07-a11b-4620-a5ec-9d7784a861ed
;1947-08-11;74751;NILMÁRIO DE MIRANDA;NILMÁRIO MIRANDA;8e861e50-2971-4725-baf8-4c9cf847a7de
;1958-07-12;73486;DARCI POMPEO DE MATTOS;POMPEO DE MATTOS;81f5e736-f84f-44c6-8f63-f64947aadcc4
;1987-04-08;178879;LUCAS DE CASTRO SANTOS;LUCAS VERGILIO;413a3ac3-bcd0-4bb9-9b49-b03ce2014e06
;1961-10-02;160652;ROBERTO SÉRGIO RIBEIRO COUTINHO TEIXEIRA;ROBERTO TEIXEIRA;47b1d74b-bd7c-4468-982d-bd1d392136bc
;1971-03-12;171620;RENATO BARBOSA DE ANDRADE;RENATO ANDRADE;303105e6-55c1-40f0-aa82-b96dc7db0124
;1978-08-14;178944;ROBERTO DA SILVA SALES;ROBERTO SALES;dc487c48-3d09-4709-a107-2b1fabe26f6a
;1960-01-05;178861;RONALDO CARLETTO;RONALDO CARLETTO;6352fe51-c310-409c-82f4-088130e6973d
;1963-02-09;178990;SAMUEL MOREIRA DA SILVA JUNIOR;SAMUEL MOREIRA;2b913d98-5ab3-4605-937d-ec26e40f09c7
;1950-02-18;73692;OSMAR GASPARINI TERRA;OSMAR TERRA;c1a77e59-28c2-4b3b-9851-d6ea8f98a8e4
;1964-08-31;141522;RAIMUNDO SABINO CASTELO BRANCO MAUÉS;SABINO CASTELO BRANCO;74ae0424-4c3c-4615-b404-7a725b15c9ba
;1954-07-06;178901;TEREZA CRISTINA CORREA DA COSTA DIAS;TEREZA CRISTINA;c5c7c191-13e4-435c-92f9-4387209d3f1d
;1964-01-22;74376;VANDER LUIZ DOS SANTOS LOUBET;VANDER LOUBET;751854d4-1a34-467e-a257-1733509ca504
;1943-10-22;74765;SILAS BRASILEIRO;SILAS BRASILEIRO;aee4edde-a602-4c8e-88b7-b9253b094800
;1955-08-04;141558;WALDIR MARANHÃO CARDOSO;WALDIR MARANHÃO;cbb14715-0305-430d-bc1c-dbf011a2b347
;1954-03-08;160569;WALDENOR ALVES PEREIRA FILHO;WALDENOR PEREIRA;df2a33e0-8cd7-4952-8b5d-d3d4f8f7aa3a
;1976-08-26;137853;WADSON NATHANIEL RIBEIRO;WADSON RIBEIRO;820bb5c1-3dca-49bb-bd6a-00d85d3982fa
;1963-04-11;160630;SÁGUAS MORAES SOUSA;SÁGUAS MORAES;06542a65-3e37-489a-b14d-8f29edd32f86
;1955-05-26;178889;JOSÉ CARLOS NUNES JÚNIOR;ZÉ CARLOS;7b9fcb0c-b186-4b43-b289-476c3a2960dd
;1956-03-09;160515;RONALDO JOSÉ BENEDET;RONALDO BENEDET;c3d3625e-ea63-4afa-8519-86cff2399cdf
;1954-11-27;178949;ZENAIDE MAIA CALADO PEREIRA DOS SANTOS;ZENAIDE MAIA;8fa4ec72-82c0-4868-a76a-ed04e6e57caf
;1950-02-24;178902;JOSE ORCIRIO MIRANDA DOS SANTOS;ZECA DO PT;76097d2b-f224-4ccf-9005-c24f380cb13b
;1950-05-20;141553;VANDERLEI MACRIS;VANDERLEI MACRIS;61884513-cd6d-445c-9a00-3ea457ecee26
;1966-07-21;178923;JOSE CAVALCANTI ALVES JUNIOR;ZECA CAVALCANTI;975d7b68-4473-4651-a477-27517b8697bf
;1944-07-26;73992;YEDA RORATO CRUSIUS;YEDA CRUSIUS;452c2ef9-3696-4f40-819c-dd1be37b3048
;1961-12-21;73931;JOSÉ GERALDO TORRES DA SILVA;ZÉ GERALDO;ad6dcb7b-7111-4e00-8ea9-2b932c07f863
;1959-04-19;160631;WALNEY DA ROCHA CARVALHO;WALNEY ROCHA;3b49df23-c871-4fae-be85-9349330e2238
;1963-05-11;160632;JOSÉ SILVA SOARES;ZÉ SILVA;e9787dec-f1e0-4c2a-a554-ddb4cf785225
;1956-05-06;191945;JOSÉ AUGUSTO NALIN;ZÉ AUGUSTO NALIN;92d7646f-0b61-48ff-bdd0-c234456eab80
;1964-01-16;73930;WLADIMIR AFONSO DA COSTA RABELO;WLADIMIR COSTA;89cd5a89-6ba4-42e4-b2c7-d514d5660239
;1978-06-21;160592;JOSÉ CARLOS BECKER DE OLIVEIRA E SILVA;ZECA DIRCEU;719ae20e-7c84-4767-8f1e-f6f0624cd5ea
;1970-01-16;193066;WILSON SILVA BESERRA;WILSON BESERRA;ab9b54c7-1071-41e5-ab76-ead16e26799c
;1975-12-16;199809;EDERSON DAL MOLIN;XUXU DAL MOLIN;227aa586-736c-43e5-a8aa-ab0200616913
;1972-12-12;74439;WOLNEY QUEIROZ MACIEL;WOLNEY QUEIROZ;fe1660c8-1e36-4a4d-a8cc-33b7b0922eb1
;1968-11-27;141563;WILLIAM BOSS WOO;WILLIAM WOO;b211f117-3a4b-4149-bfc4-571bba56900e
;1961-07-17;141560;WALTER SHINDI IIHOSHI;WALTER IHOSHI;aaa9ca3c-7989-41e5-9485-baa9ed9efc39
;1980-02-27;178952;WALTER PEREIRA ALVES;WALTER ALVES;ab9bb9f5-a5b7-4a7d-ad97-9ff6d82277e3
;1959-05-19;74043;JOSÉ WELLINGTON ROBERTO;WELLINGTON ROBERTO;da0772a1-8e59-4d0e-ac25-846285ee4ff0
;1979-10-08;167493;WEVERTON ROCHA MARQUES DE SOUSA;WEVERTON ROCHA;9baea0e6-e9df-4fb6-a04b-3ece7f0040b9
;1967-04-05;160620;WASHINGTON REIS DE OLIVEIRA;WASHINGTON REIS;514108aa-be67-4968-aab0-c6ebcc3db613
;1989-08-10;160636;JOSÉ WILSON SANTIAGO FILHO;WILSON FILHO;2b57a97d-5db3-405c-bedd-433aa3fb1c5b
;1978-05-15;178869;VITOR PEREIRA VALIM;VITOR VALIM;23b18b97-d11c-46ed-8169-896c71ff7030
;1959-05-18;178992;VITOR LIPPI;VITOR LIPPI;e8fccb5e-7e21-455e-a6a2-b400cb91604e
;1978-07-31;160591;VINICIUS DE AZEVEDO GURGEL;VINICIUS GURGEL;4070654b-a5b5-4dc1-9848-08f87f5f9893
;1979-08-22;178888;CARLOS VICTOR GUTERRES MENDES;VICTOR MENDES;c339b7a0-1f09-49eb-b2da-7d536a0baa2f
;1985-04-11;137070;VICENTE ALVES DE OLIVEIRA JUNIOR;VICENTINHO JÚNIOR;cdc486fd-fa90-4ce2-9ac3-1c9e8547e98a
;1956-04-11;189593;WADIH NEMER DAMOUS FILHO;WADIH DAMOUS;5e385bcb-94be-4940-8335-f09cfe920808
;1966-01-07;141555;VINICIUS RAPOZO DE CARVALHO;VINICIUS CARVALHO;e3fa9616-712b-43c8-9056-044053fcd89f
;1975-08-24;160518;WELITON FERNANDES PRADO;WELITON PRADO;734dbcd1-eb66-4b24-ac70-c911da6a8ac3
;1956-04-08;74283;VICENTE PAULO DA SILVA;VICENTINHO;08188559-f368-4b5d-b2e1-c9fa4b67b3d5
;1959-11-17;160622;VICENTE CÂNDIDO DA SILVA;VICENTE CANDIDO;72545472-9772-4d2a-b11e-4209daadcb53
;1971-11-24;141552;VALTENIR LUIZ PEREIRA;VALTENIR PEREIRA;927e79df-3c9a-4230-bdbb-cabfa2838295
;1964-04-09;113247;VALMIR PRASCIDELLI;VALMIR PRASCIDELLI;c4e54cae-0a61-41f7-aead-7e01a510e443
;1949-10-15;74010;VALDIR COLATTO;VALDIR COLATTO;6a71baef-158f-4269-b65d-b986bcec389e
;1929-05-17;74308;VICENTE FERREIRA DE ARRUDA COELHO;VICENTE ARRUDA;70ad241b-5add-4830-82aa-a6cce30d038f
;1970-07-17;178913;VENEZIANO VITAL DO RÊGO SEGUNDO NETO;VENEZIANO VITAL DO RÊGO;bd150be5-b552-4712-b1f5-10dfba06d9d2
;1993-12-11;194340;AUDIVAL AMÉLIO DA SILVA NETO;VAL AMÉLIO;cf12ea39-cefa-4e29-aa5c-cda24f9431be
;1964-12-17;160610;VALMIR CARLOS DA ASSUNÇÃO;VALMIR ASSUNÇÃO;3a1fcdeb-6f59-4b90-a8f4-5bdf382f2720
;1950-08-31;178934;ANTONIO WANDSCHEER;TONINHO WANDSCHEER;d463e31b-e886-4ebf-85db-fe6e4590d4e7
;1975-04-02;195866;FRANCISCO VAIDON OLIVEIRA;VAIDON OLIVEIRA;c4653838-829e-497b-a26a-3f5a17bacd22
;1960-04-23;160611;ANTÔNIO PINHEIRO JÚNIOR;TONINHO PINHEIRO;0698edbc-7afe-458c-9a02-538d7f357b13
;1992-01-30;178863;ULDURICO ALENCAR PINTO;ULDURICO JUNIOR;f560b04f-8439-4334-ae6c-f2686e605890
;1960-03-21;178898;SERGIO LUCIO DE ALMEIDA;TENENTE LÚCIO;0b1d69e5-2912-4b72-a3e3-65c1d7c2d55b
;1965-05-01;160976;FRANCISCO EVERARDO OLIVEIRA SILVA;TIRIRICA;86d9e3eb-d347-4b47-823e-8bebaf710e41
;1963-04-08;178922;FRANCISCO TADEU BARBOSA DE ALENCAR;TADEU ALENCAR;55fde404-e6b1-4455-817e-0271e56dfa88
;1980-10-01;141384;ANTÔNIO CARLOS VALADARES FILHO;VALADARES FILHO;17c7295e-824b-496f-b235-9c26a841aeda
;1948-04-20;74385;HIDEKAZU TAKAYAMA;TAKAYAMA;3537b64c-c2ce-4abe-9a58-4a9dd967b0a3
;1949-08-27;73831;José Augusto da Silva Curvo;TAMPINHA;be2e1629-8047-4097-aa5f-1bb24030402b
;1962-05-31;177282;LUIZ GONZAGA RIBEIRO;SUBTENENTE GONZAGA;d2fbf58a-385d-498f-a17a-698a9b9afaed
;1976-03-03;92776;STEFANO AGUIAR DOS SANTOS;STEFANO AGUIAR;79d1dc88-b446-48fa-bb5b-3368e237d25f
;1972-06-02;178862;ERONILDES VASCONCELOS CARVALHO;TIA ERON;a5254823-ec75-4d71-8c76-0cadd69fa2ca
;1967-04-06;178911;SIMONE MARIA MORGADO FERREIRA;SIMONE MORGADO;bda06859-ee9d-4566-862d-4edf308703f6
;1935-12-08;73424;SIMÃO SESSIM;SIMÃO SESSIM;d87242cb-8084-42aa-88a0-0b600c41bc3c
;1946-06-01;73560;SILVIO FRANÇA TORRES;SILVIO TORRES;c7b0f208-8316-4721-9b21-7ed1dd4d6cfe
;1956-12-23;4930;SÍLVIO SERAFIM COSTA;SILVIO COSTA;b6c1f0a1-73db-4745-8204-9ff652978ddb
;1958-12-04;178946;SORAYA ALENCAR DOS SANTOS;SORAYA SANTOS;aef3c6ae-a8d9-4ab3-857b-6cee44563d5f
;1962-12-15;74356;SILAS CÂMARA;SILAS CÂMARA;de5d5e17-aacc-4e3c-a192-b3b005a7000c
;1974-07-22;160617;THIAGO MELLO PEIXOTO DA SILVEIRA;THIAGO PEIXOTO;d41172e1-44e1-410b-ad9b-a39059c5f5d2
;1958-01-24;160613;SEBASTIÃO SIBÁ MACHADO OLIVEIRA;SIBÁ MACHADO;3386052b-c620-4cef-a856-75e245ddae67
;1984-04-11;178961;SHÉRIDAN ESTÉRFANY OLIVEIRA DE ANCHIETA;SHÉRIDAN;8fd74653-fefb-43d2-b8f1-62244738a39e
;1975-01-16;178947;SOSTENES SILVA CAVALCANTE;SÓSTENES CAVALCANTE;a5648343-1a60-4282-8d6c-e579b121c77a
;1957-05-08;178874;ANTONIO SERGIO ALVES VIDIGAL;SERGIO VIDIGAL;b00dfba4-7a85-4913-982a-93934b985012
;1971-01-30;187008;SILAS FREIRE PEREIRA E SILVA;SILAS FREIRE;bcc8070d-6853-426f-8748-ec700fb17547
;1956-05-18;160612;SERGIO ZVEITER;SERGIO ZVEITER;e5c2e6a8-f90b-41d8-ac0e-039fa75c0cff
;1958-04-27;141542;SÉRGIO IVAN MORAES;SÉRGIO MORAES;9abc93c7-9a14-46c9-8091-815021bf42f7
;1952-03-14;167614;SEVERINO DE SOUZA SILVA;SEVERINO NINHO;4c176457-eff6-4694-9906-f3efbbd70dd8
;1971-03-13;178933;SERGIO DE SOUZA;SERGIO SOUZA;236eae5f-707b-4670-95d2-0feaf4299092
;1940-06-23;178991;SERGIO BAVINI;SÉRGIO REIS;e8c892f2-f2da-4c4d-a897-d7be5051aa02
;1957-06-14;74210;JOSÉ SARNEY FILHO;SARNEY FILHO;afc0c78d-ac50-4630-993d-57c01c5c9b59
;1972-11-25;160621;SANDRO ALEX CRUZ DE OLIVEIRA;SANDRO ALEX;2693b112-3f84-48af-90ca-28cb87c4630c
;1959-04-28;74372;JOÃO SANDES JÚNIOR;SANDES JÚNIOR;a4c28b5a-8387-4e77-8dee-a40e3655883b
;1956-02-06;74371;RUBENS OTONI GOMIDE;RUBENS OTONI;3063fa14-ef85-4d4f-adea-e3405adb0353
;1948-05-23;73466;RUBENS BUENO;RUBENS BUENO;019bceef-198c-4523-9df7-27c6f799e2f3
;1952-11-23;178935;VALDIR LUIZ ROSSONI;ROSSONI;242d389b-0cdc-4cad-a82c-38894ad7f4ed
;1952-03-26;74762;JOSÉ SARAIVA FELIPE;SARAIVA FELIPE;98c0948c-3ceb-43ef-aae1-e85ace650492
;1961-06-08;73808;SÉRGIO LUÍS LACERDA BRITO;SÉRGIO BRITO;72830c60-2671-4d34-bf7f-ef5a2343fbd1
;1968-08-31;178921;SEBASTIAO IGNACIO DE OLIVEIRA JUNIOR;SEBASTIÃO OLIVEIRA;c71c538b-7d36-49a5-993f-87ba8ab7f21b
;1973-04-22;146949;ROSEANE CAVALCANTE DE FREITAS ESTRELA;ROSINHA DA ADEFAL;67e2137b-bf63-461f-ba62-6006695f2895
;1966-12-11;191684;ROSANGELA APARECIDA DA SILVA BARROS;ROSÂNGELA CURADO;153b2ef8-0434-42e9-a034-e4e43fc6f81a
;1966-12-27;178945;ROSANGELA DE SOUZA GOMES;ROSANGELA GOMES;6f66ea40-59e1-4189-80fc-23d173cf7ed8
;1984-03-16;178887;RUBENS PEREIRA E SILVA JUNIOR;RUBENS PEREIRA JÚNIOR;860c9149-e090-4e92-bb09-ad0d8764fcbc
;1963-02-08;178870;RÔNEY TANIOS NEMER;RÔNEY NEMER;fcb6b195-b559-4e4d-a675-cacd00bd1c93
;1949-04-25;178845;RONALDO AUGUSTO LESSA SANTOS;RONALDO LESSA;7c1995e4-4dec-48be-b1c8-0f224542ba7b
;1978-09-17;198963;ROGÉRIO SILVA SANTOS;ROGÉRIO SILVA;4632265f-abf0-4fbc-a2ab-a895ae2bc3c4
;1965-03-19;141536;RÔMULO JOSÉ DE GOUVEIA;RÔMULO GOUVEIA;51a293ac-3ee1-4a95-ba1f-894abe55adbb
;1978-01-21;122466;RONALDO MANCHADO MARTINS;RONALDO MARTINS;af5dd8dd-af83-48f1-8682-d457bfcfd0ca
;1953-01-27;160651;ROGÉRIO MENDONÇA;ROGÉRIO PENINHA MENDONÇA;64fb2464-058e-43fa-a58c-627aedaa215b
;1963-11-26;141535;ROGÉRIO SIMONETTI MARINHO;ROGÉRIO MARINHO;17a55e16-a13f-47a4-b814-89db6d14a581
;1976-11-03;178897;RODRIGO OTAVIO SOARES PACHECO;RODRIGO PACHECO;a22583b5-4db8-4e61-8834-4581e1a330ff
;1982-08-02;178926;RODRIGO RODRIGUES DE SOUZA MARTINS;RODRIGO MARTINS;6086bdda-a8c1-4d80-befa-4b135464a802
;1970-06-12;74693;RODRIGO FELINTO IBARRA EPITÁCIO MAIA;RODRIGO MAIA;af506f1a-ac54-40ec-9ef7-37dbc4901ba8
;1966-04-25;163321;RONALDO NOGUEIRA DE OLIVEIRA;RONALDO NOGUEIRA;e2ba1aec-4455-4272-a56b-6da3a459feca
;1971-07-15;141531;RODRIGO BATISTA DE CASTRO;RODRIGO DE CASTRO;551df645-567d-4994-b633-864cc65b2697
;1959-04-04;160637;RONALDO FONSECA DE SOUZA;RONALDO FONSECA;0fc881ad-f4a0-43b9-bc53-8587cdbce70e
;1974-05-10;88950;RODRIGO GARCIA;RODRIGO GARCIA;2fdff796-f474-47d6-93af-97f28bc47c3b
;1966-11-13;141532;RODRIGO SANTOS DA ROCHA LOURES;ROCHA LOURES;b0674792-ac53-41f8-b46b-c7a7161a9e89
;1965-03-16;91208;ROBINSON SANTOS ALMEIDA;ROBINSON ALMEIDA;d51bb37b-6e70-4037-89d5-df6c8e743a41
;1966-06-22;178995;ANTONIO ROBERTO RODRIGUES GÓES DA SILVA;ROBERTO GÓES;58afa4e2-058d-4bc6-ba9d-d22c09e88513
;1968-10-23;178840;WHERLES FERNANDES DA ROCHA;ROCHA;fddf7a57-ea5b-4205-9b18-130db1530bfa
;1942-04-20;73805;ROBERTO JOÃO PEREIRA FREIRE;ROBERTO FREIRE;9f01ecc6-c701-42f0-af53-77a81ee1cc2d
;1968-08-30;160426;ROGÉRIO SCHUMANN ROSSO;ROGÉRIO ROSSO;d97354c8-b508-4cab-9c5d-aa0bdec85744
;1944-05-24;73674;ROBERTO EGÍDIO BALESTRA;ROBERTO BALESTRA;4cf36356-ca28-46f7-bf70-1c64b1e15874
;1965-10-18;178920;RICARDO TEOBALDO CAVALCANTI;RICARDO TEOBALDO;f6e926ee-70a6-40c1-b42b-1d97e4b4c391
;1968-08-01;160655;RICARDO IZAR JUNIOR;RICARDO IZAR;28032254-47ed-47c8-a8e3-f6fd94d0e909
;1966-04-18;160653;ROBERTO ALVES DE LUCENA;ROBERTO DE LUCENA;4f718242-2146-4945-9965-55e67fa893a4
;1959-11-15;73788;RICARDO JOSÉ MAGALHÃES BARROS;RICARDO BARROS;cc43f088-caee-48e9-8d58-8e933bb1b93d
;1951-04-03;141529;ROBERTO PEREIRA DE BRITTO;ROBERTO BRITTO;0e4c946b-bd04-4af2-88aa-9b68cef43afa
;1952-04-17;141472;JOSÉ RICARDO ALVARENGA TRIPOLI;RICARDO TRIPOLI;2eca34af-77e8-4987-a3d9-ea316fc99373
;1960-05-27;152610;BENEDITO ROBERTO ALVES FERREIRA;ROBERTO ALVES;2c151bec-dbb9-43eb-af0d-c77bf53cca9e
;1972-09-04;178925;REJANE RIBEIRO SOUSA DIAS;REJANE DIAS;1d7fb67f-e08e-433c-a02a-ad8ddfca8c18
;1980-04-11;160654;RENZO DO AMARAL BRAZ;RENZO BRAZ;184ae212-7bac-42a4-a475-0287bb819721
;1939-08-13;73786;REINHOLD STEPHANES;REINHOLD STEPHANES;a689115b-e230-41af-9201-7886dfd2b7ad
;1966-08-07;178960;REMIDIO MONAI MONTESSI;REMÍDIO MONAI;205a5ebd-3cdc-4ec3-92da-154425665f63
;1960-10-01;141527;RENATO DELMAR MOLLING;RENATO MOLLING;44944507-d6f1-4154-818e-7d089f4cb3aa
;1982-04-15;178989;RENATA HELLMEISTER DE ABREU;RENATA ABREU;0a763ce3-a14e-4b5e-9205-34635b9dedab
;1973-04-02;74161;REGINALDO LÁZARO DE OLIVEIRA LOPES;REGINALDO LOPES;872fb2e3-33db-470a-b3ba-c8ed360b0f0a
;1952-04-03;74048;RAUL BELENS JUNGMANN PINTO;RAUL JUNGMANN;13a5b77c-2c3d-4044-9c80-1f91350f847a
;1972-11-20;195581;RICARDO ANTONIO BUAINAIN DIAS;RICARDO BENTINHO;a2b88193-0107-4795-9a8f-0fb80c42d4e0
;1951-03-30;74216;RAIMUNDO GOMES DE MATOS;RAIMUNDO GOMES DE MATOS;383d2e0d-4709-4938-9f02-f5152ef0559c
;1986-08-15;178951;RAFAEL HUETE DA MOTTA;RAFAEL MOTTA;e1ef7927-e90a-4df0-80ed-c7edde99b3f2
;1964-10-01;160639;MARIA AUXILIADORA SEABRA REZENDE;PROFESSORA DORINHA SEABRA REZENDE;026c0d58-0886-4496-bf43-bc77662aae50
;1963-07-24;178998;TANIA RAQUEL DE QUEIROZ MUNIZ;RAQUEL MUNIZ;6acae476-1cd6-4991-a56a-b000cdf0ac8a
;1963-03-19;170673;SERGIO PAULO DE OLIVEIRA;PROFESSOR SÉRGIO DE OLIVEIRA;3b71f5eb-cd8e-4ba3-8097-c2b82bf54f76
;1945-12-27;80920;JOSÉ LUIZ DE FRANÇA PENNA;PENNA;10678721-e6be-449f-a8ec-78eafee31515
;1975-05-13;195997;POLLYANA FATIMA GAMA SANTOS;POLLYANA GAMA;ec02291d-aa1c-497a-b718-773bdbdd6ad1
;1985-05-01;178844;PEDRO TORRES BRANDÃO VILELA;PEDRO VILELA;ee0b2058-6957-444b-b07d-17c329320692
;1973-06-21;160641;MARCIVANIA DO SOCORRO DA ROCHA FLEXA;PROFESSORA MARCIVANIA;149d5d03-3d3f-42c2-8c4c-7262f55f57d3
;1952-10-12;200153;GEDEAO TIMOTEO AMORIM;PROF. GEDEÃO AMORIM;0613f7ca-8cdf-4dec-8824-821f085c4001
;1961-04-30;148134;VICTORIO GALLI FILHO;PROFESSOR VICTÓRIO GALLI;7897a8a5-b64e-4fcb-8b81-d8c6a6928d29
;1958-10-29;141445;GILBERTO JOSÉ SPIER VARGAS;PEPE VARGAS;bfb77168-d97e-4973-8ef6-4f36e52c564e
;1988-08-15;178912;PEDRO OLIVEIRA CUNHA LIMA;PEDRO CUNHA LIMA;26c05b28-d38e-49d5-b8db-e85a8202fe12
;1963-03-10;160604;PEDRO FRANCISCO UCZAI;PEDRO UCZAI;a21f02f6-d95f-472d-a313-32a6e5de82ce
;1972-06-29;122158;PEDRO PAULO CARVALHO TEIXEIRA;PEDRO PAULO;ff9114bd-2753-4a2c-ab7e-c68ca05b13a8
;1949-03-02;74449;PEDRO FERNANDES RIBEIRO;PEDRO FERNANDES;bf613c9f-c727-48cc-a654-e73c4b211243
;1956-02-24;141518;PAULO PEREIRA DA SILVA;PAULO PEREIRA DA SILVA;ea611754-0164-46d8-94a3-9cfd07bae4b1
;1965-03-19;74400;PAULO ROBERTO SEVERO PIMENTA;PAULO PIMENTA;923a63e8-0a08-4f32-8a54-5b7cb6c083ea
;1968-02-08;141517;PAULO HENRIQUE ELLERY LUSTOSA DA COSTA;PAULO HENRIQUE LUSTOSA;d99451ad-aed9-4e5b-9cab-56bee07df1ef
;1952-11-28;74574;PAULO SÉRGIO PARANHOS DE MAGALHÃES;PAULO MAGALHÃES;c690b41a-09fa-4042-af79-5f1b05bfe4d2
;1958-08-28;74812;PEDRO PINHEIRO CHAVES;PEDRO CHAVES;a5b2fe5f-95c5-4022-9e28-36604560bfde
;1956-04-30;160517;PAULO ROBERTO FOLETTO;PAULO FOLETTO;a7f95e4e-c79a-4b9b-a01f-b2afc8ecd7e2
;1963-01-14;178860;PAULO VELLOSO DANTAS AZI;PAULO AZI;365753a5-fcae-4c4e-a8da-d8e62334e9a1
;1981-04-20;193726;PAULO EDUARDO LIMA MARTINS;PAULO MARTINS;a7f7ff16-0696-41ec-80d4-29a1a78d0035
;1955-02-14;160558;PAULO ROBERTO FREIRE DA COSTA;PAULO FREIRE;eb22cf8c-fc73-4bbe-926d-86422257237f
;1956-03-23;74017;PAULO FERNANDO FEIJO TORRES;PAULO FEIJÓ;fb8c572a-1daf-41e0-b4c9-4312103f50e5
;1963-06-21;141516;PAULO ABI-ACKEL;PAULO ABI-ACKEL;27b69206-6e13-4da5-8930-2de2eeefb498
;1954-09-24;74095;PAUDERNEY TOMAZ AVELINO;PAUDERNEY AVELINO;c34c4e66-a33a-4952-af54-f0808649d76f
;1952-01-26;74160;PATRUS ANANIAS DE SOUSA;PATRUS ANANIAS;be8c0ddb-81c5-40de-a181-8b154c9fa5f7
;1957-09-15;171617;PAULO FERNANDO DOS SANTOS;PAULÃO;bf8be4ee-95b0-48aa-80bd-22b3a837c0b3
;1937-03-23;74319;JOSÉ FRANCISCO PAES LANDIM;PAES LANDIM;aeed4aee-120e-4354-8cd0-9ea9ce42048d
;1962-09-12;160642;FRANCISCO EURICO DA SILVA;PASTOR EURICO;afe48029-1b47-49e8-86e6-8156c60756a1
;1967-08-31;193982;LUCIANO FRED BRAGA PENHA;PASTOR LUCIANO BRAGA;6d6dc9a0-50f0-4c67-84ce-5f41140e2905
;1954-10-03;74399;ONYX DORNELLES LORENZONI;ONYX LORENZONI;c1ca0bde-3968-4258-a755-97c48435d497
;1961-05-06;141488;LUIZ PAULO TEIXEIRA FERREIRA;PAULO TEIXEIRA;9858d495-f037-466e-ac5d-70286a6a6e03
;1967-02-28;160556;JOÃO CARLOS SIQUEIRA;PADRE JOÃO;e90bbb90-d994-4cdb-9ff2-88a207256d40
;1971-05-27;178987;ORLANDO SILVA DE JESUS JUNIOR;ORLANDO SILVA;d04ed77f-75db-48a7-a13b-53a09a0273f6
;1961-08-11;178868;LUIZ ODORICO MONTEIRO DE ANDRADE;ODORICO MONTEIRO;6d2250a2-1470-4e98-aac1-00c0e57214ae
;1969-03-20;180545;OSMAR STUART BERTOLDI;OSMAR BERTOLDI;5af75f2b-17ff-440e-8d23-c96429ee526c
;1976-06-18;74159;ODAIR JOSÉ DA CUNHA;ODAIR CUNHA;9745b26f-e273-416f-9cb8-b32099237f3c
;1948-05-23;73463;OSMAR JOSÉ SERRAGLIO;OSMAR SERRAGLIO;47b7b328-af0e-4400-affe-f346881f7277
;1946-05-26;74752;ODELMO LEÃO CARNEIRO SOBRINHO;ODELMO LEÃO;72442655-736d-4c7d-90d7-ddb9169be20d
;1988-01-07;194260;NIVALDO FERREIRA DE ALBUQUERQUE NETO;NIVALDO ALBUQUERQUE;6ce50919-8966-4c7e-b8e4-83e8aa17e20a
;1960-02-09;74359;NILTON BALBINO;NILTON CAPIXABA;197c61ca-d910-419e-af2a-26bd7d62a70c
;1969-02-25;166401;NILSON APARECIDO LEITÃO;NILSON LEITÃO;6d9bfd70-bab0-45db-9f29-9e3f55ca9330
;1963-07-31;178986;NILTO IGNACIO TATTO;NILTO TATTO;b3d82f7b-46cf-4487-8eef-72a77470ccb6
;1948-09-17;160566;NELSON PADOVANI;NELSON PADOVANI;69255beb-35bf-40ee-85e8-f94e3648dd10
;1960-12-27;74571;NELSON VICENTE PORTELA PELLEGRINO;NELSON PELLEGRINO;180b660a-b855-48f5-bda7-8cc27cd4f91f
;1942-07-23;73781;NELSON MEURER;NELSON MEURER;3992799b-7af3-43b1-8674-1a798e403050
;1971-11-30;160567;NELSON MARCHEZAN JÚNIOR;NELSON MARCHEZAN JUNIOR;2b450075-246c-4239-bab2-df9c3fe1464a
;1941-10-29;73553;NELSON MARQUEZELLI;NELSON MARQUEZELLI;eb33af1b-564d-4500-a8c8-73d105c74ce9
;1952-03-25;74352;NILSON PINTO DE OLIVEIRA;NILSON PINTO;77e652de-4d5d-4492-a8a5-e15704d181ba
;1957-08-29;193069;NELSON NAHIM MATHEUS DE OLIVEIRA;NELSON NAHIM ;5a679cce-e155-4e7d-9a83-955620282b3d
;1978-06-06;178997;MOSES HAENDEL MELO RODRIGUES;MOSES RODRIGUES;58cf242b-5bd4-432c-a56f-4ec504b413f6
;1958-07-04;178859;MOEMA ISABEL PASSOS GRAMACHO;MOEMA GRAMACHO;477df208-a414-4dcb-b9c5-776599acabe8
;1956-06-10;74457;MORONI BING TORGAN;MORONI TORGAN;4f948087-649c-45a5-8e4b-705147911ad1
;1945-05-27;74862;MIRO TEIXEIRA;MIRO TEIXEIRA;b44e71a9-3fb9-4c6d-8b94-8792011cd2f7
;1959-09-07;66179;NORMA AYUB ALVES;NORMA AYUB;879aa805-d44f-401f-941c-c4fefaf4c146
;1963-08-11;195278;MOISES DINIZ LIMA;MOISÉS DINIZ;d6b42944-185d-46df-b139-0cbb735b88ef
;1957-10-15;178984;MIGUEL MOUBADDA HADDAD;MIGUEL HADDAD;4588c83e-6ff1-4bdc-8587-94b53e5ae6c5
;1968-06-24;178827;MAX FREITAS MAURO FILHO;MAX FILHO;80e2b188-61d2-440b-b85b-128ceb14edd4
;1978-06-11;141509;MIGUEL CORRÊA DA SILVA JÚNIOR;MIGUEL CORRÊA;e780fe47-28c0-46a2-9fba-829596d984c1
;1959-11-27;178895;MISAEL ARTUR FERREIRA VARELLA;MISAEL VARELLA;711cac88-49b1-4710-ad1a-f1369ae03907
;1966-07-12;74428;JOSÉ MENDONÇA BEZERRA FILHO;MENDONÇA FILHO;53eb5470-5b4c-4b26-8bb5-5490b50cf5f1
;1936-05-24;74749;MAURO RIBEIRO LOPES;MAURO LOPES;b95876ea-0cab-49bf-ab03-cf101c1434be
;1930-03-21;73588;CARLOS MAURO CABRAL BENEVIDES;MAURO BENEVIDES;c6d4b219-0ca9-40e1-875f-54f8acd5bfad
;1964-01-08;141507;MAURO MARIANI;MAURO MARIANI;3a84f507-d4a8-4c7d-ad35-8436bce678d9
;1958-09-17;188097;MERLONG SOLANO NOGUEIRA;MERLONG SOLANO;b70c9aff-a556-4d48-8a36-ce38da014a51
;1959-02-27;181315;MARCOS DA ROCHA MENDES;MARQUINHO MENDES;5002ead2-9292-4114-8bf5-411d670dc03f
;1965-11-01;178919;MARINALDO ROSENDO DE ALBUQUERQUE;MARINALDO ROSENDO;9a3c91fd-a335-445e-b2d5-193001028bac
;1980-08-31;178858;MARIO SILVIO MENDES NEGROMONTE JUNIOR;MÁRIO NEGROMONTE JR.;e03f89bf-c7bf-4f38-a036-24b3819e3e88
;1971-03-28;74050;MAURÍCIO QUINTELLA MALTA LESSA;MAURÍCIO QUINTELLA LESSA;386c62eb-b51f-4895-b016-1f22fd0f5176
;1956-12-11;160561;JOSÉ OLIMPIO SILVEIRA MORAES;MISSIONÁRIO JOSÉ OLIMPIO;681337e2-9c6a-4b83-adb2-105bcda63757
;1979-11-28;178843;MARX BELTRÃO LIMA SIQUEIRA;MARX BELTRÃO;6dd4164a-700d-4a64-9c01-39e20f25d26a
;1949-06-15;64960;MARIA HELENA VERONESE RODRIGUES;MARIA HELENA;7db3d48a-edee-490a-8b9b-657f3f768711
;1950-06-10;171619;MARIA MARGARIDA MARTINS SALOMÃO;MARGARIDA SALOMÃO;96ab818b-73d7-4889-ab63-69e09310a2b7
;1978-05-16;178943;MARCOS BEZERRA RIBEIRO SOARES;MARCOS SOARES;670968f1-ef58-461e-a03a-a861deb65bdf
;1958-09-01;124411;MAURO PEREIRA;MAURO PEREIRA;c9860ba8-abb8-45e6-8e79-8f72e9272edb
;1966-11-22;74398;MARIA DO ROSÁRIO NUNES;MARIA DO ROSÁRIO;484ced43-9ce2-4225-9f7a-f5cd7693c6ae
;1954-04-28;74235;MARCUS ANTÔNIO VICENTE;MARCUS VICENTE;7de8a2aa-79a3-4c42-ba3e-a0d03f51923b
;1986-11-26;178956;MARIANA FONSECA RIBEIRO CARVALHO DE MORAES;MARIANA CARVALHO;bd357053-dcdd-4777-b25d-fd93f2fe1f4f
;1978-07-07;167722;MARCOS ROGÉRIO DA SILVA BRITO;MARCOS ROGÉRIO;aa9e8f4f-2cdd-448d-b20d-bd36d20c9476
;1967-03-11;178850;MARCOS SERGIO ROTTA;MARCOS ROTTA;31316b72-371b-4ea6-97e0-1d28ad8364fd
;1949-08-03;141500;MARCOS MONTES CORDEIRO;MARCOS MONTES;018d009f-480f-41c3-bcda-7aeeabfe884f
;1965-12-27;133373;MARCO AURÉLIO SPALL MAIA;MARCO MAIA;ef1de1c7-b169-4316-a05f-7b736da28f2e
;1964-09-21;160535;DIONILSO MATEUS MARCON;MARCON;c661c007-75c4-47d3-880e-b5f79a21d12b
;1946-06-30;74634;MARCOS ANTONIO MEDRADO;MARCOS MEDRADO;23b7dd5c-fc40-4619-bebf-febe952a4800
;1991-05-07;178942;MARCO ANTONIO NEVES CABRAL;MARCO ANTÔNIO CABRAL;75fd6638-b0a9-4086-89ec-fe248676f3d4
;1943-06-23;74470;MARCONDES IRAN BENEVIDES GADELHA;MARCONDES GADELHA;e088151e-471b-432f-b47e-3463e79fa4dd
;1956-11-21;178899;MARCIO CAMPOS MONTEIRO;MARCIO MONTEIRO;ec9fb26b-06b0-4e7d-ae9a-970252359430
;1970-12-12;150418;MÁRCIO CARLOS MARINHO;MÁRCIO MARINHO;170c34ab-a935-4319-a3f3-4bc746b74bd7
;1958-01-31;160536;MARCO ANTONIO TEBALDI;MARCO TEBALDI;58033ba5-9752-4747-a627-8f9f7e35cc30
;1969-06-14;178983;MARCIO LUIZ ALVINO DE SOUZA;MARCIO ALVINO;80d34a97-0000-440a-8368-271391fe215f
;1968-05-26;76287;MARCELO VIVIANI GONÇALVES;MARCELO MATOS;91346423-d686-4908-bc89-712ee31e47b5
;1980-07-10;195826;MARCELO JANDRE DELAROLI;MARCELO DELAROLI;ee9fad9e-152d-4e89-9b3d-eab0165c30a6
;1960-06-13;159238;MARCUS VINÍCIUS CAETANO PESTANA DA SILVA;MARCUS PESTANA;b05fca5c-1a39-4353-b1e1-d0bcdab1e9bc
;1960-10-06;178852;MARCOS JOSE REATEGUI SOUZA;MARCOS REATEGUI;6641ea98-f0f0-4791-abb6-6a64bbfc4a7c
;1979-05-23;179001;MARCIO DELLA VALLE BIOLCHI;MÁRCIO BIOLCHI;7aeee2ef-1887-416e-b04b-6f23cf7c46ff
;1950-06-09;74460;MARCELO COSTA E CASTRO;MARCELO CASTRO;7809e20c-b28c-4013-bda7-13266213bc6b
;1971-07-22;178932;MARCELO BELINATI MARTINS;MARCELO BELINATI;916ba8b8-6896-4501-b094-5304fd332271
;1974-02-16;179000;MARCELO HENRIQUE TEIXEIRA DIAS;MARCELO ÁLVARO ANTÔNIO;59ea183e-c5c4-4512-8edc-d74ee31617f1
;1967-09-14;118594;MARCELO SQUASSONI;MARCELO SQUASSONI;898ab897-5a4f-4b98-b905-4b66b89a4008
;1962-03-20;178826;SERGIO OLIMPIO GOMES;MAJOR OLIMPIO;fb5fca6c-77dd-430b-9518-81d9778ef7b1
;1973-09-16;160660;MARCELO THEODORO DE AGUIAR;MARCELO AGUIAR;d2fad348-cc18-4efe-b3ca-c87025d2c61d
;1948-10-26;166402;MAGDA MOFATTO HON;MAGDA MOFATTO;a3de8d28-fc10-417f-94a3-e288532acd5e
;1974-07-31;151965;JOSÉ DE ANDRADE MAIA FILHO;MAIA FILHO;24485465-1f9c-4170-97ea-64525c56c789
;1964-11-30;160633;LUIZ HENRIQUE MANDETTA;MANDETTA;d2eaf71f-8245-4a1b-98c7-393c32ad0241
;1960-05-28;178867;JOSE MARIA MACEDO JUNIOR;MACEDO;cbe0e854-0cc5-41da-b1c2-5f0366d9dfa6
;1951-08-09;198198;LUZIA MARIA FERREIRA;LUZIA FERREIRA;71a05209-b982-44e1-bbbb-df5f3f9e7750
;1968-11-18;178866;LUIZIANNE DE OLIVEIRA LINS;LUIZIANNE LINS;27d65c1f-60b7-4d09-9737-d4fde7e9e3ca
;1967-09-28;160565;MARA CRISTINA GABRILLI;MARA GABRILLI;1ba7f91e-f460-4330-ba46-61b84a6a67b3
;1934-11-30;74784;LUIZA ERUNDINA DE SOUSA;LUIZA ERUNDINA;e90ec80a-90ed-4d89-9e66-3341de786f48
;1964-02-21;141490;MANOEL ALVES DA SILVA JUNIOR;MANOEL JUNIOR;1fb9b030-43da-4e71-8cd7-c88766990032
;1960-08-21;178955;LUIZ CLAUDIO PEREIRA ALVES;LUIZ CLÁUDIO;0cebc662-55fd-47c5-b19a-52fb6d5cbf7a
;1951-06-08;178802;LUIZ CARLOS RAMOS;LUIZ CARLOS RAMOS ;55c86897-7642-411a-b987-d40a52482969
;1958-04-09;74688;LUIZ SÉRGIO NÓBREGA DE OLIVEIRA;LUIZ SÉRGIO;80ca49e7-97e1-43df-b656-802cd3946dac
;1948-11-06;141485;LUIZ CARLOS GHIORZZI BUSATO;LUIZ CARLOS BUSATO;f6c87df2-105f-4886-b5b4-7aebb4e99bd9
;1950-10-08;73778;LUIZ CARLOS JORGE HAULY;LUIZ CARLOS HAULY;828c1f19-1b0e-4a4c-a6ae-e7fae6f3fcdb
;1971-07-23;160510;LUIS HENRIQUE DE OLIVEIRA RESENDE;LUIS TIBÉ;56ced610-3a3d-4882-92e7-97463706fd49
;1969-07-23;178954;LUCIO ANTONIO MOSQUINI;LUCIO MOSQUINI;5ca40552-303b-4d52-bbdd-69fa3c289553
;1955-03-23;178931;LUCIANO DUCCI;LUCIANO DUCCI;60a9ecde-f162-435a-b97f-3c31a954efd1
;1962-11-19;94931;LÚCIO QUADROS VIEIRA LIMA;LUCIO VIEIRA LIMA;415cace3-12a5-434f-b729-eb0ecc07dd36
;1949-04-09;162332;LUIZ HILOSHI NISHIMORI;LUIZ NISHIMORI;31903233-0d33-4fd9-9c32-33a06710ef29
;1972-12-27;141484;LÚCIO DUTRA VALE;LÚCIO VALE;64eef1d1-ba59-4a58-9730-b197dc6186a9
;1945-02-13;74041;LUIZ ALBUQUERQUE COUTO;LUIZ COUTO;505b8703-cf3c-4e54-816d-16d8334d9328
;1944-11-29;74478;Luciano Caldas Bivar;LUCIANO BIVAR;f0de0283-fd9f-4a39-a966-48864531cad4
;1950-09-14;73483;LUIS CARLOS HEINZE;LUIS CARLOS HEINZE;ff983966-a102-42bb-ac2d-b3c171741236
;1955-07-22;196358;LOURIVAL GOMES DE ALMEIDA;LOURIVAL GOMES;48687c9a-de27-4884-8fae-8f6f75077ca6
;1965-12-29;160628;LUCIANA BARBOSA DE OLIVEIRA SANTOS;LUCIANA SANTOS;af51933b-e7b8-4368-a7f3-db1f14a0e320
;1957-06-18;74277;ANTONIO ADOLPHO LOBBE NETO;LOBBE NETO;c9f5587f-cf1c-46c8-a038-9ec11c182c64
;1949-11-29;160663;LEOPOLDO COSTA MEYER;LEOPOLDO MEYER;dc898628-fc22-4b90-87a2-62cc60111c4b
;1975-04-01;141482;LEONARDO LEMOS BARROS QUINTÃO;LEONARDO QUINTÃO;cc262de7-6f77-4c1b-bad1-7385d4bdf0e5
;1979-04-13;178825;LEONARDO CUNHA DE BRITO;LEO DE BRITO;f059e4fb-25c9-4f17-861a-aca8a4087a53
;1969-10-18;141483;LINDOMAR BARBOSA ALVES;LINDOMAR GARÇON;27cb99ed-e41a-4c16-a0f6-5eb3687d7fc3
;1953-11-03;74585;LINCOLN DINIZ PORTELA;LINCOLN PORTELA;08d6696b-cdb8-45f5-9c09-c79235530fdb
;1951-10-09;74156;JOSÉ LEONARDO COSTA MONTEIRO;LEONARDO MONTEIRO;49baf206-96cc-4963-b436-875033dfd8b7
;1975-12-20;178832;LEANDRE DAL PONTE;LEANDRE;d6dd3a03-239b-4c37-9b60-32ebd35ecda1
;1957-06-03;74299;JOSÉ LEÔNIDAS DE MENEZES CRISTINO;LEÔNIDAS CRISTINO;09d4048c-df71-445b-a315-c28eb1dd3386
;1962-07-16;178894;LAUDIVIO ALVARENGA CARVALHO;LAUDIVIO CARVALHO;6edf9367-077e-4e77-bea9-5f7c6df24830
;1947-02-11;141480;LÁZARO BOTELHO MARTINS;LÁZARO BOTELHO;6d8974de-b74f-42a4-a260-a2065b90ba51
;1956-09-28;160659;IOLANDA KEIKO MIASHIRO OTA;KEIKO OTA;8b7604e4-4d89-449b-aec9-04ec74e103c7
;1954-06-21;141562;WELINGTON COIMBRA;LELO COIMBRA;cbf579e9-bdca-44e6-9633-9de0c4b10cc7
;1955-10-14;74570;JUTAHY MAGALHÃES JÚNIOR;JUTAHY JUNIOR;7271d17b-fef1-4b39-ab49-db98d2a09cb7
;1954-05-01;141478;LAERTE RODRIGUES DE BESSA;LAERTE BESSA;ddf8f745-9d73-4bbb-a540-ba9c72c43c78
;1984-11-06;178886;JOSE JUSCELINO DOS SANTOS REZENDE FILHO;JUSCELINO FILHO;b12e9675-4a16-4dae-a320-2d0896288b1f
;1940-12-15;160544;JUNJI ABE;JUNJI ABE;05c5f810-df1c-4bae-8476-7a89252e06c1
;1979-11-06;74254;LEONARDO CARNEIRO MONTEIRO PICCIANI;LEONARDO PICCIANI;d09ebab4-9a44-4c56-bca1-04eb6143d582
;1959-04-15;151208;LAERCIO JOSÉ DE OLIVEIRA;LAERCIO OLIVEIRA;83c8d79e-ae68-42ce-a1ec-af2186a93bbb
;1959-04-06;74253;JULIO LUIZ BAPTISTA LOPES;JULIO LOPES;94ed6a79-7705-481a-857a-c230893dfdb0
;1960-04-11;67312;JULIA MARIA GODINHO DA CRUZ MARINHO;JÚLIA MARINHO;768e030a-17e8-4d5d-b801-114524e133fc
;1948-08-25;74317;JÚLIO CÉSAR DE CARVALHO LIMA;JÚLIO CESAR;aa587dd2-8931-4000-8827-8d0a96390ad3
;1944-05-27;74351;JOSUÉ BENGTSON;JOSUÉ BENGTSON;3ac0e321-edb1-4cb1-a10e-3b3cb4907223
;1983-11-14;178918;KAIO CESAR DE MOURA MANICOBA NOVAES FERRAZ;KAIO MANIÇOBA;dbd6c6f0-244a-4498-9467-aae7842d7b15
;1951-06-04;73666;JOVAIR DE OLIVEIRA ARANTES;JOVAIR ARANTES;7d1e5d4b-1828-484e-ab29-5f08712c2773
;1957-08-11;160607;JOSE LUIZ STÉDILE;JOSE STÉDILE;17abaab1-3d31-4a42-a426-d496764cf962
;1966-11-18;73586;JÚLIO CÉSAR DELGADO;JÚLIO DELGADO;11fc57dc-d700-4928-993a-d907720e180d
;1970-03-02;178885;ANTONIO DA CRUZ FILGUEIRA JUNIOR;JUNIOR MARRECA;0177472e-06b0-448d-84ba-494ac45efca3
;1939-03-19;73714;José Reinaldo Carneiro Tavares;JOSÉ REINALDO;d8868f4e-64d2-4815-92b2-b4e1bf8477a3
;1946-10-01;141474;JULIÃO AMIN CASTRO;JULIÃO AMIN;c2957e30-5fc5-4395-978a-dfc0787bff40
;1956-10-14;74141;JOSIAS GOMES DA SILVA;JOSIAS GOMES;5604b4ab-c2cc-4eae-8880-bbc9c07e0dd1
;1962-05-10;114941;JOSINIANE BRAGA NUNES;JOSI NUNES;cbd3e10f-befd-4980-99ba-52e41b540121
;1963-12-02;74079;JOSÉ BENITO PRIANTE JÚNIOR;JOSÉ PRIANTE;ef275957-ca06-424f-855d-331148e7826b
;1950-12-18;160619;JOSÉ NUNES SOARES;JOSÉ NUNES;3df2b21d-ca9c-475f-92d0-cfe8d0b3bf58
;1959-02-13;141470;JOSÉ NOBRE GUIMARÃES;JOSÉ GUIMARÃES;2e68f685-a86b-4632-9134-1fb18ece25f5
;1962-04-21;74395;JOSÉ OTÁVIO GERMANO;JOSÉ OTÁVIO GERMANO;ad47848b-d138-423c-a7c5-e0d9a6f8192a
;1944-12-21;74140;JOSÉ CARLOS LEÃO DE ARAÚJO;JOSÉ CARLOS ARAÚJO;87c348e4-2795-4bab-9f85-cf18a5d02c8d
;1956-07-15;160509;JORGINHO DOS SANTOS MELLO;JORGINHO MELLO;0b20910f-e5c8-40d8-8315-694a9cbd87c7
;1955-01-03;73535;JORGE TADEU MUDALEN;JORGE TADEU MUDALEN;61500541-4d02-469b-ad75-5a2c044c3342
;1948-08-18;74554;JOSÉ ALVES ROCHA;JOSÉ ROCHA;deef33ed-7326-46d4-ad50-37232d289367
;1947-01-13;131966;José Alberto Fogaça de Medeiros;JOSÉ FOGAÇA;b33d646b-2694-4969-ac9d-04e88cc7a4da
;1955-11-05;74388;JORGE CATARINO LEONARDELI BOEIRA;JORGE BOEIRA;ff3be8dc-c759-4227-b264-6072197fd76b
;1961-04-11;178857;JORGE JOSE SANTOS PEREIRA SOLLA;JORGE SOLLA;430d6fe1-8134-490d-85f4-62aa9cb2e526
;1951-05-09;160572;JORGE WICKS CÔRTE REAL;JORGE CÔRTE REAL;69a4f830-fd74-4778-a318-78c033fb9593
;1948-09-30;74275;JOSÉ MENTOR GUILHERME DE MELLO NETTO;JOSÉ MENTOR;a15e98d9-5dad-4324-a704-872a3ec3be90
;1967-03-23;160571;JOÃO RODRIGUES;JOÃO RODRIGUES;ef88b2a3-a483-4e9e-8f0a-042a3492f1da
;1958-07-28;178988;JOAO PAULO TAVARES PAPA;JOÃO PAULO PAPA;b83d841d-8b61-4430-84fa-fb62464c1913
;1977-09-30;178971;JONY MARCOS DE SOUZA ARAUJO;JONY MARCOS;d0c2f528-5304-4298-a13b-1a0df6216067
;1961-12-02;178910;JOAQUIM PASSARINHO PINTO DE SOUZA PORTO;JOAQUIM PASSARINHO;b5479454-154d-49c5-a411-2b8c27149591
;1972-12-19;178967;JOAO PAULO KARAM KLEINUBING;JOÃO PAULO KLEINÜBING;aba76689-3af6-406b-9266-138eeb70f591
;1973-11-11;112437;JOÃO MARCELO SANTOS SOUZA;JOÃO MARCELO SOUZA;b9b0b1f6-f126-4745-8f2a-1459e9de0b60
;1967-08-22;178970;JOAO SOMARIVA DANIEL;JOÃO DANIEL;5ac68b0d-d463-4151-8c9c-d474a5dbb4f5
;1972-10-08;141458;JOÃO CARLOS PAOLILO BACELAR FILHO;JOÃO CARLOS BACELAR;fa83e7ab-73d1-4129-a4cc-6937398f67d4
;1962-12-28;74366;JOÃO CAMPOS DE ARAÚJO;JOÃO CAMPOS;a8320577-9c02-4499-82cf-9674c0fead7a
;1971-11-20;194262;JONES ALEXANDRE MARTINS;JONES MARTINS;8b7d1c93-c6c5-4e6d-b2de-93a4c5d09a8e
;1976-05-22;160573;JOÃO JOSÉ DE ARRUDA JÚNIOR;JOÃO ARRUDA;586f3917-5dda-4f38-a305-07e2d40df0ec
2016-12-11;1937-10-19;74445;JOÃO CASTELO RIBEIRO GONÇALVES;JOÃO CASTELO;8dcb593a-7083-47bb-8ea7-4114ed8603ae
;1946-08-09;141503;MARIA DO SOCORRO JÔ MORAES;JÔ MORAES;87309da7-a1b7-49ea-af47-9a034d3a998b
;1987-07-22;178842;JOAO HENRIQUE HOLANDA CALDAS;JHC;b29a1633-7fcf-458b-b3b1-04e04ae2f2af
;1958-07-06;178856;JOAO GUALBERTO VASCONCELOS;JOÃO GUALBERTO;e22525c9-6ff7-4e0d-8dc0-9a05a8ad4d37
;1980-11-28;178839;JESSICA ROJAS SALES;JÉSSICA SALES;fffd7fbd-bcad-484a-b237-b7d6c22847fc
;1983-09-03;160531;JOHNATHAN PEREIRA DE JESUS;JHONATAN DE JESUS;c42ba4c3-eb25-4618-8c6e-c39f2fca8d4b
;1964-10-26;74273;JEFFERSON ALVES DE CAMPOS;JEFFERSON CAMPOS;216e1c45-0baf-4caf-9961-2e075aedd7a7
;1942-08-23;131943;Jarbas de Andrade Vasconcelos;JARBAS VASCONCELOS;86e78af8-6454-4683-a807-9cd436dd6f9d
;1955-03-21;74847;JAIR MESSIAS BOLSONARO;JAIR BOLSONARO;22390617-8e76-40de-b1e9-e8ae25038ff6
;1953-06-17;74665;JAIME MARTINS FILHO;JAIME MARTINS;e8b3467d-ab12-4846-8338-e25fd8bc2da6
;1974-03-10;160672;JEAN WYLLYS DE MATOS SANTOS;JEAN WYLLYS;434624d9-87a5-428c-880a-be1058b936cf
;1976-01-20;160570;JERÔNIMO PIZZOLOTTO GOERGEN;JERÔNIMO GOERGEN;0d3e39a0-3462-4f3b-979e-469bc2e49b95
;1946-07-05;73531;IVAN VALENTE;IVAN VALENTE;ba67cbc5-ed65-4d37-9024-bd6a45183a5b
;1961-07-26;196378;IZAQUE JOSE DA SILVA;IZAQUE SILVA;fc293d61-e1c1-4bde-8c12-15693de65c43
;1966-11-04;178855;ANTONIO LAZARO SILVA;IRMÃO LAZARO;79864b9a-c1cc-4244-8c61-a2fc28504ce2
;1956-04-07;4931;IZALCI LUCAS FERREIRA;IZALCI LUCAS;0259d6a1-5608-4c59-a585-0a3cfeb5e315
;1970-10-20;141389;ANTONIO PEDRO INDIO DA COSTA;INDIO DA COSTA;8634cd1d-5eb2-4ce1-b32e-d869ced1ef65
;1983-02-03;81232;IRAJÁ SILVESTRE FILHO;IRAJÁ ABREU;4c90f154-beb4-46fd-b262-2165850899e1
;1945-10-20;194592;ILDON MARQUES DE SOUZA;ILDON MARQUES;1a856047-8ea5-4cf1-8233-ca0313b198c8
;1966-04-23;67138;IRACEMA MARIA PORTELLA NUNES NOGUEIRA LIMA;IRACEMA PORTELLA;506bd908-b60f-4864-9d64-58110734fd45
;1978-02-06;160596;HEULER ABREU CRUVINEL;HEULER CRUVINEL;d8cb3a2a-6e4e-49bd-9102-bf7119051ec3
;1989-09-11;160674;HUGO MOTTA WANDERLEY DA NÓBREGA;HUGO MOTTA;5322b1a0-439a-42c2-a5ea-6c6f70395081
;1950-08-01;97707;HERÁCLITO DE SOUSA FORTES;HERÁCLITO FORTES;eda1c76c-08cf-4f4e-a0f9-fb53354784d4
;1962-08-06;141450;HUGO LEAL MELO DA SILVA;HUGO LEAL;3bd8d03c-be1a-47e1-988b-47828c522022
;1956-08-04;178981;HERCULANO CASTILHO PASSOS JUNIOR;HERCULANO PASSOS;f4a5921c-9f7b-4176-a94a-96996b979c9a
;1958-04-25;73772;HERMES PARCIANELLO;HERMES PARCIANELLO;2eeaf9c2-537e-4b3b-a18e-e83180c26ce8
;1960-04-22;178884;HILDO AUGUSTO DA ROCHA NETO;HILDO ROCHA;893e009e-a971-403f-86a7-ac5dcf197f9d
;1980-08-02;178849;HISSA NAGIB ABRAHAO FILHO;HISSA ABRAHÃO;70825e89-8f53-4af7-a7a9-caf435526fdc
;1962-03-25;178964;HEITOR JOSE SCHUCH;HEITOR SCHUCH;74f99559-defd-4519-8678-65114e534908
;1964-03-08;178873;HELDER IGNACIO SALOMAO;HELDER SALOMÃO;e48da2c7-36c4-430b-912b-71fa3c909cfe
;1982-10-14;160667;GUILHERME MUSSI FERREIRA;GUILHERME MUSSI;f185b176-4efb-4fa5-966f-22c116a435df
;1957-12-09;178909;HELIO LEITE DA SILVA;HÉLIO LEITE;4a14500f-eff5-45db-a05b-c4ce768b5be7
;1953-12-23;178980;ANTONIO GOULART DOS REIS;GOULART;2e12915f-6c39-49bb-8d7e-e3d2ca618e2d
;1960-01-18;73482;HENRIQUE FONTANA JÚNIOR;HENRIQUE FONTANA;a9c4ae04-0d34-4cac-955f-71662ccf509a
;1946-04-26;74419;LUIZ GONZAGA PATRIOTA;GONZAGA PATRIOTA;b5a06a77-ee25-4f9b-a99a-1be347b47553
;1969-10-28;178872;GIVALDO VIEIRA DA SILVA;GIVALDO VIEIRA;f9325c76-87ec-4f27-9a53-fe4f13a31267
;1962-04-28;194259;GUILHERME CRUZ DE SOUZA COELHO;GUILHERME COELHO;24689a93-609f-48d6-822b-59b47c171844
;1957-01-14;178878;GIUSEPPE VECCI;GIUSEPPE VECCI;b09be9bc-b9d5-4657-855d-4b0352f1b507
;1957-10-14;74558;GIVALDO DE SÁ GOUVEIA;GIVALDO CARIMBÃO;fc8be6cd-4392-4c71-ae68-157f0b77216f
;1957-04-10;178996;GIOVANI BATISTA FELTES;GIOVANI FELTES;4e884a18-1409-4e50-b0f5-a90e9e441053
;1970-12-17;74383;FERNANDO LÚCIO GIACOBO;GIACOBO;c8007469-7783-447b-8c91-afd1f2a80798
;1956-07-09;74270;GILBERTO NASCIMENTO SILVA;GILBERTO NASCIMENTO;4660cf2c-9286-4687-83bf-cff70b3a6c4c
;1952-04-10;129618;MARIA GORETE PEREIRA;GORETE PEREIRA;9027259f-e3b5-4f0b-9a08-79bfda5828e5
;1972-03-30;178966;GEOVANIA DE SA RODRIGUES;GEOVANIA DE SÁ;9c277169-9b8b-4b2a-b9b6-7843b9f9da5e
;1983-06-06;129037;GABRIEL GUIMARÃES DE ANDRADE;GABRIEL GUIMARÃES;de2725ff-e1e7-4c64-8066-86e11e9fe9f7
;1955-04-20;74374;GERALDO RESENDE PEREIRA;GERALDO RESENDE;0d211f58-61f3-4ba6-855f-71477b0c450a
;1960-06-23;160673;GIOVANI CHERINI;GIOVANI CHERINI;9ac1a3b0-78d2-439a-950c-b8ae3cef8a9e
;1971-06-11;141441;GEORGE HILTON DOS SANTOS CECÍLIO;GEORGE HILTON;693cc36c-5c9b-42c2-bfae-e76858232c57
;1963-03-13;160669;GENECIAS MATEUS NORONHA;GENECIAS NORONHA;6b0d5938-41f1-4c69-ad1e-f0642b5c728b
;1971-11-13;178978;FLAVIO AUGUSTO DA SILVA;FLAVINHO;91894fa3-82f1-432b-a3a9-4de4da2385fb
;1968-12-28;160676;FERNANDO DANTAS TORRES;FERNANDO TORRES;1a91f188-e981-448e-b733-a5f75025f061
;1949-11-17;141434;FLAVIANO FLÁVIO BAPTISTA DE MELO;FLAVIANO MELO;18c7a3d5-b539-41d9-9187-77f159e23293
;1959-09-21;160677;FRANCISCO FLORIANO DE SOUSA SILVA;FRANCISCO FLORIANO;2c875c02-f6be-4159-af40-d348c47550e3
;1976-09-17;92699;FERNANDO MONTEIRO DE ALBUQUERQUE;FERNANDO MONTEIRO;e8b3ad0f-a9f5-4d11-990f-4a8b6ff397d9
;1952-06-23;163831;FERNANDO ANTÔNIO CECILIANO JORDÃO;FERNANDO JORDÃO;9838c4d2-623c-45a9-970c-71a881c07e16
;1973-04-04;186775;FRANKLIN ROBERTO DE LIMA SOUZA;FRANKLIN;90ee0f31-5e30-416a-b524-2105e92fe1d2
;1984-02-28;141431;FERNANDO BEZERRA DE SOUZA COELHO FILHO;FERNANDO COELHO FILHO;4741ed10-4393-4967-8922-77c90bdcec88
;1969-08-18;160587;FÁBIO RICARDO TRAD;FÁBIO TRAD;6c23d519-8090-411e-8aa2-605b21cf54f5
;1973-12-07;141429;FELIPE CATALÃO MAIA;FELIPE MAIA;3f8c9516-7cae-42b7-9b1e-3b2f495b3f37
;1956-07-31;73481;FERNANDO STEPHAN MARRONI;FERNANDO MARRONI;88c627b9-416b-4274-b918-0df57e525694
;1969-04-26;160598;FLÁVIA CARREIRO ALBUQUERQUE MORAIS;FLÁVIA MORAIS;48ced01a-b618-4314-8231-acf12757148c
;1978-12-26;141430;FELIPE LEONE BORNIER DE OLIVEIRA;FELIPE BORNIER;dc1d858b-f31c-4fd2-bdc7-4edb537eee14
;1975-04-16;72442;FELIPE AUGUSTO LYRA CARRERAS;FELIPE CARRERAS;4b1e3baa-2862-4408-93be-fb932e55c0fe
;1982-09-11;178877;FABIO FERNANDES DE SOUSA;FÁBIO SOUSA;60ca1f38-b961-4c81-b00f-d76d5aed1a7e
;1963-11-29;160666;FELIX DE ALMEIDA MENDONÇA JÚNIOR;FÉLIX MENDONÇA JÚNIOR;edf32f6c-c39c-4331-8ba6-51d49a59b801
;1961-12-22;141427;FÁBIO AUGUSTO RAMALHO DOS SANTOS;FÁBIO RAMALHO;2d752cc2-d443-4768-b752-33678868fa17
;1977-04-15;171623;FABIO DE ALMEIDA REIS;FABIO REIS;f23c1d52-1aa8-4099-98f9-bb9d6465561f
;1955-02-25;178941;EZEQUIEL CORTAZ TEIXEIRA;EZEQUIEL TEIXEIRA;f84ecb6c-e92c-4882-9843-003051be682e
;1977-06-29;178905;FABIO PAULINO GARCIA;FABIO GARCIA;94d0868b-83d0-4d6b-83ad-6f0b829b5f5e
;1974-08-25;146829;FABIANO TAQUES HORTA;FABIANO HORTA;706fd0ee-b568-448e-84bd-bc42c668a39e
;1988-10-05;178953;EXPEDITO GONCALVES FERREIRA NETTO;EXPEDITO NETTO;cd17c3fd-0140-461d-b5ee-efd2affd5b5f
;1977-02-24;178969;FABIO CRUZ MITIDIERI;FÁBIO MITIDIERI;70a94318-a254-4d66-9585-f539f30f75fb
;1963-10-28;178904;EZEQUIEL ANGELO FONSECA;EZEQUIEL FONSECA;76563ffb-1923-4029-92e2-36fefbfd0663
;1977-09-01;141428;FÁBIO SALUSTINO MESQUITA DE FARIA;FÁBIO FARIA;b050ba0b-d604-4203-b521-2d01191979df
;1973-03-03;178930;EVANDRO ROGERIO ROMAN;EVANDRO ROMAN;d8891d3f-e9d9-4172-8b22-972834935e79
;1977-02-27;178883;ELIZIANE PEREIRA GAMA MELO;ELIZIANE GAMA;235f6d78-3cac-4f32-a074-8bbe87207b93
;1971-05-20;160640;EROS FERREIRA BIONDINI;EROS BIONDINI;52953156-f626-447a-bee1-4f78daa430e0
;1980-09-11;178828;EVANDRO HERRERA BERTONE GUSSI;EVANDRO GUSSI;2f76bf90-84ad-4159-a2ce-2067408c9f61
;1957-08-15;160575;ÉRIKA JUCÁ KOKAY;ERIKA KOKAY;e2d14a77-be39-4120-901d-0e8b757d6f2b
;1961-03-27;132504;ENIO JOSÉ VERRI;ENIO VERRI;2faf0164-5bb5-4015-a25d-6543e85806fb
;1965-01-29;99654;ERIVELTON LIMA SANTANA;ERIVELTON SANTANA;35f4f858-1c3c-4cd4-a010-1a31e81c2696
;1970-07-06;178854;ELMAR JOSE VIEIRA NASCIMENTO;ELMAR NASCIMENTO;6661deb9-1281-4b24-833f-11bb9895e63a
;1976-01-13;160532;ADRIANO ELI CORRÊA;ELI CORRÊA FILHO;5daa2f11-b281-4441-bb1d-3c2dcb5d4ebf
;1972-10-17;141421;EDUARDO HENRIQUE DA FONTE DE ALBUQUERQUE SILVA;EDUARDO DA FONTE;aa96eebd-e753-4585-90c4-d0b724e46eca
;1944-10-05;74075;ELCIONE THEREZINHA ZAHLUTH BARBALHO;ELCIONE BARBALHO;e8e945cc-2db7-4e30-8a09-73307aab294c
;1979-03-18;141422;EFRAIM DE ARAÚJO MORAIS FILHO;EFRAIM FILHO;6c56046c-8be2-4b6b-95eb-9ec825ef558c
;1958-09-29;74173;EDUARDO COSENTINO DA CUNHA;EDUARDO CUNHA;c6ce70f7-7478-4fe5-b287-d24d98fba485
;1963-09-19;178977;EDUARDO PEDROSA CURY;EDUARDO CURY;cbd6d9e3-8e13-4d83-92bf-83160bbe4b83
;1950-03-06;73793;EDSON BEZ DE OLIVEIRA;EDINHO BEZ;0b216403-8aaf-4957-8c99-127003b9a9ea
;1952-01-04;141417;ÉDIO VIEIRA LOPES;EDIO LOPES;dbef1c04-8972-4b34-a5b9-c47d9f68f56d
;1963-12-15;178994;DULCE FERREIRA PAGANI MIRANDA;DULCE MIRANDA;a34661ca-182a-4bc2-9342-e145b58789ee
;1949-07-30;73447;EDSON EDINHO COELHO ARAÚJO;EDINHO ARAÚJO;6d8fb083-db6f-4d94-8820-ab7924396630
;1964-05-16;141385;ANTONIO DUARTE NOGUEIRA JÚNIOR;DUARTE NOGUEIRA;fbd253f5-d926-4af8-ad55-125ca1d1ba31
;1959-09-26;160578;EDMAR DE SOUZA ARRUDA;EDMAR ARRUDA;eb090a25-6a31-48ba-b8ea-5220c919c4ce
;1982-01-24;181316;ELIZEU DIONIZIO SOUZA DA SILVA;ELIZEU DIONIZIO;8a742c5a-a714-4684-9d48-fcedd24b9f03
;1952-06-03;160643;JORGE SILVA;DR. JORGE SILVA;5c5b3dfb-f0a7-482b-b0a0-86863c98bdd7
;1951-02-23;178830;SINVAL MALHEIROS PINTO JÚNIOR;DR. SINVAL MALHEIROS;ae83be0e-d75c-4a5d-87b0-3830b6643664
;1984-10-10;178929;DIEGO ALEXSANDER GONCALO PAULA GARCIA;DIEGO GARCIA;c4befed6-2e1d-4bd7-9356-9c011f971a98
;1950-08-05;178940;JOAO FERREIRA NETO;DR. JOÃO;32044dd4-a5ad-4841-8bd8-beb13d9a60c5
;1957-03-25;160758;DOMINGOS SÁVIO CAMPOS RESENDE;DOMINGOS SÁVIO;a643c0d9-e2bb-4b8c-b601-2654298e26bf
;1977-08-08;160588;DIEGO LEONARDO DE ANDRADE CARVALHO;DIEGO ANDRADE;29ef5845-b89a-4ca7-b54d-bc02bd3e363e
;1973-05-23;160599;DIMAS FABIANO TOLEDO JÚNIOR;DIMAS FABIANO;9d717d97-50eb-4d60-8822-afc707217b38
;1988-04-29;143632;DOMINGOS GOMES DE AGUIAR NETO;DOMINGOS NETO;13dffb43-6f8d-4239-82d7-38f69c147851
;1962-11-28;164359;WALDIR SOARES DE OLIVEIRA;DELEGADO WALDIR;ac3c1968-0b32-496d-b03d-0d6d5d2a8b84
;1960-10-01;141413;DÉCIO NERY DE LIMA;DÉCIO LIMA;ce85b56a-9722-4b14-8393-5d5bb40bc4dd
;1960-12-14;178908;EDER MAURO CARDOSO BARRA;DELEGADO ÉDER MAURO;491a964d-a944-4656-ae75-a294f714c026
;1959-08-28;74172;WANDERLEY ALVES DE OLIVEIRA;DELEY;90885038-66ec-4ba7-8b80-d5f414fd1307
;1970-03-26;160646;FERNANDO DESTITO FRANCISCHINI;DELEGADO FRANCISCHINI;2e226de9-b80f-4104-9bc4-160ca3721ab2
;1974-06-18;196357;DEJORGE PATRICIO DA SILVA;DEJORGE PATRÍCIO;f44dbc68-46e8-466b-93dc-0eb5b4d2a7f9
;1960-11-07;101309;DAVIDSON DE MAGALHÃES SANTOS;DAVIDSON MAGALHÃES;2f501697-a2c1-4ea3-a318-58f18fd98d47
;1959-04-16;178893;EDSON MOREIRA DA SILVA;DELEGADO EDSON MOREIRA;09b672a8-be3a-4828-abeb-b8bd682ea3c3
;1962-12-09;185500;DEOCLIDES ANTONIO SANTOS NETO MACEDO;DEOCLIDES MACEDO;0c92b854-41ff-4d55-939c-518298453448
;1955-01-21;74060;DANIEL GOMES DE ALMEIDA;DANIEL ALMEIDA;22f2ad04-c5a4-4f2d-a8fa-d52344db1ac7
;1976-11-22;141412;DAVI ALVES SILVA JÚNIOR;DAVI ALVES SILVA JÚNIOR;4dcc5a3d-2493-4198-9a31-7cfc32fd2388
;1947-04-02;73891;DARCÍSIO PAULO PERONDI;DARCÍSIO PERONDI;cf160719-9c00-4827-9161-d6acc6c45ea4
;1955-07-21;141411;DAGOBERTO NOGUEIRA FILHO;DAGOBERTO NOGUEIRA;9fb63854-5755-4446-823c-d09644debdc5
;1952-04-28;74467;DAMIÃO FELICIANO DA SILVA;DAMIÃO FELICIANO;532176c6-ae13-4b60-ae57-7074fd82984f
;1952-12-02;178892;DAMINA DE CARVALHO PEREIRA;DÂMINA PEREIRA;061b939a-63fd-4174-9f63-60a062afb15a
;1966-01-01;178848;MARIA DA CONCEICAO SAMPAIO MOURA;CONCEIÇÃO SAMPAIO;d563a712-4b1f-41d2-8c67-3eb06055b247
;1973-12-21;93472;CRISTIANE BRASIL FRANCISCO;CRISTIANE BRASIL;a65562c9-24fe-4d3b-adc0-754db6fc8b05
;1963-12-01;74537;CLÁUDIO CAJADO SAMPAIO;CLAUDIO CAJADO;1dcaedca-d8b1-4e86-a430-901a9c505cd4
;1987-07-25;178963;LUIS ANTONIO FRANCISCATTO COVATTI;COVATTI FILHO;adf5a62f-917c-48f8-87cd-135c2a5dc40b
;1972-05-10;141408;CLEBER VERDE CORDEIRO MENDES;CLEBER VERDE;ec192e8c-5ba5-45c1-be66-7081079ad815
;1939-08-13;141440;FRANCISCO LOPES DA SILVA;CHICO LOPES;d118837d-12bb-4b37-a264-e4facc1a4f58
;1982-07-02;178939;CLARISSA BARROS ASSED MATHEUS DE OLIVEIRA;CLARISSA GAROTINHO;a37694df-ab76-46fd-bdc5-8b8625cb2525
;1953-02-11;141439;FRANCISCO JOSÉ D'ANGELO PINTO;CHICO D'ANGELO;8c1d008f-1cf7-497a-9369-fe01cc80a8ba
;1957-11-08;73720;César Antonio de Souza;CESAR SOUZA;19eaff28-3ded-4e14-a944-af29bfe76b3a
;1960-02-23;178928;CHRISTIANE DE SOUZA YARED;CHRISTIANE DE SOUZA YARED;64418218-4c81-4a5b-a2f2-d871695b118a
;1958-07-05;178838;CARLOS CESAR CORREIA DE MESSIAS;CÉSAR MESSIAS;e126580c-d055-4d70-b9c9-0c0a5c1e4731
;1949-10-19;74171;FRANCISCO RODRIGUES DE ALENCAR FILHO;CHICO ALENCAR;957eeb8d-3576-4cfb-9ac6-13b1a1bf50ce
;1954-03-10;160576;CESAR HANNA HALUM;CÉSAR HALUM;470ad20c-360c-4cdf-91e4-8818873c5299
;1956-08-20;73441;CELSO UBIRAJARA RUSSOMANNO;CELSO RUSSOMANNO;c37e9887-d01e-4160-bb6d-6219d6364f41
;1963-10-10;72912;CELSO PANSERA;CELSO PANSERA;c2fa1de0-3de1-4a78-bfb4-e9892a7bfd82
;1973-04-18;160552;DANRLEI DE DEUS HINTERHOLZ;DANRLEI DE DEUS HINTERHOLZ;87f9454d-a219-4adc-887d-259bb99bd30b
;1953-08-30;141405;CELSO MALDANER;CELSO MALDANER;ab8c3b74-4d53-4026-95a1-e26b2b052370
;1962-10-06;164360;CARMEN EMÍLIA BONFÁ ZANOTTO;CARMEN ZANOTTO;933133f2-2590-4396-a332-158f0a7fd841
;1959-09-19;178876;CELIO ANTONIO DA SILVEIRA;CÉLIO SILVEIRA;bcb371e8-0fc6-46cd-8b68-c5d034272463
;1957-01-19;73568;CELSO ALENCAR RAMOS JACOB;CELSO JACOB;fb0e038c-ccc4-48e0-bcbb-1e1cf8626435
;1972-06-13;178962;ANTONIO CARLOS GOMES DA SILVA;CARLOS GOMES;3b2fc188-dcd8-4c6d-8087-81b7957ecf69
;1940-04-23;74474;CARLOS EDUARDO CINTRA DA COSTA PEREIRA;CARLOS EDUARDO CADOCA;5865051e-5f41-489f-936d-392ffaef3b7c
;1964-09-26;178958;CARLOS AUGUSTO ANDRADE SILVA;CARLOS ANDRADE;810e2551-42d3-4b83-bf66-90a83b4d49ad
;1972-12-31;178924;FABIO ABREU COSTA;CAPITÃO FÁBIO ABREU;badbf483-2dd5-43e5-b046-4f5a2a3779b4
;1966-10-04;178829;JOSE AUGUSTO ROSA;CAPITÃO AUGUSTO;be6ba8f2-2ee4-4ba1-be69-b95aea615561
;1959-06-08;141398;CARLOS ALBERTO ROLIM ZARATTINI;CARLOS ZARATTINI;7f41dea1-3c10-4ce6-b6d1-0ec6b28e9de0
;1936-07-10;194258;CLEUZA PEREIRA DO NASCIMENTO;CREUZA PEREIRA;f8fd57e7-1938-4cc7-b1b6-027ce3157bf2
;1986-08-21;178891;CAIO NARCIO RODRIGUES DA SILVEIRA;CAIO NARCIO;e3cfe928-06f4-4c8b-a46a-bc248baf9237
;1954-09-23;178853;LUIZ CARLOS CAETANO;CAETANO;899ec03c-b0aa-4693-b0d6-f9563c4fb7d3
;1965-11-16;194261;CAJAR ONESIMO RIBEIRO NARDES;CAJAR NARDES;7137a096-45f6-4c0a-89c0-df1111192c8c
;1989-08-21;178999;BRUNIELE FERREIRA GOMES;BRUNNY;4904cfcc-3201-4641-bdc6-5e6693c7b001
;1983-04-28;160589;BRUNA DIAS FURLAN;BRUNA FURLAN;41ec398d-d5cc-4d2a-974b-23ea75f4b666
;1930-05-14;74650;BONIFÁCIO JOSÉ TAMM DE ANDRADA;BONIFÁCIO DE ANDRADA;651a6cf6-626e-4469-9af6-374c86a6efdd
;1982-02-01;178948;CARLOS ALBERTO DE SOUSA ROSADO SEGUNDO;BETO ROSADO;ed0ba42c-c88a-44cc-8d72-11deca3cc87e
;1962-02-05;160538;ELVINO JOSÉ BOHN GASS;BOHN GASS;c9dd22f4-a949-4dc6-a0c3-ea6bdf58584d
;1974-02-12;178906;ROBERTO SALAME FILHO;BETO SALAME;bbf9b3c5-0ae3-4ded-a7c8-37eb556c34f3
;1963-06-08;141513;OLAVO BILAC PINTO NETO;BILAC PINTO;58f54abb-4d96-4584-a106-315194f07d33
;1972-03-15;141394;BRUNO CAVALCANTI DE ARAÚJO;BRUNO ARAÚJO;f37f28b2-5516-44a2-a66c-8a9e85f0af7d
;1975-04-27;178915;HEBERTE LAMARCK GOMES DA SILVA;BETINHO GOMES;a1ea6431-b96f-41a4-b703-6714fd46f750
;1948-08-29;74535;BENITO DA GAMA SANTOS;BENITO GAMA;9cad7a0c-14e0-402a-9a5e-255bedb9f9da
;1942-04-26;73701;BENEDITA SOUZA DA SILVA SAMPAIO;BENEDITA DA SILVA;9f043e06-b534-4348-bb54-924da092c732
;1971-11-30;74040;BENJAMIN GOMES MARANHÃO NETO;BENJAMIN MARANHÃO;b715d17d-c3a3-4ac0-b57e-435aae8e6ce3
;1951-07-07;73437;PAULO ROBERTO GOMES MANSUR;BETO MANSUR;a6c6411c-f4ae-4041-bf9c-53563d66a24e
;1962-06-09;178834;ADALBERTO SOUZA GALVÃO;BEBETO;2c55c020-8a83-4034-91ba-2373f300d91b
;1972-06-09;178975;LUIZ FELIPE BALEIA TENUTO ROSSI;BALEIA ROSSI;0484739c-4501-4bfd-b135-2068e6e13b45
;1957-07-09;69871;JOAO CARLOS BACELAR BATISTA;BACELAR;51ff6020-11f3-46ba-b752-48ac34de85c1
;1979-02-17;160512;AUREO LIDIO MOREIRA RIBEIRO;AUREO;8863bcff-bb80-4703-97a9-26bd3a49f2e9
;1941-11-04;141401;CARLOS GOMES BEZERRA;CARLOS BEZERRA;58c215be-9043-4664-9729-88c15aeae274
;1962-10-22;160665;AUGUSTO RODRIGUES COUTINHO DE MELO;AUGUSTO COUTINHO ;12fc091a-6836-4708-a8f3-2b4262da1b00
;1953-07-27;73655;AUGUSTO SILVEIRA DE CARVALHO;AUGUSTO CARVALHO;9ed926fe-7d7f-443c-ac39-a0b820ae4cf8
;1950-09-28;74052;JOÃO BOSCO DA COSTA;BOSCO COSTA;9a3109a4-720a-4eb6-af7b-0b9e7b8bc4d1
;1974-06-24;193165;ATILA ALEXANDRE NUNES PEREIRA;ÁTILA A. NUNES;fb3a1677-ec5b-470f-b9af-3f989c5d63b2
;1979-10-01;178847;ARTHUR VIRGILIO DO CARMO RIBEIRO BISNETO;ARTHUR VIRGÍLIO BISNETO;b6f9f7cc-0830-43e6-b221-bb93f49301bb
;1962-09-14;160581;ASSIS FLÁVIO DA SILVA MELO;ASSIS MELO;eabc1659-3af6-48f2-992a-c8170c2ed216
;1947-04-07;74459;ÁTILA FREITAS LIRA;ÁTILA LIRA;779321a2-c1bf-45f6-b924-44579cf31534
;1950-11-22;74090;ÁTILA SIDNEY LINS ALBUQUERQUE;ÁTILA LINS;c120c6c5-f9f6-453c-8b32-0b41a3944545
;1964-08-17;160600;ARTHUR DE OLIVEIRA MAIA DA SILVA;ARTHUR OLIVEIRA MAIA;516d6725-6f21-4b50-9cfe-d0f96068bf24
;1961-09-09;159237;FRANCISCO DE ASSIS CARVALHO GONÇALVES;ASSIS CARVALHO;fba73252-efa6-42ea-8deb-8814e4ca045e
;1937-03-11;74833;AROLDE DE OLIVEIRA;AROLDE DE OLIVEIRA;79d19612-2eb2-4c4f-b889-de31d901cc49
;1958-11-30;160602;ARNALDO JORDY FIGUEIREDO;ARNALDO JORDY;de06436e-b542-4e0c-ae46-b330a989326c
;1955-05-08;141391;ARNALDO CALIL PEREIRA JARDIM;ARNALDO JARDIM;882eccc7-1b37-4b79-a865-c66fc77eae5e
;1949-12-24;73433;ARLINDO CHIGNALIA JUNIOR;ARLINDO CHINAGLIA;3ad51ec7-67bc-4936-9fce-ff1f7e4bee82
;1938-10-11;74103;FRANCISCO ARIOSTO HOLANDA;ARIOSTO HOLANDA;68055b96-ea10-46cd-847a-dae113abd13e
;1948-03-12;160530;ANTONIO JOSÉ IMBASSAHY DA SILVA;ANTONIO IMBASSAHY;60163117-c00b-4dc0-8b71-ef05fee193c1
;1962-05-26;178950;ANTONIO JACOME DE LIMA JUNIOR;ANTÔNIO JÁCOME;d8c48799-a140-4ade-8e34-41d786404d3c
;1945-12-30;73434;ARNALDO FARIA DE SÁ;ARNALDO FARIA DE SÁ;a5b421ff-5a68-4e15-ad0b-3bc7f467119d
;1963-12-24;178974;ANDRES NAVARRO SANCHEZ;ANDRES SANCHEZ;a1541a32-5a58-4727-b09a-fceec641c088
;1989-08-27;178882;ANDRE LUIZ CARVALHO RIBEIRO;ANDRÉ FUFUCA;c847237c-fde9-4a7b-8457-a7c318948313
;1946-06-13;73584;ANTONIO CARLOS DE MENDES THAME;ANTONIO CARLOS MENDES THAME;fccb2032-ac27-4cb1-8baf-dfd5ac60cf86
;1969-06-25;160541;ARTHUR CÉSAR PEREIRA DE LIRA;ARTHUR LIRA;e70d3ae0-6450-4586-9585-1a8a22276377
;1972-02-23;160543;ANDRÉ LUIS DANTAS FERREIRA;ANDRE MOURA;12b60beb-6603-41a2-89cb-a40110286b4c
;1966-11-10;133439;ANDRÉ PEIXOTO FIGUEIREDO LIMA;ANDRÉ FIGUEIREDO;aeb6708c-3cdb-43a8-8338-c43d338df900
;1972-12-10;160551;ANDERSON FERREIRA RODRIGUES;ANDERSON FERREIRA;fd69ca2e-540c-4dc0-9449-fb2aaa417f0a
;1970-11-10;178831;ANDRE DOS SANTOS ABDON;ANDRÉ ABDON;54cfb1df-2ff1-495a-99ca-79386e63440a
;1961-07-22;74471;ANDRÉ CARLOS ALVES DE PAULA FILHO;ANDRÉ DE PAULA;bac4e022-cd17-4488-8042-87657f878e69
;1968-09-13;178937;ALTINEU CÔRTES FREITAS COUTINHO;ALTINEU CÔRTES;bd71ff1e-6f70-4c2b-85b1-d7ac102e7100
;1951-08-13;74291;JOSÉ ARNON CRUZ BEZERRA DE MENEZES;ARNON BEZERRA;686ab621-1839-4a6e-a69a-51978086c49f
;1990-07-26;195143;ANDRÉ AUGUSTO CASTRO DO AMARAL FILHO;ANDRÉ AMARAL;f0faefe8-613a-457e-9f7a-80ee47f7fc05
;1952-05-05;178846;ALFREDO PEREIRA DO NASCIMENTO;ALFREDO NASCIMENTO;79af7558-25d0-49ef-94b2-650a59bfc218
;1989-02-26;178927;ALIEL MACHADO BARK;ALIEL MACHADO;40ad512f-7442-45cc-9121-0da7fd3f33cb
;1959-05-16;74057;ALICE MAZZUCO PORTUGAL;ALICE PORTUGAL;1370bac3-4776-454f-a8ba-c9c205badcc9
;1975-11-29;178833;ALEXANDRE AUGUSTUS SERFIOTIS;ALEXANDRE SERFIOTIS;2e0a6d49-4d9e-4637-a924-10b7bdf388c6
;1989-04-18;160545;ALEXANDRE LEITE DA SILVA;ALEXANDRE LEITE;7feddbf1-cd2b-427f-9092-661ded7b7b18
;1955-11-07;141454;JACOB ALFREDO STOFFELS KAEFER;ALFREDO KAEFER;238a2445-ec97-4f40-9e14-e8c7196528ca
;1979-08-22;178972;ALEX SPINELLI MANENTE;ALEX MANENTE;6ef8349d-bbc8-4ebf-bf86-782ad5112b41
;1964-06-11;73458;ALEX CANZIANI SILVEIRA;ALEX CANZIANI;5ac757ec-9bfb-4fab-9636-a988b2131ddd
;1980-07-21;178875;ALEXANDRE BALDY DE SANT'ANNA BRAGA;ALEXANDRE BALDY;f1e3510c-95b2-41d3-8740-e4cf60441dbb
;1954-06-04;160559;ALCEU MOREIRA DA SILVA;ALCEU MOREIRA;770e19d6-ed26-42fa-905a-d7add3e2b100
;1963-08-22;178973;ANA LUCIA LIPPAUS PERUGINI;ANA PERUGINI;5754846c-ffa6-4c5e-b6d9-2fa72c032b04
;1973-04-07;178936;ALEXANDRE VALLE CARDOSO;ALEXANDRE VALLE;90a1634d-3c2c-429f-a2dc-bfbffc6cd265
;1971-10-28;160511;ALESSANDRO LUCCIOLA MOLON;ALESSANDRO MOLON;10f03ca6-7c37-492f-8b8d-2df753ddc9bf
;1956-06-02;73579;JOÃO ALBERTO FRAGA SILVA;ALBERTO FRAGA;8bd0c743-0854-4a10-9a97-7cf0586eda91
