slnp:resource_uri;cam:dataFalecimento;cam:dataNascimento;cam:ideCadastro;cam:nomeCivil;cam:nomeParlamentarAtual;sen:CodigoParlamentar;sen:NomeCompletoParlamentar;sen:NomeParlamentar
64965d06-916a-4ef9-a8c7-886055dc979e;;1976-10-23;178836.0;ALAN RICK MIRANDA;ALAN RICK;;;
908bcac7-6fc7-4957-9ae9-00a46ad10a37;;1969-02-13;160527.0;AGUINALDO VELLOSO BORGES RIBEIRO;AGUINALDO RIBEIRO;;;
5ff9cfe9-2fee-47b6-b7ac-a1cb282236be;;1987-02-10;160582.0;JOSÉ ALBERTO OLIVEIRA VELOSO FILHO;ALBERTO FILHO;;;
e4e93a22-8177-400a-8231-2e8ae9d06a12;;1960-10-15;160508.0;AFONSO BANDEIRA FLORENCE;AFONSO FLORENCE;;;
0a39e693-7990-4118-8637-278d778df124;;1956-02-05;178903.0;ADILTON DOMINGOS SACHETTI;ADILTON SACHETTI;;;
abf442cf-ef29-40f6-8929-9a4066570ed2;;1962-04-25;136811.0;JOSÉ ALFONSO EBERT HAMM;AFONSO HAMM;;;
92f42906-8bf7-4ede-9623-d436a052aa3a;;1950-01-08;178835.0;AFONSO ANTUNES DA MOTTA;AFONSO MOTTA;;;
8b012d6f-1eef-426e-b2af-921d2cb147f1;;1961-12-15;141372.0;AELTON JOSÉ DE FREITAS;AELTON FREITAS;;;
0cad898e-314c-42ee-9bbb-5ce1578ba9dd;;1969-07-18;196359.0;ADERMIS MARINI JUNIOR;ADÉRMIS MARINI;;;
8d0f8273-6da1-42f9-8125-8fb4ab094096;;1958-02-10;178914.0;ADALBERTO CAVALCANTI RODRIGUES;ADALBERTO CAVALCANTI;;;
fd86d643-1fd8-426e-a8df-cd68d2ec79b9;;1964-09-22;178968.0;ADELSON BARRETO DOS SANTOS;ADELSON BARRETO;;;
55df2c80-2de5-4739-b227-bcd41d1ee1f1;;1963-07-11;178864.0;JOSE ADAIL CARNEIRO SILVA;ADAIL CARNEIRO;;;
cc98fbfb-234a-4cac-98f7-2b45bdfdd530;;1949-05-25;178890.0;ADELMO CARNEIRO LEAO;ADELMO CARNEIRO LEÃO;;;
afecd733-1fa9-4a4b-b639-5302baec6ad9;;1949-08-22;74213.0;ANTONIO BALHMANN CARDOSO NUNES FILHO;ANTONIO BALHMANN;;;
2dd6db55-28c2-4607-8784-d8f45f9e2177;;1969-01-17;160553.0;ANTONIO LUIZ PARANHOS RIBEIRO LEITE DE BRITO;ANTONIO BRITO;;;
a287ed45-5fa2-459d-a807-00032c1e5c83;;1964-05-30;133374.0;ADEMIR CAMILO PRATES RODRIGUES;ADEMIR CAMILO;;;
9fa16f07-1fa8-432c-a3e4-6ac61dd14055;;1955-02-19;178837.0;RAIMUNDO ANGELIM VASCONCELOS;ANGELIM;;;
c5830278-3b13-43b0-8dbd-6b22d04918d2;;1953-06-07;74212.0;ANÍBAL FERREIRA GOMES;ANÍBAL GOMES;;;
12f10ca3-2568-4cbc-ba6a-56a5c799eb2f;;1962-03-29;178957.0;ABEL SALVADOR MESQUITA JUNIOR;ABEL MESQUITA JR.;;;
01aab937-df9a-4fb6-b751-789b10f77a10;;1968-05-05;141383.0;ANTONIO CARLOS MARTINS DE BULHÕES;ANTONIO BULHÕES;;;
05aae140-c7f5-4c84-aa55-fac7d5d6911e;;1969-08-28;192120.0;ANGELA ALBINO;ANGELA ALBINO;;;
461af638-907e-4e3d-a786-6208567bae6c;;1971-02-16;178865.0;FLAVIO ALVES SABINO;CABO SABINO;;;
eff1391c-b46a-4f2e-bfce-65f9eddd3b35;;1961-11-11;178881.0;ALUISIO GUIMARAES MENDES FILHO;ALUISIO MENDES;;;
f5735090-acbc-4d7b-b4bc-bdcd1c15c92a;;1969-06-20;141335.0;JOSÉ ROBERTO OLIVEIRA FARO;BETO FARO;;;
9aba8810-4581-4f77-ac52-73f353b125ad;;1961-10-17;74378.0;ASSIS MIGUEL DO COUTO;ASSIS DO COUTO;;;
d327aa35-6715-4841-a8df-e7288a767a03;;1976-03-30;178938.0;BENEVENUTO DACIOLO FONSECA DOS SANTOS;CABO DACIOLO;;;
a3173bb6-fb1e-4ed7-9182-d0f657ff29b7;;1979-11-03;93083.0;CARLOS FELIPE VAZQUEZ DE SOUZA LEÃO;CACÁ LEÃO;;;
8a31f6cd-fc1d-40c4-8fd4-5b03a5e548c6;;1964-03-06;105112.0;LUIZ GIONILSON PINHEIRO BORGES;CABUÇU BORGES;;;
098797ec-2a48-41f8-898c-8b33452ea70c;;1980-04-07;178976.0;BRUNO COVAS LOPES;BRUNO COVAS;;;
69ccdfae-6832-45fe-a9b2-58b0d170fbc8;;1952-08-17;73934.0;CARLOS ALBERTO CAVALCANTE DE SOUZA;CARLOS SOUZA;;;
d8366b31-40f2-4558-bce3-4c24c8897c1b;;1947-03-11;74651.0;CARLOS DO CARMO ANDRADE MELLES;CARLOS MELLES;;;
59c7bbf5-1b53-471c-8448-8e4f280f52ef;;1960-11-21;178900.0;CARLOS EDUARDO XAVIER MARUN;CARLOS MARUN;;;
2ea5d284-fb53-4cc1-8891-aa7843c77504;;1957-08-07;74163.0;CARLOS HUMBERTO MANNATO;CARLOS MANATO;;;
6b2cea53-544d-4dbc-84e2-413132f121e6;;1961-04-21;178993.0;CARLOS HENRIQUE AMORIM;CARLOS HENRIQUE GAGUIM;;;
08f29f51-d0dc-46ac-b318-378e0f7be3d8;;1958-09-01;62881.0;FRANCISCO DANILO BASTOS FORTE;DANILO FORTE;;;
1cc9126a-dd9b-4be8-8e09-0b4c46743473;;1967-04-21;160528.0;DANILO JORGE DE BARROS CABRAL;DANILO CABRAL;;;
0bcb1eba-2805-43e2-8565-959c8b31c187;;1983-10-23;144523.0;DANIEL ELIAS CARVALHO VILELA;DANIEL VILELA;;;
95fce76e-e824-4977-8386-bffc05763371;;1984-07-10;92346.0;EDUARDO NANTES BOLSONARO;EDUARDO BOLSONARO;;;
12742186-5bc8-4bd9-932c-fe247f8c6f3c;;1958-01-08;178841.0;JOSÉ CÍCERO SOARES DE ALMEIDA;CÍCERO ALMEIDA;;;
15d73351-e972-4a4b-8bae-80ac730513b5;;1963-03-31;74262.0;CARLOS HENRIQUE FOCESI SAMPAIO;CARLOS SAMPAIO;;;
0328f737-88fc-4325-9e2a-300cec9b9cae;;1958-08-25;74655.0;EDUARDO LUIZ BARROS BARBOSA;EDUARDO BARBOSA;;;
31fbec5e-1e00-496c-a0f6-5d1e56c34cc5;;1957-05-26;134812.0;EDMILSON BRITO RODRIGUES;EDMILSON RODRIGUES;;;
15a7dab6-461f-4543-929c-93d2e6ed0069;;1948-01-26;73768.0;DILCEU JOÃO SPERAFICO;DILCEU SPERAFICO;;;
fda9e9b6-791b-4063-92dd-942f1bd28e88;;1972-04-02;178871.0;EVAIR VIEIRA DE MELO;EVAIR VIEIRA DE MELO;;;
e4658aff-e9cd-49a5-a2c5-7c557baa744c;;1978-11-04;178916.0;DANIEL PIRES COELHO;DANIEL COELHO;;;
7dd105df-c756-44c3-9a42-7655937beeda;;1968-04-14;178979.0;ANTONIO FLORIANO PEREIRA PESARO;FLORIANO PESARO;;;
ecbfdca4-942a-4477-80f1-5f6935e14eea;;1953-02-27;191923.0;FLÁVIO RODRIGUES NOGUEIRA;FLAVIO NOGUEIRA;;;
f100aed0-b8f8-42e1-89a2-351d7fbcb69b;;1982-06-26;152605.0;GLAUBER DE MEDEIROS BRAGA;GLAUBER BRAGA;;;
84a09e64-bf05-49c3-b91c-ddfec4fee2e7;;1947-12-21;160649.0;ESPERIDIÃO AMIN HELOU FILHO;ESPERIDIÃO AMIN;;;
99b1944f-c6cd-4128-a4d3-15c7fb9aac78;;1975-07-01;190149.0;FABRICIO JOSÉ SATIRO DE OLIVEIRA;FABRICIO OLIVEIRA;;;
2497fcf9-d994-4c8e-b48e-a4be711b78fc;;1957-06-19;178959.0;HIRAN MANUEL GONCALVES DA SILVA;HIRAN GONÇALVES;;;
aca6b811-13f6-44ea-9a5a-c5282d37a2aa;;1949-05-12;73926.0;JANETE MARIA GÓES CAPIBERIBE;JANETE CAPIBERIBE;;;
5b3fe908-a9fa-47cb-84cb-a03dc49d26a2;;1979-08-22;178917.0;JOAO FERNANDO PONTUAL COUTINHO;JOÃO FERNANDO COUTINHO;;;
9b2c766a-ba57-44ad-8cd6-19468fa82aeb;;1977-06-01;66828.0;FAUSTO RUY PINATO;FAUSTO PINATO;;;
055e54d4-9a34-4cdf-ae4e-c9b6a933a2bf;;1956-08-24;178907.0;FRANCISCO ALVES DE AGUIAR;FRANCISCO CHAPADINHA;;;
b004a190-744c-47e6-af4f-ddffd36adc96;;1957-02-21;141464.0;JOSÉ AIRTON FÉLIX CIRILO DA SILVA;JOSÉ AIRTON CIRILO;;;
99a43ef5-ded5-48bf-9792-dd1d74c5cd9c;;1957-05-17;74848.0;JANDIRA FEGHALI;JANDIRA FEGHALI;;;
9a5e3486-1552-476d-a619-fa898782adc3;;1979-03-26;178851.0;JOZIANE ARAÚJO NASCIMENTO;JOZI ARAÚJO;;;
890ee311-1045-41ee-af3c-d267db92e573;;1947-12-09;74553.0;JOSÉ CARLOS ALELUIA COSTA;JOSÉ CARLOS ALELUIA;;;
e2f3d761-a44a-4bae-bdcb-ddc5b865c410;;1981-06-02;178965.0;JOAO DERLY DE OLIVEIRA NUNES JUNIOR;JOÃO DERLY;;;
b22efa3d-d381-4c89-a6e3-bf92f057be3b;;1963-05-01;74856.0;MARIA LAURA MONTEZA DE SOUZA CARNEIRO;LAURA CARNEIRO;;;
81be1c11-327d-4965-baff-2ec0316df925;;1978-06-10;178982.0;LUIZ LAURO FERREIRA FILHO;LUIZ LAURO FILHO;;;
f3872356-c9a4-43e7-a342-1281395d1f04;;1957-09-12;141487.0;LUIZ FERNANDO RAMOS FARIA;LUIZ FERNANDO FARIA;;;
52b845a2-74d8-4732-b21e-0e844e51b709;;1969-10-14;81366.0;LUANA MARIA DA SILVA COSTA;LUANA COSTA;;;
118687ac-a58d-4f53-bc3e-aea766ff9049;;1971-02-15;178880.0;MARCOS ABRAO RORIZ SOARES DE CARVALHO;MARCOS ABRÃO;;;
52b945a0-5db5-44a4-b13c-61b64dd99165;;1960-11-23;74177.0;MARINHA CÉLIA ROCHA RAUPP DE MATOS;MARINHA RAUPP;;;
3458f5a3-cf98-42f4-b46a-64bae2b3e39c;;1961-06-11;74787.0;MILTON ANTONIO CASQUEL MONTI;MILTON MONTI;;;
96277a2a-f12c-49ee-a52a-2119d7f1fa4f;;1987-06-12;146788.0;MARCELO GUILHERME DE ARO FERREIRA;MARCELO ARO;;;
32b7704b-7ccb-42a4-9864-0d10fad81f98;;1964-01-29;178985.0;MIGUEL LOMBARDI;MIGUEL LOMBARDI;;;
f1c42f04-a2fd-4602-a9fb-3bf2ec66dd05;;1954-09-30;74158.0;MÁRIO LÚCIO HERINGER;MÁRIO HERINGER;;;
a1aca44b-e25f-4ffa-ba8c-a2280445731d;;1979-11-11;178896.0;NEWTON CARDOSO JUNIOR;NEWTON CARDOSO JR;;;
8f7f8f69-5235-4e9d-a884-ce61d75fd613;;1961-07-29;141515.0;OTAVIO SANTOS SILVA LEITE;OTAVIO LEITE;;;
0685388c-49fd-42f8-a945-080138e67328;;1931-09-03;132056.0;PAULO SALIM MALUF;PAULO MALUF;;;
f82dcb07-a11b-4620-a5ec-9d7784a861ed;;1972-10-12;160601.0;MARCO ANTÔNIO FELICIANO;PR. MARCO FELICIANO;;;
8e861e50-2971-4725-baf8-4c9cf847a7de;;1947-08-11;74751.0;NILMÁRIO DE MIRANDA;NILMÁRIO MIRANDA;;;
81f5e736-f84f-44c6-8f63-f64947aadcc4;;1958-07-12;73486.0;DARCI POMPEO DE MATTOS;POMPEO DE MATTOS;;;
413a3ac3-bcd0-4bb9-9b49-b03ce2014e06;;1987-04-08;178879.0;LUCAS DE CASTRO SANTOS;LUCAS VERGILIO;;;
47b1d74b-bd7c-4468-982d-bd1d392136bc;;1961-10-02;160652.0;ROBERTO SÉRGIO RIBEIRO COUTINHO TEIXEIRA;ROBERTO TEIXEIRA;;;
303105e6-55c1-40f0-aa82-b96dc7db0124;;1971-03-12;171620.0;RENATO BARBOSA DE ANDRADE;RENATO ANDRADE;;;
dc487c48-3d09-4709-a107-2b1fabe26f6a;;1978-08-14;178944.0;ROBERTO DA SILVA SALES;ROBERTO SALES;;;
6352fe51-c310-409c-82f4-088130e6973d;;1960-01-05;178861.0;RONALDO CARLETTO;RONALDO CARLETTO;;;
2b913d98-5ab3-4605-937d-ec26e40f09c7;;1963-02-09;178990.0;SAMUEL MOREIRA DA SILVA JUNIOR;SAMUEL MOREIRA;;;
c1a77e59-28c2-4b3b-9851-d6ea8f98a8e4;;1950-02-18;73692.0;OSMAR GASPARINI TERRA;OSMAR TERRA;;;
74ae0424-4c3c-4615-b404-7a725b15c9ba;;1964-08-31;141522.0;RAIMUNDO SABINO CASTELO BRANCO MAUÉS;SABINO CASTELO BRANCO;;;
c5c7c191-13e4-435c-92f9-4387209d3f1d;;1954-07-06;178901.0;TEREZA CRISTINA CORREA DA COSTA DIAS;TEREZA CRISTINA;;;
751854d4-1a34-467e-a257-1733509ca504;;1964-01-22;74376.0;VANDER LUIZ DOS SANTOS LOUBET;VANDER LOUBET;;;
aee4edde-a602-4c8e-88b7-b9253b094800;;1943-10-22;74765.0;SILAS BRASILEIRO;SILAS BRASILEIRO;;;
cbb14715-0305-430d-bc1c-dbf011a2b347;;1955-08-04;141558.0;WALDIR MARANHÃO CARDOSO;WALDIR MARANHÃO;;;
df2a33e0-8cd7-4952-8b5d-d3d4f8f7aa3a;;1954-03-08;160569.0;WALDENOR ALVES PEREIRA FILHO;WALDENOR PEREIRA;;;
820bb5c1-3dca-49bb-bd6a-00d85d3982fa;;1976-08-26;137853.0;WADSON NATHANIEL RIBEIRO;WADSON RIBEIRO;;;
06542a65-3e37-489a-b14d-8f29edd32f86;;1963-04-11;160630.0;SÁGUAS MORAES SOUSA;SÁGUAS MORAES;;;
7b9fcb0c-b186-4b43-b289-476c3a2960dd;;1955-05-26;178889.0;JOSÉ CARLOS NUNES JÚNIOR;ZÉ CARLOS;;;
c3d3625e-ea63-4afa-8519-86cff2399cdf;;1956-03-09;160515.0;RONALDO JOSÉ BENEDET;RONALDO BENEDET;;;
8fa4ec72-82c0-4868-a76a-ed04e6e57caf;;1954-11-27;178949.0;ZENAIDE MAIA CALADO PEREIRA DOS SANTOS;ZENAIDE MAIA;;;
76097d2b-f224-4ccf-9005-c24f380cb13b;;1950-02-24;178902.0;JOSE ORCIRIO MIRANDA DOS SANTOS;ZECA DO PT;;;
61884513-cd6d-445c-9a00-3ea457ecee26;;1950-05-20;141553.0;VANDERLEI MACRIS;VANDERLEI MACRIS;;;
975d7b68-4473-4651-a477-27517b8697bf;;1966-07-21;178923.0;JOSE CAVALCANTI ALVES JUNIOR;ZECA CAVALCANTI;;;
452c2ef9-3696-4f40-819c-dd1be37b3048;;1944-07-26;73992.0;YEDA RORATO CRUSIUS;YEDA CRUSIUS;;;
ad6dcb7b-7111-4e00-8ea9-2b932c07f863;;1961-12-21;73931.0;JOSÉ GERALDO TORRES DA SILVA;ZÉ GERALDO;;;
3b49df23-c871-4fae-be85-9349330e2238;;1959-04-19;160631.0;WALNEY DA ROCHA CARVALHO;WALNEY ROCHA;;;
e9787dec-f1e0-4c2a-a554-ddb4cf785225;;1963-05-11;160632.0;JOSÉ SILVA SOARES;ZÉ SILVA;;;
92d7646f-0b61-48ff-bdd0-c234456eab80;;1956-05-06;191945.0;JOSÉ AUGUSTO NALIN;ZÉ AUGUSTO NALIN;;;
89cd5a89-6ba4-42e4-b2c7-d514d5660239;;1964-01-16;73930.0;WLADIMIR AFONSO DA COSTA RABELO;WLADIMIR COSTA;;;
719ae20e-7c84-4767-8f1e-f6f0624cd5ea;;1978-06-21;160592.0;JOSÉ CARLOS BECKER DE OLIVEIRA E SILVA;ZECA DIRCEU;;;
ab9b54c7-1071-41e5-ab76-ead16e26799c;;1970-01-16;193066.0;WILSON SILVA BESERRA;WILSON BESERRA;;;
227aa586-736c-43e5-a8aa-ab0200616913;;1975-12-16;199809.0;EDERSON DAL MOLIN;XUXU DAL MOLIN;;;
fe1660c8-1e36-4a4d-a8cc-33b7b0922eb1;;1972-12-12;74439.0;WOLNEY QUEIROZ MACIEL;WOLNEY QUEIROZ;;;
b211f117-3a4b-4149-bfc4-571bba56900e;;1968-11-27;141563.0;WILLIAM BOSS WOO;WILLIAM WOO;;;
aaa9ca3c-7989-41e5-9485-baa9ed9efc39;;1961-07-17;141560.0;WALTER SHINDI IIHOSHI;WALTER IHOSHI;;;
ab9bb9f5-a5b7-4a7d-ad97-9ff6d82277e3;;1980-02-27;178952.0;WALTER PEREIRA ALVES;WALTER ALVES;;;
da0772a1-8e59-4d0e-ac25-846285ee4ff0;;1959-05-19;74043.0;JOSÉ WELLINGTON ROBERTO;WELLINGTON ROBERTO;;;
9baea0e6-e9df-4fb6-a04b-3ece7f0040b9;;1979-10-08;167493.0;WEVERTON ROCHA MARQUES DE SOUSA;WEVERTON ROCHA;;;
514108aa-be67-4968-aab0-c6ebcc3db613;;1967-04-05;160620.0;WASHINGTON REIS DE OLIVEIRA;WASHINGTON REIS;;;
2b57a97d-5db3-405c-bedd-433aa3fb1c5b;;1989-08-10;160636.0;JOSÉ WILSON SANTIAGO FILHO;WILSON FILHO;;;
23b18b97-d11c-46ed-8169-896c71ff7030;;1978-05-15;178869.0;VITOR PEREIRA VALIM;VITOR VALIM;;;
e8fccb5e-7e21-455e-a6a2-b400cb91604e;;1959-05-18;178992.0;VITOR LIPPI;VITOR LIPPI;;;
4070654b-a5b5-4dc1-9848-08f87f5f9893;;1978-07-31;160591.0;VINICIUS DE AZEVEDO GURGEL;VINICIUS GURGEL;;;
c339b7a0-1f09-49eb-b2da-7d536a0baa2f;;1979-08-22;178888.0;CARLOS VICTOR GUTERRES MENDES;VICTOR MENDES;;;
cdc486fd-fa90-4ce2-9ac3-1c9e8547e98a;;1985-04-11;137070.0;VICENTE ALVES DE OLIVEIRA JUNIOR;VICENTINHO JÚNIOR;;;
5e385bcb-94be-4940-8335-f09cfe920808;;1956-04-11;189593.0;WADIH NEMER DAMOUS FILHO;WADIH DAMOUS;;;
e3fa9616-712b-43c8-9056-044053fcd89f;;1966-01-07;141555.0;VINICIUS RAPOZO DE CARVALHO;VINICIUS CARVALHO;;;
734dbcd1-eb66-4b24-ac70-c911da6a8ac3;;1975-08-24;160518.0;WELITON FERNANDES PRADO;WELITON PRADO;;;
08188559-f368-4b5d-b2e1-c9fa4b67b3d5;;1956-04-08;74283.0;VICENTE PAULO DA SILVA;VICENTINHO;;;
72545472-9772-4d2a-b11e-4209daadcb53;;1959-11-17;160622.0;VICENTE CÂNDIDO DA SILVA;VICENTE CANDIDO;;;
927e79df-3c9a-4230-bdbb-cabfa2838295;;1971-11-24;141552.0;VALTENIR LUIZ PEREIRA;VALTENIR PEREIRA;;;
c4e54cae-0a61-41f7-aead-7e01a510e443;;1964-04-09;113247.0;VALMIR PRASCIDELLI;VALMIR PRASCIDELLI;;;
6a71baef-158f-4269-b65d-b986bcec389e;;1949-10-15;74010.0;VALDIR COLATTO;VALDIR COLATTO;;;
70ad241b-5add-4830-82aa-a6cce30d038f;;1929-05-17;74308.0;VICENTE FERREIRA DE ARRUDA COELHO;VICENTE ARRUDA;;;
bd150be5-b552-4712-b1f5-10dfba06d9d2;;1970-07-17;178913.0;VENEZIANO VITAL DO RÊGO SEGUNDO NETO;VENEZIANO VITAL DO RÊGO;;;
cf12ea39-cefa-4e29-aa5c-cda24f9431be;;1993-12-11;194340.0;AUDIVAL AMÉLIO DA SILVA NETO;VAL AMÉLIO;;;
3a1fcdeb-6f59-4b90-a8f4-5bdf382f2720;;1964-12-17;160610.0;VALMIR CARLOS DA ASSUNÇÃO;VALMIR ASSUNÇÃO;;;
d463e31b-e886-4ebf-85db-fe6e4590d4e7;;1950-08-31;178934.0;ANTONIO WANDSCHEER;TONINHO WANDSCHEER;;;
c4653838-829e-497b-a26a-3f5a17bacd22;;1975-04-02;195866.0;FRANCISCO VAIDON OLIVEIRA;VAIDON OLIVEIRA;;;
0698edbc-7afe-458c-9a02-538d7f357b13;;1960-04-23;160611.0;ANTÔNIO PINHEIRO JÚNIOR;TONINHO PINHEIRO;;;
f560b04f-8439-4334-ae6c-f2686e605890;;1992-01-30;178863.0;ULDURICO ALENCAR PINTO;ULDURICO JUNIOR;;;
0b1d69e5-2912-4b72-a3e3-65c1d7c2d55b;;1960-03-21;178898.0;SERGIO LUCIO DE ALMEIDA;TENENTE LÚCIO;;;
86d9e3eb-d347-4b47-823e-8bebaf710e41;;1965-05-01;160976.0;FRANCISCO EVERARDO OLIVEIRA SILVA;TIRIRICA;;;
55fde404-e6b1-4455-817e-0271e56dfa88;;1963-04-08;178922.0;FRANCISCO TADEU BARBOSA DE ALENCAR;TADEU ALENCAR;;;
17c7295e-824b-496f-b235-9c26a841aeda;;1980-10-01;141384.0;ANTÔNIO CARLOS VALADARES FILHO;VALADARES FILHO;;;
3537b64c-c2ce-4abe-9a58-4a9dd967b0a3;;1948-04-20;74385.0;HIDEKAZU TAKAYAMA;TAKAYAMA;;;
be2e1629-8047-4097-aa5f-1bb24030402b;;1949-08-27;73831.0;José Augusto da Silva Curvo;TAMPINHA;;;
d2fbf58a-385d-498f-a17a-698a9b9afaed;;1962-05-31;177282.0;LUIZ GONZAGA RIBEIRO;SUBTENENTE GONZAGA;;;
79d1dc88-b446-48fa-bb5b-3368e237d25f;;1976-03-03;92776.0;STEFANO AGUIAR DOS SANTOS;STEFANO AGUIAR;;;
a5254823-ec75-4d71-8c76-0cadd69fa2ca;;1972-06-02;178862.0;ERONILDES VASCONCELOS CARVALHO;TIA ERON;;;
bda06859-ee9d-4566-862d-4edf308703f6;;1967-04-06;178911.0;SIMONE MARIA MORGADO FERREIRA;SIMONE MORGADO;;;
d87242cb-8084-42aa-88a0-0b600c41bc3c;;1935-12-08;73424.0;SIMÃO SESSIM;SIMÃO SESSIM;;;
c7b0f208-8316-4721-9b21-7ed1dd4d6cfe;;1946-06-01;73560.0;SILVIO FRANÇA TORRES;SILVIO TORRES;;;
b6c1f0a1-73db-4745-8204-9ff652978ddb;;1956-12-23;4930.0;SÍLVIO SERAFIM COSTA;SILVIO COSTA;;;
aef3c6ae-a8d9-4ab3-857b-6cee44563d5f;;1958-12-04;178946.0;SORAYA ALENCAR DOS SANTOS;SORAYA SANTOS;;;
de5d5e17-aacc-4e3c-a192-b3b005a7000c;;1962-12-15;74356.0;SILAS CÂMARA;SILAS CÂMARA;;;
d41172e1-44e1-410b-ad9b-a39059c5f5d2;;1974-07-22;160617.0;THIAGO MELLO PEIXOTO DA SILVEIRA;THIAGO PEIXOTO;;;
3386052b-c620-4cef-a856-75e245ddae67;;1958-01-24;160613.0;SEBASTIÃO SIBÁ MACHADO OLIVEIRA;SIBÁ MACHADO;;;
8fd74653-fefb-43d2-b8f1-62244738a39e;;1984-04-11;178961.0;SHÉRIDAN ESTÉRFANY OLIVEIRA DE ANCHIETA;SHÉRIDAN;;;
a5648343-1a60-4282-8d6c-e579b121c77a;;1975-01-16;178947.0;SOSTENES SILVA CAVALCANTE;SÓSTENES CAVALCANTE;;;
b00dfba4-7a85-4913-982a-93934b985012;;1957-05-08;178874.0;ANTONIO SERGIO ALVES VIDIGAL;SERGIO VIDIGAL;;;
bcc8070d-6853-426f-8748-ec700fb17547;;1971-01-30;187008.0;SILAS FREIRE PEREIRA E SILVA;SILAS FREIRE;;;
e5c2e6a8-f90b-41d8-ac0e-039fa75c0cff;;1956-05-18;160612.0;SERGIO ZVEITER;SERGIO ZVEITER;;;
9abc93c7-9a14-46c9-8091-815021bf42f7;;1958-04-27;141542.0;SÉRGIO IVAN MORAES;SÉRGIO MORAES;;;
4c176457-eff6-4694-9906-f3efbbd70dd8;;1952-03-14;167614.0;SEVERINO DE SOUZA SILVA;SEVERINO NINHO;;;
236eae5f-707b-4670-95d2-0feaf4299092;;1971-03-13;178933.0;SERGIO DE SOUZA;SERGIO SOUZA;;;
e8c892f2-f2da-4c4d-a897-d7be5051aa02;;1940-06-23;178991.0;SERGIO BAVINI;SÉRGIO REIS;;;
afc0c78d-ac50-4630-993d-57c01c5c9b59;;1957-06-14;74210.0;JOSÉ SARNEY FILHO;SARNEY FILHO;;;
2693b112-3f84-48af-90ca-28cb87c4630c;;1972-11-25;160621.0;SANDRO ALEX CRUZ DE OLIVEIRA;SANDRO ALEX;;;
a4c28b5a-8387-4e77-8dee-a40e3655883b;;1959-04-28;74372.0;JOÃO SANDES JÚNIOR;SANDES JÚNIOR;;;
3063fa14-ef85-4d4f-adea-e3405adb0353;;1956-02-06;74371.0;RUBENS OTONI GOMIDE;RUBENS OTONI;;;
019bceef-198c-4523-9df7-27c6f799e2f3;;1948-05-23;73466.0;RUBENS BUENO;RUBENS BUENO;;;
242d389b-0cdc-4cad-a82c-38894ad7f4ed;;1952-11-23;178935.0;VALDIR LUIZ ROSSONI;ROSSONI;;;
98c0948c-3ceb-43ef-aae1-e85ace650492;;1952-03-26;74762.0;JOSÉ SARAIVA FELIPE;SARAIVA FELIPE;;;
72830c60-2671-4d34-bf7f-ef5a2343fbd1;;1961-06-08;73808.0;SÉRGIO LUÍS LACERDA BRITO;SÉRGIO BRITO;;;
c71c538b-7d36-49a5-993f-87ba8ab7f21b;;1968-08-31;178921.0;SEBASTIAO IGNACIO DE OLIVEIRA JUNIOR;SEBASTIÃO OLIVEIRA;;;
67e2137b-bf63-461f-ba62-6006695f2895;;1973-04-22;146949.0;ROSEANE CAVALCANTE DE FREITAS ESTRELA;ROSINHA DA ADEFAL;;;
153b2ef8-0434-42e9-a034-e4e43fc6f81a;;1966-12-11;191684.0;ROSANGELA APARECIDA DA SILVA BARROS;ROSÂNGELA CURADO;;;
6f66ea40-59e1-4189-80fc-23d173cf7ed8;;1966-12-27;178945.0;ROSANGELA DE SOUZA GOMES;ROSANGELA GOMES;;;
860c9149-e090-4e92-bb09-ad0d8764fcbc;;1984-03-16;178887.0;RUBENS PEREIRA E SILVA JUNIOR;RUBENS PEREIRA JÚNIOR;;;
fcb6b195-b559-4e4d-a675-cacd00bd1c93;;1963-02-08;178870.0;RÔNEY TANIOS NEMER;RÔNEY NEMER;;;
7c1995e4-4dec-48be-b1c8-0f224542ba7b;;1949-04-25;178845.0;RONALDO AUGUSTO LESSA SANTOS;RONALDO LESSA;;;
4632265f-abf0-4fbc-a2ab-a895ae2bc3c4;;1978-09-17;198963.0;ROGÉRIO SILVA SANTOS;ROGÉRIO SILVA;;;
51a293ac-3ee1-4a95-ba1f-894abe55adbb;;1965-03-19;141536.0;RÔMULO JOSÉ DE GOUVEIA;RÔMULO GOUVEIA;;;
af5dd8dd-af83-48f1-8682-d457bfcfd0ca;;1978-01-21;122466.0;RONALDO MANCHADO MARTINS;RONALDO MARTINS;;;
64fb2464-058e-43fa-a58c-627aedaa215b;;1953-01-27;160651.0;ROGÉRIO MENDONÇA;ROGÉRIO PENINHA MENDONÇA;;;
17a55e16-a13f-47a4-b814-89db6d14a581;;1963-11-26;141535.0;ROGÉRIO SIMONETTI MARINHO;ROGÉRIO MARINHO;;;
a22583b5-4db8-4e61-8834-4581e1a330ff;;1976-11-03;178897.0;RODRIGO OTAVIO SOARES PACHECO;RODRIGO PACHECO;;;
6086bdda-a8c1-4d80-befa-4b135464a802;;1982-08-02;178926.0;RODRIGO RODRIGUES DE SOUZA MARTINS;RODRIGO MARTINS;;;
af506f1a-ac54-40ec-9ef7-37dbc4901ba8;;1970-06-12;74693.0;RODRIGO FELINTO IBARRA EPITÁCIO MAIA;RODRIGO MAIA;;;
e2ba1aec-4455-4272-a56b-6da3a459feca;;1966-04-25;163321.0;RONALDO NOGUEIRA DE OLIVEIRA;RONALDO NOGUEIRA;;;
551df645-567d-4994-b633-864cc65b2697;;1971-07-15;141531.0;RODRIGO BATISTA DE CASTRO;RODRIGO DE CASTRO;;;
0fc881ad-f4a0-43b9-bc53-8587cdbce70e;;1959-04-04;160637.0;RONALDO FONSECA DE SOUZA;RONALDO FONSECA;;;
2fdff796-f474-47d6-93af-97f28bc47c3b;;1974-05-10;88950.0;RODRIGO GARCIA;RODRIGO GARCIA;;;
b0674792-ac53-41f8-b46b-c7a7161a9e89;;1966-11-13;141532.0;RODRIGO SANTOS DA ROCHA LOURES;ROCHA LOURES;;;
d51bb37b-6e70-4037-89d5-df6c8e743a41;;1965-03-16;91208.0;ROBINSON SANTOS ALMEIDA;ROBINSON ALMEIDA;;;
58afa4e2-058d-4bc6-ba9d-d22c09e88513;;1966-06-22;178995.0;ANTONIO ROBERTO RODRIGUES GÓES DA SILVA;ROBERTO GÓES;;;
fddf7a57-ea5b-4205-9b18-130db1530bfa;;1968-10-23;178840.0;WHERLES FERNANDES DA ROCHA;ROCHA;;;
9f01ecc6-c701-42f0-af53-77a81ee1cc2d;;1942-04-20;73805.0;ROBERTO JOÃO PEREIRA FREIRE;ROBERTO FREIRE;;;
d97354c8-b508-4cab-9c5d-aa0bdec85744;;1968-08-30;160426.0;ROGÉRIO SCHUMANN ROSSO;ROGÉRIO ROSSO;;;
4cf36356-ca28-46f7-bf70-1c64b1e15874;;1944-05-24;73674.0;ROBERTO EGÍDIO BALESTRA;ROBERTO BALESTRA;;;
f6e926ee-70a6-40c1-b42b-1d97e4b4c391;;1965-10-18;178920.0;RICARDO TEOBALDO CAVALCANTI;RICARDO TEOBALDO;;;
28032254-47ed-47c8-a8e3-f6fd94d0e909;;1968-08-01;160655.0;RICARDO IZAR JUNIOR;RICARDO IZAR;;;
4f718242-2146-4945-9965-55e67fa893a4;;1966-04-18;160653.0;ROBERTO ALVES DE LUCENA;ROBERTO DE LUCENA;;;
cc43f088-caee-48e9-8d58-8e933bb1b93d;;1959-11-15;73788.0;RICARDO JOSÉ MAGALHÃES BARROS;RICARDO BARROS;;;
0e4c946b-bd04-4af2-88aa-9b68cef43afa;;1951-04-03;141529.0;ROBERTO PEREIRA DE BRITTO;ROBERTO BRITTO;;;
2eca34af-77e8-4987-a3d9-ea316fc99373;;1952-04-17;141472.0;JOSÉ RICARDO ALVARENGA TRIPOLI;RICARDO TRIPOLI;;;
2c151bec-dbb9-43eb-af0d-c77bf53cca9e;;1960-05-27;152610.0;BENEDITO ROBERTO ALVES FERREIRA;ROBERTO ALVES;;;
1d7fb67f-e08e-433c-a02a-ad8ddfca8c18;;1972-09-04;178925.0;REJANE RIBEIRO SOUSA DIAS;REJANE DIAS;;;
184ae212-7bac-42a4-a475-0287bb819721;;1980-04-11;160654.0;RENZO DO AMARAL BRAZ;RENZO BRAZ;;;
a689115b-e230-41af-9201-7886dfd2b7ad;;1939-08-13;73786.0;REINHOLD STEPHANES;REINHOLD STEPHANES;;;
205a5ebd-3cdc-4ec3-92da-154425665f63;;1966-08-07;178960.0;REMIDIO MONAI MONTESSI;REMÍDIO MONAI;;;
44944507-d6f1-4154-818e-7d089f4cb3aa;;1960-10-01;141527.0;RENATO DELMAR MOLLING;RENATO MOLLING;;;
0a763ce3-a14e-4b5e-9205-34635b9dedab;;1982-04-15;178989.0;RENATA HELLMEISTER DE ABREU;RENATA ABREU;;;
872fb2e3-33db-470a-b3ba-c8ed360b0f0a;;1973-04-02;74161.0;REGINALDO LÁZARO DE OLIVEIRA LOPES;REGINALDO LOPES;;;
13a5b77c-2c3d-4044-9c80-1f91350f847a;;1952-04-03;74048.0;RAUL BELENS JUNGMANN PINTO;RAUL JUNGMANN;;;
a2b88193-0107-4795-9a8f-0fb80c42d4e0;;1972-11-20;195581.0;RICARDO ANTONIO BUAINAIN DIAS;RICARDO BENTINHO;;;
383d2e0d-4709-4938-9f02-f5152ef0559c;;1951-03-30;74216.0;RAIMUNDO GOMES DE MATOS;RAIMUNDO GOMES DE MATOS;;;
e1ef7927-e90a-4df0-80ed-c7edde99b3f2;;1986-08-15;178951.0;RAFAEL HUETE DA MOTTA;RAFAEL MOTTA;;;
026c0d58-0886-4496-bf43-bc77662aae50;;1964-10-01;160639.0;MARIA AUXILIADORA SEABRA REZENDE;PROFESSORA DORINHA SEABRA REZENDE;;;
6acae476-1cd6-4991-a56a-b000cdf0ac8a;;1963-07-24;178998.0;TANIA RAQUEL DE QUEIROZ MUNIZ;RAQUEL MUNIZ;;;
3b71f5eb-cd8e-4ba3-8097-c2b82bf54f76;;1963-03-19;170673.0;SERGIO PAULO DE OLIVEIRA;PROFESSOR SÉRGIO DE OLIVEIRA;;;
10678721-e6be-449f-a8ec-78eafee31515;;1945-12-27;80920.0;JOSÉ LUIZ DE FRANÇA PENNA;PENNA;;;
ec02291d-aa1c-497a-b718-773bdbdd6ad1;;1975-05-13;195997.0;POLLYANA FATIMA GAMA SANTOS;POLLYANA GAMA;;;
ee0b2058-6957-444b-b07d-17c329320692;;1985-05-01;178844.0;PEDRO TORRES BRANDÃO VILELA;PEDRO VILELA;;;
149d5d03-3d3f-42c2-8c4c-7262f55f57d3;;1973-06-21;160641.0;MARCIVANIA DO SOCORRO DA ROCHA FLEXA;PROFESSORA MARCIVANIA;;;
0613f7ca-8cdf-4dec-8824-821f085c4001;;1952-10-12;200153.0;GEDEAO TIMOTEO AMORIM;PROF. GEDEÃO AMORIM;;;
7897a8a5-b64e-4fcb-8b81-d8c6a6928d29;;1961-04-30;148134.0;VICTORIO GALLI FILHO;PROFESSOR VICTÓRIO GALLI;;;
bfb77168-d97e-4973-8ef6-4f36e52c564e;;1958-10-29;141445.0;GILBERTO JOSÉ SPIER VARGAS;PEPE VARGAS;;;
26c05b28-d38e-49d5-b8db-e85a8202fe12;;1988-08-15;178912.0;PEDRO OLIVEIRA CUNHA LIMA;PEDRO CUNHA LIMA;;;
a21f02f6-d95f-472d-a313-32a6e5de82ce;;1963-03-10;160604.0;PEDRO FRANCISCO UCZAI;PEDRO UCZAI;;;
ff9114bd-2753-4a2c-ab7e-c68ca05b13a8;;1972-06-29;122158.0;PEDRO PAULO CARVALHO TEIXEIRA;PEDRO PAULO;;;
bf613c9f-c727-48cc-a654-e73c4b211243;;1949-03-02;74449.0;PEDRO FERNANDES RIBEIRO;PEDRO FERNANDES;;;
ea611754-0164-46d8-94a3-9cfd07bae4b1;;1956-02-24;141518.0;PAULO PEREIRA DA SILVA;PAULO PEREIRA DA SILVA;;;
923a63e8-0a08-4f32-8a54-5b7cb6c083ea;;1965-03-19;74400.0;PAULO ROBERTO SEVERO PIMENTA;PAULO PIMENTA;;;
d99451ad-aed9-4e5b-9cab-56bee07df1ef;;1968-02-08;141517.0;PAULO HENRIQUE ELLERY LUSTOSA DA COSTA;PAULO HENRIQUE LUSTOSA;;;
c690b41a-09fa-4042-af79-5f1b05bfe4d2;;1952-11-28;74574.0;PAULO SÉRGIO PARANHOS DE MAGALHÃES;PAULO MAGALHÃES;;;
a5b2fe5f-95c5-4022-9e28-36604560bfde;;1958-08-28;74812.0;PEDRO PINHEIRO CHAVES;PEDRO CHAVES;;;
a7f95e4e-c79a-4b9b-a01f-b2afc8ecd7e2;;1956-04-30;160517.0;PAULO ROBERTO FOLETTO;PAULO FOLETTO;;;
365753a5-fcae-4c4e-a8da-d8e62334e9a1;;1963-01-14;178860.0;PAULO VELLOSO DANTAS AZI;PAULO AZI;;;
a7f7ff16-0696-41ec-80d4-29a1a78d0035;;1981-04-20;193726.0;PAULO EDUARDO LIMA MARTINS;PAULO MARTINS;;;
eb22cf8c-fc73-4bbe-926d-86422257237f;;1955-02-14;160558.0;PAULO ROBERTO FREIRE DA COSTA;PAULO FREIRE;;;
fb8c572a-1daf-41e0-b4c9-4312103f50e5;;1956-03-23;74017.0;PAULO FERNANDO FEIJO TORRES;PAULO FEIJÓ;;;
27b69206-6e13-4da5-8930-2de2eeefb498;;1963-06-21;141516.0;PAULO ABI-ACKEL;PAULO ABI-ACKEL;;;
c34c4e66-a33a-4952-af54-f0808649d76f;;1954-09-24;74095.0;PAUDERNEY TOMAZ AVELINO;PAUDERNEY AVELINO;;;
be8c0ddb-81c5-40de-a181-8b154c9fa5f7;;1952-01-26;74160.0;PATRUS ANANIAS DE SOUSA;PATRUS ANANIAS;;;
bf8be4ee-95b0-48aa-80bd-22b3a837c0b3;;1957-09-15;171617.0;PAULO FERNANDO DOS SANTOS;PAULÃO;;;
aeed4aee-120e-4354-8cd0-9ea9ce42048d;;1937-03-23;74319.0;JOSÉ FRANCISCO PAES LANDIM;PAES LANDIM;;;
afe48029-1b47-49e8-86e6-8156c60756a1;;1962-09-12;160642.0;FRANCISCO EURICO DA SILVA;PASTOR EURICO;;;
6d6dc9a0-50f0-4c67-84ce-5f41140e2905;;1967-08-31;193982.0;LUCIANO FRED BRAGA PENHA;PASTOR LUCIANO BRAGA;;;
c1ca0bde-3968-4258-a755-97c48435d497;;1954-10-03;74399.0;ONYX DORNELLES LORENZONI;ONYX LORENZONI;;;
9858d495-f037-466e-ac5d-70286a6a6e03;;1961-05-06;141488.0;LUIZ PAULO TEIXEIRA FERREIRA;PAULO TEIXEIRA;;;
e90bbb90-d994-4cdb-9ff2-88a207256d40;;1967-02-28;160556.0;JOÃO CARLOS SIQUEIRA;PADRE JOÃO;;;
d04ed77f-75db-48a7-a13b-53a09a0273f6;;1971-05-27;178987.0;ORLANDO SILVA DE JESUS JUNIOR;ORLANDO SILVA;;;
6d2250a2-1470-4e98-aac1-00c0e57214ae;;1961-08-11;178868.0;LUIZ ODORICO MONTEIRO DE ANDRADE;ODORICO MONTEIRO;;;
5af75f2b-17ff-440e-8d23-c96429ee526c;;1969-03-20;180545.0;OSMAR STUART BERTOLDI;OSMAR BERTOLDI;;;
9745b26f-e273-416f-9cb8-b32099237f3c;;1976-06-18;74159.0;ODAIR JOSÉ DA CUNHA;ODAIR CUNHA;;;
47b7b328-af0e-4400-affe-f346881f7277;;1948-05-23;73463.0;OSMAR JOSÉ SERRAGLIO;OSMAR SERRAGLIO;;;
72442655-736d-4c7d-90d7-ddb9169be20d;;1946-05-26;74752.0;ODELMO LEÃO CARNEIRO SOBRINHO;ODELMO LEÃO;;;
6ce50919-8966-4c7e-b8e4-83e8aa17e20a;;1988-01-07;194260.0;NIVALDO FERREIRA DE ALBUQUERQUE NETO;NIVALDO ALBUQUERQUE;;;
197c61ca-d910-419e-af2a-26bd7d62a70c;;1960-02-09;74359.0;NILTON BALBINO;NILTON CAPIXABA;;;
6d9bfd70-bab0-45db-9f29-9e3f55ca9330;;1969-02-25;166401.0;NILSON APARECIDO LEITÃO;NILSON LEITÃO;;;
b3d82f7b-46cf-4487-8eef-72a77470ccb6;;1963-07-31;178986.0;NILTO IGNACIO TATTO;NILTO TATTO;;;
69255beb-35bf-40ee-85e8-f94e3648dd10;;1948-09-17;160566.0;NELSON PADOVANI;NELSON PADOVANI;;;
180b660a-b855-48f5-bda7-8cc27cd4f91f;;1960-12-27;74571.0;NELSON VICENTE PORTELA PELLEGRINO;NELSON PELLEGRINO;;;
3992799b-7af3-43b1-8674-1a798e403050;;1942-07-23;73781.0;NELSON MEURER;NELSON MEURER;;;
2b450075-246c-4239-bab2-df9c3fe1464a;;1971-11-30;160567.0;NELSON MARCHEZAN JÚNIOR;NELSON MARCHEZAN JUNIOR;;;
eb33af1b-564d-4500-a8c8-73d105c74ce9;;1941-10-29;73553.0;NELSON MARQUEZELLI;NELSON MARQUEZELLI;;;
77e652de-4d5d-4492-a8a5-e15704d181ba;;1952-03-25;74352.0;NILSON PINTO DE OLIVEIRA;NILSON PINTO;;;
5a679cce-e155-4e7d-9a83-955620282b3d;;1957-08-29;193069.0;NELSON NAHIM MATHEUS DE OLIVEIRA;NELSON NAHIM ;;;
58cf242b-5bd4-432c-a56f-4ec504b413f6;;1978-06-06;178997.0;MOSES HAENDEL MELO RODRIGUES;MOSES RODRIGUES;;;
477df208-a414-4dcb-b9c5-776599acabe8;;1958-07-04;178859.0;MOEMA ISABEL PASSOS GRAMACHO;MOEMA GRAMACHO;;;
4f948087-649c-45a5-8e4b-705147911ad1;;1956-06-10;74457.0;MORONI BING TORGAN;MORONI TORGAN;;;
b44e71a9-3fb9-4c6d-8b94-8792011cd2f7;;1945-05-27;74862.0;MIRO TEIXEIRA;MIRO TEIXEIRA;;;
879aa805-d44f-401f-941c-c4fefaf4c146;;1959-09-07;66179.0;NORMA AYUB ALVES;NORMA AYUB;;;
d6b42944-185d-46df-b139-0cbb735b88ef;;1963-08-11;195278.0;MOISES DINIZ LIMA;MOISÉS DINIZ;;;
4588c83e-6ff1-4bdc-8587-94b53e5ae6c5;;1957-10-15;178984.0;MIGUEL MOUBADDA HADDAD;MIGUEL HADDAD;;;
80e2b188-61d2-440b-b85b-128ceb14edd4;;1968-06-24;178827.0;MAX FREITAS MAURO FILHO;MAX FILHO;;;
e780fe47-28c0-46a2-9fba-829596d984c1;;1978-06-11;141509.0;MIGUEL CORRÊA DA SILVA JÚNIOR;MIGUEL CORRÊA;;;
711cac88-49b1-4710-ad1a-f1369ae03907;;1959-11-27;178895.0;MISAEL ARTUR FERREIRA VARELLA;MISAEL VARELLA;;;
53eb5470-5b4c-4b26-8bb5-5490b50cf5f1;;1966-07-12;74428.0;JOSÉ MENDONÇA BEZERRA FILHO;MENDONÇA FILHO;;;
b95876ea-0cab-49bf-ab03-cf101c1434be;;1936-05-24;74749.0;MAURO RIBEIRO LOPES;MAURO LOPES;;;
c6d4b219-0ca9-40e1-875f-54f8acd5bfad;;1930-03-21;73588.0;CARLOS MAURO CABRAL BENEVIDES;MAURO BENEVIDES;;;
3a84f507-d4a8-4c7d-ad35-8436bce678d9;;1964-01-08;141507.0;MAURO MARIANI;MAURO MARIANI;;;
b70c9aff-a556-4d48-8a36-ce38da014a51;;1958-09-17;188097.0;MERLONG SOLANO NOGUEIRA;MERLONG SOLANO;;;
5002ead2-9292-4114-8bf5-411d670dc03f;;1959-02-27;181315.0;MARCOS DA ROCHA MENDES;MARQUINHO MENDES;;;
9a3c91fd-a335-445e-b2d5-193001028bac;;1965-11-01;178919.0;MARINALDO ROSENDO DE ALBUQUERQUE;MARINALDO ROSENDO;;;
e03f89bf-c7bf-4f38-a036-24b3819e3e88;;1980-08-31;178858.0;MARIO SILVIO MENDES NEGROMONTE JUNIOR;MÁRIO NEGROMONTE JR.;;;
386c62eb-b51f-4895-b016-1f22fd0f5176;;1971-03-28;74050.0;MAURÍCIO QUINTELLA MALTA LESSA;MAURÍCIO QUINTELLA LESSA;;;
681337e2-9c6a-4b83-adb2-105bcda63757;;1956-12-11;160561.0;JOSÉ OLIMPIO SILVEIRA MORAES;MISSIONÁRIO JOSÉ OLIMPIO;;;
6dd4164a-700d-4a64-9c01-39e20f25d26a;;1979-11-28;178843.0;MARX BELTRÃO LIMA SIQUEIRA;MARX BELTRÃO;;;
7db3d48a-edee-490a-8b9b-657f3f768711;;1949-06-15;64960.0;MARIA HELENA VERONESE RODRIGUES;MARIA HELENA;;;
96ab818b-73d7-4889-ab63-69e09310a2b7;;1950-06-10;171619.0;MARIA MARGARIDA MARTINS SALOMÃO;MARGARIDA SALOMÃO;;;
670968f1-ef58-461e-a03a-a861deb65bdf;;1978-05-16;178943.0;MARCOS BEZERRA RIBEIRO SOARES;MARCOS SOARES;;;
c9860ba8-abb8-45e6-8e79-8f72e9272edb;;1958-09-01;124411.0;MAURO PEREIRA;MAURO PEREIRA;;;
484ced43-9ce2-4225-9f7a-f5cd7693c6ae;;1966-11-22;74398.0;MARIA DO ROSÁRIO NUNES;MARIA DO ROSÁRIO;;;
7de8a2aa-79a3-4c42-ba3e-a0d03f51923b;;1954-04-28;74235.0;MARCUS ANTÔNIO VICENTE;MARCUS VICENTE;;;
bd357053-dcdd-4777-b25d-fd93f2fe1f4f;;1986-11-26;178956.0;MARIANA FONSECA RIBEIRO CARVALHO DE MORAES;MARIANA CARVALHO;;;
aa9e8f4f-2cdd-448d-b20d-bd36d20c9476;;1978-07-07;167722.0;MARCOS ROGÉRIO DA SILVA BRITO;MARCOS ROGÉRIO;;;
31316b72-371b-4ea6-97e0-1d28ad8364fd;;1967-03-11;178850.0;MARCOS SERGIO ROTTA;MARCOS ROTTA;;;
018d009f-480f-41c3-bcda-7aeeabfe884f;;1949-08-03;141500.0;MARCOS MONTES CORDEIRO;MARCOS MONTES;;;
ef1de1c7-b169-4316-a05f-7b736da28f2e;;1965-12-27;133373.0;MARCO AURÉLIO SPALL MAIA;MARCO MAIA;;;
c661c007-75c4-47d3-880e-b5f79a21d12b;;1964-09-21;160535.0;DIONILSO MATEUS MARCON;MARCON;;;
23b7dd5c-fc40-4619-bebf-febe952a4800;;1946-06-30;74634.0;MARCOS ANTONIO MEDRADO;MARCOS MEDRADO;;;
75fd6638-b0a9-4086-89ec-fe248676f3d4;;1991-05-07;178942.0;MARCO ANTONIO NEVES CABRAL;MARCO ANTÔNIO CABRAL;;;
e088151e-471b-432f-b47e-3463e79fa4dd;;1943-06-23;74470.0;MARCONDES IRAN BENEVIDES GADELHA;MARCONDES GADELHA;;;
ec9fb26b-06b0-4e7d-ae9a-970252359430;;1956-11-21;178899.0;MARCIO CAMPOS MONTEIRO;MARCIO MONTEIRO;;;
170c34ab-a935-4319-a3f3-4bc746b74bd7;;1970-12-12;150418.0;MÁRCIO CARLOS MARINHO;MÁRCIO MARINHO;;;
58033ba5-9752-4747-a627-8f9f7e35cc30;;1958-01-31;160536.0;MARCO ANTONIO TEBALDI;MARCO TEBALDI;;;
80d34a97-0000-440a-8368-271391fe215f;;1969-06-14;178983.0;MARCIO LUIZ ALVINO DE SOUZA;MARCIO ALVINO;;;
91346423-d686-4908-bc89-712ee31e47b5;;1968-05-26;76287.0;MARCELO VIVIANI GONÇALVES;MARCELO MATOS;;;
ee9fad9e-152d-4e89-9b3d-eab0165c30a6;;1980-07-10;195826.0;MARCELO JANDRE DELAROLI;MARCELO DELAROLI;;;
b05fca5c-1a39-4353-b1e1-d0bcdab1e9bc;;1960-06-13;159238.0;MARCUS VINÍCIUS CAETANO PESTANA DA SILVA;MARCUS PESTANA;;;
6641ea98-f0f0-4791-abb6-6a64bbfc4a7c;;1960-10-06;178852.0;MARCOS JOSE REATEGUI SOUZA;MARCOS REATEGUI;;;
7aeee2ef-1887-416e-b04b-6f23cf7c46ff;;1979-05-23;179001.0;MARCIO DELLA VALLE BIOLCHI;MÁRCIO BIOLCHI;;;
7809e20c-b28c-4013-bda7-13266213bc6b;;1950-06-09;74460.0;MARCELO COSTA E CASTRO;MARCELO CASTRO;;;
916ba8b8-6896-4501-b094-5304fd332271;;1971-07-22;178932.0;MARCELO BELINATI MARTINS;MARCELO BELINATI;;;
59ea183e-c5c4-4512-8edc-d74ee31617f1;;1974-02-16;179000.0;MARCELO HENRIQUE TEIXEIRA DIAS;MARCELO ÁLVARO ANTÔNIO;;;
898ab897-5a4f-4b98-b905-4b66b89a4008;;1967-09-14;118594.0;MARCELO SQUASSONI;MARCELO SQUASSONI;;;
fb5fca6c-77dd-430b-9518-81d9778ef7b1;;1962-03-20;178826.0;SERGIO OLIMPIO GOMES;MAJOR OLIMPIO;;;
d2fad348-cc18-4efe-b3ca-c87025d2c61d;;1973-09-16;160660.0;MARCELO THEODORO DE AGUIAR;MARCELO AGUIAR;;;
a3de8d28-fc10-417f-94a3-e288532acd5e;;1948-10-26;166402.0;MAGDA MOFATTO HON;MAGDA MOFATTO;;;
24485465-1f9c-4170-97ea-64525c56c789;;1974-07-31;151965.0;JOSÉ DE ANDRADE MAIA FILHO;MAIA FILHO;;;
d2eaf71f-8245-4a1b-98c7-393c32ad0241;;1964-11-30;160633.0;LUIZ HENRIQUE MANDETTA;MANDETTA;;;
cbe0e854-0cc5-41da-b1c2-5f0366d9dfa6;;1960-05-28;178867.0;JOSE MARIA MACEDO JUNIOR;MACEDO;;;
71a05209-b982-44e1-bbbb-df5f3f9e7750;;1951-08-09;198198.0;LUZIA MARIA FERREIRA;LUZIA FERREIRA;;;
27d65c1f-60b7-4d09-9737-d4fde7e9e3ca;;1968-11-18;178866.0;LUIZIANNE DE OLIVEIRA LINS;LUIZIANNE LINS;;;
1ba7f91e-f460-4330-ba46-61b84a6a67b3;;1967-09-28;160565.0;MARA CRISTINA GABRILLI;MARA GABRILLI;;;
e90ec80a-90ed-4d89-9e66-3341de786f48;;1934-11-30;74784.0;LUIZA ERUNDINA DE SOUSA;LUIZA ERUNDINA;;;
1fb9b030-43da-4e71-8cd7-c88766990032;;1964-02-21;141490.0;MANOEL ALVES DA SILVA JUNIOR;MANOEL JUNIOR;;;
0cebc662-55fd-47c5-b19a-52fb6d5cbf7a;;1960-08-21;178955.0;LUIZ CLAUDIO PEREIRA ALVES;LUIZ CLÁUDIO;;;
55c86897-7642-411a-b987-d40a52482969;;1951-06-08;178802.0;LUIZ CARLOS RAMOS;LUIZ CARLOS RAMOS ;;;
80ca49e7-97e1-43df-b656-802cd3946dac;;1958-04-09;74688.0;LUIZ SÉRGIO NÓBREGA DE OLIVEIRA;LUIZ SÉRGIO;;;
f6c87df2-105f-4886-b5b4-7aebb4e99bd9;;1948-11-06;141485.0;LUIZ CARLOS GHIORZZI BUSATO;LUIZ CARLOS BUSATO;;;
828c1f19-1b0e-4a4c-a6ae-e7fae6f3fcdb;;1950-10-08;73778.0;LUIZ CARLOS JORGE HAULY;LUIZ CARLOS HAULY;;;
56ced610-3a3d-4882-92e7-97463706fd49;;1971-07-23;160510.0;LUIS HENRIQUE DE OLIVEIRA RESENDE;LUIS TIBÉ;;;
5ca40552-303b-4d52-bbdd-69fa3c289553;;1969-07-23;178954.0;LUCIO ANTONIO MOSQUINI;LUCIO MOSQUINI;;;
60a9ecde-f162-435a-b97f-3c31a954efd1;;1955-03-23;178931.0;LUCIANO DUCCI;LUCIANO DUCCI;;;
415cace3-12a5-434f-b729-eb0ecc07dd36;;1962-11-19;94931.0;LÚCIO QUADROS VIEIRA LIMA;LUCIO VIEIRA LIMA;;;
31903233-0d33-4fd9-9c32-33a06710ef29;;1949-04-09;162332.0;LUIZ HILOSHI NISHIMORI;LUIZ NISHIMORI;;;
64eef1d1-ba59-4a58-9730-b197dc6186a9;;1972-12-27;141484.0;LÚCIO DUTRA VALE;LÚCIO VALE;;;
505b8703-cf3c-4e54-816d-16d8334d9328;;1945-02-13;74041.0;LUIZ ALBUQUERQUE COUTO;LUIZ COUTO;;;
f0de0283-fd9f-4a39-a966-48864531cad4;;1944-11-29;74478.0;Luciano Caldas Bivar;LUCIANO BIVAR;;;
ff983966-a102-42bb-ac2d-b3c171741236;;1950-09-14;73483.0;LUIS CARLOS HEINZE;LUIS CARLOS HEINZE;;;
48687c9a-de27-4884-8fae-8f6f75077ca6;;1955-07-22;196358.0;LOURIVAL GOMES DE ALMEIDA;LOURIVAL GOMES;;;
af51933b-e7b8-4368-a7f3-db1f14a0e320;;1965-12-29;160628.0;LUCIANA BARBOSA DE OLIVEIRA SANTOS;LUCIANA SANTOS;;;
c9f5587f-cf1c-46c8-a038-9ec11c182c64;;1957-06-18;74277.0;ANTONIO ADOLPHO LOBBE NETO;LOBBE NETO;;;
dc898628-fc22-4b90-87a2-62cc60111c4b;;1949-11-29;160663.0;LEOPOLDO COSTA MEYER;LEOPOLDO MEYER;;;
cc262de7-6f77-4c1b-bad1-7385d4bdf0e5;;1975-04-01;141482.0;LEONARDO LEMOS BARROS QUINTÃO;LEONARDO QUINTÃO;;;
f059e4fb-25c9-4f17-861a-aca8a4087a53;;1979-04-13;178825.0;LEONARDO CUNHA DE BRITO;LEO DE BRITO;;;
27cb99ed-e41a-4c16-a0f6-5eb3687d7fc3;;1969-10-18;141483.0;LINDOMAR BARBOSA ALVES;LINDOMAR GARÇON;;;
08d6696b-cdb8-45f5-9c09-c79235530fdb;;1953-11-03;74585.0;LINCOLN DINIZ PORTELA;LINCOLN PORTELA;;;
49baf206-96cc-4963-b436-875033dfd8b7;;1951-10-09;74156.0;JOSÉ LEONARDO COSTA MONTEIRO;LEONARDO MONTEIRO;;;
d6dd3a03-239b-4c37-9b60-32ebd35ecda1;;1975-12-20;178832.0;LEANDRE DAL PONTE;LEANDRE;;;
09d4048c-df71-445b-a315-c28eb1dd3386;;1957-06-03;74299.0;JOSÉ LEÔNIDAS DE MENEZES CRISTINO;LEÔNIDAS CRISTINO;;;
6edf9367-077e-4e77-bea9-5f7c6df24830;;1962-07-16;178894.0;LAUDIVIO ALVARENGA CARVALHO;LAUDIVIO CARVALHO;;;
6d8974de-b74f-42a4-a260-a2065b90ba51;;1947-02-11;141480.0;LÁZARO BOTELHO MARTINS;LÁZARO BOTELHO;;;
8b7604e4-4d89-449b-aec9-04ec74e103c7;;1956-09-28;160659.0;IOLANDA KEIKO MIASHIRO OTA;KEIKO OTA;;;
cbf579e9-bdca-44e6-9633-9de0c4b10cc7;;1954-06-21;141562.0;WELINGTON COIMBRA;LELO COIMBRA;;;
7271d17b-fef1-4b39-ab49-db98d2a09cb7;;1955-10-14;74570.0;JUTAHY MAGALHÃES JÚNIOR;JUTAHY JUNIOR;;;
ddf8f745-9d73-4bbb-a540-ba9c72c43c78;;1954-05-01;141478.0;LAERTE RODRIGUES DE BESSA;LAERTE BESSA;;;
b12e9675-4a16-4dae-a320-2d0896288b1f;;1984-11-06;178886.0;JOSE JUSCELINO DOS SANTOS REZENDE FILHO;JUSCELINO FILHO;;;
05c5f810-df1c-4bae-8476-7a89252e06c1;;1940-12-15;160544.0;JUNJI ABE;JUNJI ABE;;;
d09ebab4-9a44-4c56-bca1-04eb6143d582;;1979-11-06;74254.0;LEONARDO CARNEIRO MONTEIRO PICCIANI;LEONARDO PICCIANI;;;
83c8d79e-ae68-42ce-a1ec-af2186a93bbb;;1959-04-15;151208.0;LAERCIO JOSÉ DE OLIVEIRA;LAERCIO OLIVEIRA;;;
94ed6a79-7705-481a-857a-c230893dfdb0;;1959-04-06;74253.0;JULIO LUIZ BAPTISTA LOPES;JULIO LOPES;;;
768e030a-17e8-4d5d-b801-114524e133fc;;1960-04-11;67312.0;JULIA MARIA GODINHO DA CRUZ MARINHO;JÚLIA MARINHO;;;
aa587dd2-8931-4000-8827-8d0a96390ad3;;1948-08-25;74317.0;JÚLIO CÉSAR DE CARVALHO LIMA;JÚLIO CESAR;;;
3ac0e321-edb1-4cb1-a10e-3b3cb4907223;;1944-05-27;74351.0;JOSUÉ BENGTSON;JOSUÉ BENGTSON;;;
dbd6c6f0-244a-4498-9467-aae7842d7b15;;1983-11-14;178918.0;KAIO CESAR DE MOURA MANICOBA NOVAES FERRAZ;KAIO MANIÇOBA;;;
7d1e5d4b-1828-484e-ab29-5f08712c2773;;1951-06-04;73666.0;JOVAIR DE OLIVEIRA ARANTES;JOVAIR ARANTES;;;
17abaab1-3d31-4a42-a426-d496764cf962;;1957-08-11;160607.0;JOSE LUIZ STÉDILE;JOSE STÉDILE;;;
11fc57dc-d700-4928-993a-d907720e180d;;1966-11-18;73586.0;JÚLIO CÉSAR DELGADO;JÚLIO DELGADO;;;
0177472e-06b0-448d-84ba-494ac45efca3;;1970-03-02;178885.0;ANTONIO DA CRUZ FILGUEIRA JUNIOR;JUNIOR MARRECA;;;
d8868f4e-64d2-4815-92b2-b4e1bf8477a3;;1939-03-19;73714.0;José Reinaldo Carneiro Tavares;JOSÉ REINALDO;;;
c2957e30-5fc5-4395-978a-dfc0787bff40;;1946-10-01;141474.0;JULIÃO AMIN CASTRO;JULIÃO AMIN;;;
5604b4ab-c2cc-4eae-8880-bbc9c07e0dd1;;1956-10-14;74141.0;JOSIAS GOMES DA SILVA;JOSIAS GOMES;;;
cbd3e10f-befd-4980-99ba-52e41b540121;;1962-05-10;114941.0;JOSINIANE BRAGA NUNES;JOSI NUNES;;;
ef275957-ca06-424f-855d-331148e7826b;;1963-12-02;74079.0;JOSÉ BENITO PRIANTE JÚNIOR;JOSÉ PRIANTE;;;
3df2b21d-ca9c-475f-92d0-cfe8d0b3bf58;;1950-12-18;160619.0;JOSÉ NUNES SOARES;JOSÉ NUNES;;;
2e68f685-a86b-4632-9134-1fb18ece25f5;;1959-02-13;141470.0;JOSÉ NOBRE GUIMARÃES;JOSÉ GUIMARÃES;;;
ad47848b-d138-423c-a7c5-e0d9a6f8192a;;1962-04-21;74395.0;JOSÉ OTÁVIO GERMANO;JOSÉ OTÁVIO GERMANO;;;
87c348e4-2795-4bab-9f85-cf18a5d02c8d;;1944-12-21;74140.0;JOSÉ CARLOS LEÃO DE ARAÚJO;JOSÉ CARLOS ARAÚJO;;;
0b20910f-e5c8-40d8-8315-694a9cbd87c7;;1956-07-15;160509.0;JORGINHO DOS SANTOS MELLO;JORGINHO MELLO;;;
61500541-4d02-469b-ad75-5a2c044c3342;;1955-01-03;73535.0;JORGE TADEU MUDALEN;JORGE TADEU MUDALEN;;;
deef33ed-7326-46d4-ad50-37232d289367;;1948-08-18;74554.0;JOSÉ ALVES ROCHA;JOSÉ ROCHA;;;
b33d646b-2694-4969-ac9d-04e88cc7a4da;;1947-01-13;131966.0;José Alberto Fogaça de Medeiros;JOSÉ FOGAÇA;;;
ff3be8dc-c759-4227-b264-6072197fd76b;;1955-11-05;74388.0;JORGE CATARINO LEONARDELI BOEIRA;JORGE BOEIRA;;;
430d6fe1-8134-490d-85f4-62aa9cb2e526;;1961-04-11;178857.0;JORGE JOSE SANTOS PEREIRA SOLLA;JORGE SOLLA;;;
69a4f830-fd74-4778-a318-78c033fb9593;;1951-05-09;160572.0;JORGE WICKS CÔRTE REAL;JORGE CÔRTE REAL;;;
a15e98d9-5dad-4324-a704-872a3ec3be90;;1948-09-30;74275.0;JOSÉ MENTOR GUILHERME DE MELLO NETTO;JOSÉ MENTOR;;;
ef88b2a3-a483-4e9e-8f0a-042a3492f1da;;1967-03-23;160571.0;JOÃO RODRIGUES;JOÃO RODRIGUES;;;
b83d841d-8b61-4430-84fa-fb62464c1913;;1958-07-28;178988.0;JOAO PAULO TAVARES PAPA;JOÃO PAULO PAPA;;;
d0c2f528-5304-4298-a13b-1a0df6216067;;1977-09-30;178971.0;JONY MARCOS DE SOUZA ARAUJO;JONY MARCOS;;;
b5479454-154d-49c5-a411-2b8c27149591;;1961-12-02;178910.0;JOAQUIM PASSARINHO PINTO DE SOUZA PORTO;JOAQUIM PASSARINHO;;;
aba76689-3af6-406b-9266-138eeb70f591;;1972-12-19;178967.0;JOAO PAULO KARAM KLEINUBING;JOÃO PAULO KLEINÜBING;;;
b9b0b1f6-f126-4745-8f2a-1459e9de0b60;;1973-11-11;112437.0;JOÃO MARCELO SANTOS SOUZA;JOÃO MARCELO SOUZA;;;
5ac68b0d-d463-4151-8c9c-d474a5dbb4f5;;1967-08-22;178970.0;JOAO SOMARIVA DANIEL;JOÃO DANIEL;;;
fa83e7ab-73d1-4129-a4cc-6937398f67d4;;1972-10-08;141458.0;JOÃO CARLOS PAOLILO BACELAR FILHO;JOÃO CARLOS BACELAR;;;
a8320577-9c02-4499-82cf-9674c0fead7a;;1962-12-28;74366.0;JOÃO CAMPOS DE ARAÚJO;JOÃO CAMPOS;;;
8b7d1c93-c6c5-4e6d-b2de-93a4c5d09a8e;;1971-11-20;194262.0;JONES ALEXANDRE MARTINS;JONES MARTINS;;;
586f3917-5dda-4f38-a305-07e2d40df0ec;;1976-05-22;160573.0;JOÃO JOSÉ DE ARRUDA JÚNIOR;JOÃO ARRUDA;;;
8dcb593a-7083-47bb-8ea7-4114ed8603ae;2016-12-11;1937-10-19;74445.0;JOÃO CASTELO RIBEIRO GONÇALVES;JOÃO CASTELO;;;
87309da7-a1b7-49ea-af47-9a034d3a998b;;1946-08-09;141503.0;MARIA DO SOCORRO JÔ MORAES;JÔ MORAES;;;
b29a1633-7fcf-458b-b3b1-04e04ae2f2af;;1987-07-22;178842.0;JOAO HENRIQUE HOLANDA CALDAS;JHC;;;
e22525c9-6ff7-4e0d-8dc0-9a05a8ad4d37;;1958-07-06;178856.0;JOAO GUALBERTO VASCONCELOS;JOÃO GUALBERTO;;;
fffd7fbd-bcad-484a-b237-b7d6c22847fc;;1980-11-28;178839.0;JESSICA ROJAS SALES;JÉSSICA SALES;;;
c42ba4c3-eb25-4618-8c6e-c39f2fca8d4b;;1983-09-03;160531.0;JOHNATHAN PEREIRA DE JESUS;JHONATAN DE JESUS;;;
216e1c45-0baf-4caf-9961-2e075aedd7a7;;1964-10-26;74273.0;JEFFERSON ALVES DE CAMPOS;JEFFERSON CAMPOS;;;
86e78af8-6454-4683-a807-9cd436dd6f9d;;1942-08-23;131943.0;Jarbas de Andrade Vasconcelos;JARBAS VASCONCELOS;;;
22390617-8e76-40de-b1e9-e8ae25038ff6;;1955-03-21;74847.0;JAIR MESSIAS BOLSONARO;JAIR BOLSONARO;;;
e8b3467d-ab12-4846-8338-e25fd8bc2da6;;1953-06-17;74665.0;JAIME MARTINS FILHO;JAIME MARTINS;;;
434624d9-87a5-428c-880a-be1058b936cf;;1974-03-10;160672.0;JEAN WYLLYS DE MATOS SANTOS;JEAN WYLLYS;;;
0d3e39a0-3462-4f3b-979e-469bc2e49b95;;1976-01-20;160570.0;JERÔNIMO PIZZOLOTTO GOERGEN;JERÔNIMO GOERGEN;;;
ba67cbc5-ed65-4d37-9024-bd6a45183a5b;;1946-07-05;73531.0;IVAN VALENTE;IVAN VALENTE;;;
fc293d61-e1c1-4bde-8c12-15693de65c43;;1961-07-26;196378.0;IZAQUE JOSE DA SILVA;IZAQUE SILVA;;;
79864b9a-c1cc-4244-8c61-a2fc28504ce2;;1966-11-04;178855.0;ANTONIO LAZARO SILVA;IRMÃO LAZARO;;;
0259d6a1-5608-4c59-a585-0a3cfeb5e315;;1956-04-07;4931.0;IZALCI LUCAS FERREIRA;IZALCI LUCAS;;;
8634cd1d-5eb2-4ce1-b32e-d869ced1ef65;;1970-10-20;141389.0;ANTONIO PEDRO INDIO DA COSTA;INDIO DA COSTA;;;
4c90f154-beb4-46fd-b262-2165850899e1;;1983-02-03;81232.0;IRAJÁ SILVESTRE FILHO;IRAJÁ ABREU;;;
1a856047-8ea5-4cf1-8233-ca0313b198c8;;1945-10-20;194592.0;ILDON MARQUES DE SOUZA;ILDON MARQUES;;;
506bd908-b60f-4864-9d64-58110734fd45;;1966-04-23;67138.0;IRACEMA MARIA PORTELLA NUNES NOGUEIRA LIMA;IRACEMA PORTELLA;;;
d8cb3a2a-6e4e-49bd-9102-bf7119051ec3;;1978-02-06;160596.0;HEULER ABREU CRUVINEL;HEULER CRUVINEL;;;
5322b1a0-439a-42c2-a5ea-6c6f70395081;;1989-09-11;160674.0;HUGO MOTTA WANDERLEY DA NÓBREGA;HUGO MOTTA;;;
eda1c76c-08cf-4f4e-a0f9-fb53354784d4;;1950-08-01;97707.0;HERÁCLITO DE SOUSA FORTES;HERÁCLITO FORTES;;;
3bd8d03c-be1a-47e1-988b-47828c522022;;1962-08-06;141450.0;HUGO LEAL MELO DA SILVA;HUGO LEAL;;;
f4a5921c-9f7b-4176-a94a-96996b979c9a;;1956-08-04;178981.0;HERCULANO CASTILHO PASSOS JUNIOR;HERCULANO PASSOS;;;
2eeaf9c2-537e-4b3b-a18e-e83180c26ce8;;1958-04-25;73772.0;HERMES PARCIANELLO;HERMES PARCIANELLO;;;
893e009e-a971-403f-86a7-ac5dcf197f9d;;1960-04-22;178884.0;HILDO AUGUSTO DA ROCHA NETO;HILDO ROCHA;;;
70825e89-8f53-4af7-a7a9-caf435526fdc;;1980-08-02;178849.0;HISSA NAGIB ABRAHAO FILHO;HISSA ABRAHÃO;;;
74f99559-defd-4519-8678-65114e534908;;1962-03-25;178964.0;HEITOR JOSE SCHUCH;HEITOR SCHUCH;;;
e48da2c7-36c4-430b-912b-71fa3c909cfe;;1964-03-08;178873.0;HELDER IGNACIO SALOMAO;HELDER SALOMÃO;;;
f185b176-4efb-4fa5-966f-22c116a435df;;1982-10-14;160667.0;GUILHERME MUSSI FERREIRA;GUILHERME MUSSI;;;
4a14500f-eff5-45db-a05b-c4ce768b5be7;;1957-12-09;178909.0;HELIO LEITE DA SILVA;HÉLIO LEITE;;;
2e12915f-6c39-49bb-8d7e-e3d2ca618e2d;;1953-12-23;178980.0;ANTONIO GOULART DOS REIS;GOULART;;;
a9c4ae04-0d34-4cac-955f-71662ccf509a;;1960-01-18;73482.0;HENRIQUE FONTANA JÚNIOR;HENRIQUE FONTANA;;;
b5a06a77-ee25-4f9b-a99a-1be347b47553;;1946-04-26;74419.0;LUIZ GONZAGA PATRIOTA;GONZAGA PATRIOTA;;;
f9325c76-87ec-4f27-9a53-fe4f13a31267;;1969-10-28;178872.0;GIVALDO VIEIRA DA SILVA;GIVALDO VIEIRA;;;
24689a93-609f-48d6-822b-59b47c171844;;1962-04-28;194259.0;GUILHERME CRUZ DE SOUZA COELHO;GUILHERME COELHO;;;
b09be9bc-b9d5-4657-855d-4b0352f1b507;;1957-01-14;178878.0;GIUSEPPE VECCI;GIUSEPPE VECCI;;;
fc8be6cd-4392-4c71-ae68-157f0b77216f;;1957-10-14;74558.0;GIVALDO DE SÁ GOUVEIA;GIVALDO CARIMBÃO;;;
4e884a18-1409-4e50-b0f5-a90e9e441053;;1957-04-10;178996.0;GIOVANI BATISTA FELTES;GIOVANI FELTES;;;
c8007469-7783-447b-8c91-afd1f2a80798;;1970-12-17;74383.0;FERNANDO LÚCIO GIACOBO;GIACOBO;;;
4660cf2c-9286-4687-83bf-cff70b3a6c4c;;1956-07-09;74270.0;GILBERTO NASCIMENTO SILVA;GILBERTO NASCIMENTO;;;
9027259f-e3b5-4f0b-9a08-79bfda5828e5;;1952-04-10;129618.0;MARIA GORETE PEREIRA;GORETE PEREIRA;;;
9c277169-9b8b-4b2a-b9b6-7843b9f9da5e;;1972-03-30;178966.0;GEOVANIA DE SA RODRIGUES;GEOVANIA DE SÁ;;;
de2725ff-e1e7-4c64-8066-86e11e9fe9f7;;1983-06-06;129037.0;GABRIEL GUIMARÃES DE ANDRADE;GABRIEL GUIMARÃES;;;
0d211f58-61f3-4ba6-855f-71477b0c450a;;1955-04-20;74374.0;GERALDO RESENDE PEREIRA;GERALDO RESENDE;;;
9ac1a3b0-78d2-439a-950c-b8ae3cef8a9e;;1960-06-23;160673.0;GIOVANI CHERINI;GIOVANI CHERINI;;;
693cc36c-5c9b-42c2-bfae-e76858232c57;;1971-06-11;141441.0;GEORGE HILTON DOS SANTOS CECÍLIO;GEORGE HILTON;;;
6b0d5938-41f1-4c69-ad1e-f0642b5c728b;;1963-03-13;160669.0;GENECIAS MATEUS NORONHA;GENECIAS NORONHA;;;
91894fa3-82f1-432b-a3a9-4de4da2385fb;;1971-11-13;178978.0;FLAVIO AUGUSTO DA SILVA;FLAVINHO;;;
1a91f188-e981-448e-b733-a5f75025f061;;1968-12-28;160676.0;FERNANDO DANTAS TORRES;FERNANDO TORRES;;;
18c7a3d5-b539-41d9-9187-77f159e23293;;1949-11-17;141434.0;FLAVIANO FLÁVIO BAPTISTA DE MELO;FLAVIANO MELO;;;
2c875c02-f6be-4159-af40-d348c47550e3;;1959-09-21;160677.0;FRANCISCO FLORIANO DE SOUSA SILVA;FRANCISCO FLORIANO;;;
e8b3ad0f-a9f5-4d11-990f-4a8b6ff397d9;;1976-09-17;92699.0;FERNANDO MONTEIRO DE ALBUQUERQUE;FERNANDO MONTEIRO;;;
9838c4d2-623c-45a9-970c-71a881c07e16;;1952-06-23;163831.0;FERNANDO ANTÔNIO CECILIANO JORDÃO;FERNANDO JORDÃO;;;
90ee0f31-5e30-416a-b524-2105e92fe1d2;;1973-04-04;186775.0;FRANKLIN ROBERTO DE LIMA SOUZA;FRANKLIN;;;
4741ed10-4393-4967-8922-77c90bdcec88;;1984-02-28;141431.0;FERNANDO BEZERRA DE SOUZA COELHO FILHO;FERNANDO COELHO FILHO;;;
6c23d519-8090-411e-8aa2-605b21cf54f5;;1969-08-18;160587.0;FÁBIO RICARDO TRAD;FÁBIO TRAD;;;
3f8c9516-7cae-42b7-9b1e-3b2f495b3f37;;1973-12-07;141429.0;FELIPE CATALÃO MAIA;FELIPE MAIA;;;
88c627b9-416b-4274-b918-0df57e525694;;1956-07-31;73481.0;FERNANDO STEPHAN MARRONI;FERNANDO MARRONI;;;
48ced01a-b618-4314-8231-acf12757148c;;1969-04-26;160598.0;FLÁVIA CARREIRO ALBUQUERQUE MORAIS;FLÁVIA MORAIS;;;
dc1d858b-f31c-4fd2-bdc7-4edb537eee14;;1978-12-26;141430.0;FELIPE LEONE BORNIER DE OLIVEIRA;FELIPE BORNIER;;;
4b1e3baa-2862-4408-93be-fb932e55c0fe;;1975-04-16;72442.0;FELIPE AUGUSTO LYRA CARRERAS;FELIPE CARRERAS;;;
60ca1f38-b961-4c81-b00f-d76d5aed1a7e;;1982-09-11;178877.0;FABIO FERNANDES DE SOUSA;FÁBIO SOUSA;;;
edf32f6c-c39c-4331-8ba6-51d49a59b801;;1963-11-29;160666.0;FELIX DE ALMEIDA MENDONÇA JÚNIOR;FÉLIX MENDONÇA JÚNIOR;;;
2d752cc2-d443-4768-b752-33678868fa17;;1961-12-22;141427.0;FÁBIO AUGUSTO RAMALHO DOS SANTOS;FÁBIO RAMALHO;;;
f23c1d52-1aa8-4099-98f9-bb9d6465561f;;1977-04-15;171623.0;FABIO DE ALMEIDA REIS;FABIO REIS;;;
f84ecb6c-e92c-4882-9843-003051be682e;;1955-02-25;178941.0;EZEQUIEL CORTAZ TEIXEIRA;EZEQUIEL TEIXEIRA;;;
94d0868b-83d0-4d6b-83ad-6f0b829b5f5e;;1977-06-29;178905.0;FABIO PAULINO GARCIA;FABIO GARCIA;;;
706fd0ee-b568-448e-84bd-bc42c668a39e;;1974-08-25;146829.0;FABIANO TAQUES HORTA;FABIANO HORTA;;;
cd17c3fd-0140-461d-b5ee-efd2affd5b5f;;1988-10-05;178953.0;EXPEDITO GONCALVES FERREIRA NETTO;EXPEDITO NETTO;;;
70a94318-a254-4d66-9585-f539f30f75fb;;1977-02-24;178969.0;FABIO CRUZ MITIDIERI;FÁBIO MITIDIERI;;;
76563ffb-1923-4029-92e2-36fefbfd0663;;1963-10-28;178904.0;EZEQUIEL ANGELO FONSECA;EZEQUIEL FONSECA;;;
b050ba0b-d604-4203-b521-2d01191979df;;1977-09-01;141428.0;FÁBIO SALUSTINO MESQUITA DE FARIA;FÁBIO FARIA;;;
d8891d3f-e9d9-4172-8b22-972834935e79;;1973-03-03;178930.0;EVANDRO ROGERIO ROMAN;EVANDRO ROMAN;;;
235f6d78-3cac-4f32-a074-8bbe87207b93;;1977-02-27;178883.0;ELIZIANE PEREIRA GAMA MELO;ELIZIANE GAMA;;;
52953156-f626-447a-bee1-4f78daa430e0;;1971-05-20;160640.0;EROS FERREIRA BIONDINI;EROS BIONDINI;;;
2f76bf90-84ad-4159-a2ce-2067408c9f61;;1980-09-11;178828.0;EVANDRO HERRERA BERTONE GUSSI;EVANDRO GUSSI;;;
e2d14a77-be39-4120-901d-0e8b757d6f2b;;1957-08-15;160575.0;ÉRIKA JUCÁ KOKAY;ERIKA KOKAY;;;
2faf0164-5bb5-4015-a25d-6543e85806fb;;1961-03-27;132504.0;ENIO JOSÉ VERRI;ENIO VERRI;;;
35f4f858-1c3c-4cd4-a010-1a31e81c2696;;1965-01-29;99654.0;ERIVELTON LIMA SANTANA;ERIVELTON SANTANA;;;
6661deb9-1281-4b24-833f-11bb9895e63a;;1970-07-06;178854.0;ELMAR JOSE VIEIRA NASCIMENTO;ELMAR NASCIMENTO;;;
5daa2f11-b281-4441-bb1d-3c2dcb5d4ebf;;1976-01-13;160532.0;ADRIANO ELI CORRÊA;ELI CORRÊA FILHO;;;
aa96eebd-e753-4585-90c4-d0b724e46eca;;1972-10-17;141421.0;EDUARDO HENRIQUE DA FONTE DE ALBUQUERQUE SILVA;EDUARDO DA FONTE;;;
e8e945cc-2db7-4e30-8a09-73307aab294c;;1944-10-05;74075.0;ELCIONE THEREZINHA ZAHLUTH BARBALHO;ELCIONE BARBALHO;;;
6c56046c-8be2-4b6b-95eb-9ec825ef558c;;1979-03-18;141422.0;EFRAIM DE ARAÚJO MORAIS FILHO;EFRAIM FILHO;;;
c6ce70f7-7478-4fe5-b287-d24d98fba485;;1958-09-29;74173.0;EDUARDO COSENTINO DA CUNHA;EDUARDO CUNHA;;;
cbd6d9e3-8e13-4d83-92bf-83160bbe4b83;;1963-09-19;178977.0;EDUARDO PEDROSA CURY;EDUARDO CURY;;;
0b216403-8aaf-4957-8c99-127003b9a9ea;;1950-03-06;73793.0;EDSON BEZ DE OLIVEIRA;EDINHO BEZ;;;
dbef1c04-8972-4b34-a5b9-c47d9f68f56d;;1952-01-04;141417.0;ÉDIO VIEIRA LOPES;EDIO LOPES;;;
a34661ca-182a-4bc2-9342-e145b58789ee;;1963-12-15;178994.0;DULCE FERREIRA PAGANI MIRANDA;DULCE MIRANDA;;;
6d8fb083-db6f-4d94-8820-ab7924396630;;1949-07-30;73447.0;EDSON EDINHO COELHO ARAÚJO;EDINHO ARAÚJO;;;
fbd253f5-d926-4af8-ad55-125ca1d1ba31;;1964-05-16;141385.0;ANTONIO DUARTE NOGUEIRA JÚNIOR;DUARTE NOGUEIRA;;;
eb090a25-6a31-48ba-b8ea-5220c919c4ce;;1959-09-26;160578.0;EDMAR DE SOUZA ARRUDA;EDMAR ARRUDA;;;
8a742c5a-a714-4684-9d48-fcedd24b9f03;;1982-01-24;181316.0;ELIZEU DIONIZIO SOUZA DA SILVA;ELIZEU DIONIZIO;;;
5c5b3dfb-f0a7-482b-b0a0-86863c98bdd7;;1952-06-03;160643.0;JORGE SILVA;DR. JORGE SILVA;;;
ae83be0e-d75c-4a5d-87b0-3830b6643664;;1951-02-23;178830.0;SINVAL MALHEIROS PINTO JÚNIOR;DR. SINVAL MALHEIROS;;;
c4befed6-2e1d-4bd7-9356-9c011f971a98;;1984-10-10;178929.0;DIEGO ALEXSANDER GONCALO PAULA GARCIA;DIEGO GARCIA;;;
32044dd4-a5ad-4841-8bd8-beb13d9a60c5;;1950-08-05;178940.0;JOAO FERREIRA NETO;DR. JOÃO;;;
a643c0d9-e2bb-4b8c-b601-2654298e26bf;;1957-03-25;160758.0;DOMINGOS SÁVIO CAMPOS RESENDE;DOMINGOS SÁVIO;;;
29ef5845-b89a-4ca7-b54d-bc02bd3e363e;;1977-08-08;160588.0;DIEGO LEONARDO DE ANDRADE CARVALHO;DIEGO ANDRADE;;;
9d717d97-50eb-4d60-8822-afc707217b38;;1973-05-23;160599.0;DIMAS FABIANO TOLEDO JÚNIOR;DIMAS FABIANO;;;
13dffb43-6f8d-4239-82d7-38f69c147851;;1988-04-29;143632.0;DOMINGOS GOMES DE AGUIAR NETO;DOMINGOS NETO;;;
ac3c1968-0b32-496d-b03d-0d6d5d2a8b84;;1962-11-28;164359.0;WALDIR SOARES DE OLIVEIRA;DELEGADO WALDIR;;;
ce85b56a-9722-4b14-8393-5d5bb40bc4dd;;1960-10-01;141413.0;DÉCIO NERY DE LIMA;DÉCIO LIMA;;;
491a964d-a944-4656-ae75-a294f714c026;;1960-12-14;178908.0;EDER MAURO CARDOSO BARRA;DELEGADO ÉDER MAURO;;;
90885038-66ec-4ba7-8b80-d5f414fd1307;;1959-08-28;74172.0;WANDERLEY ALVES DE OLIVEIRA;DELEY;;;
2e226de9-b80f-4104-9bc4-160ca3721ab2;;1970-03-26;160646.0;FERNANDO DESTITO FRANCISCHINI;DELEGADO FRANCISCHINI;;;
f44dbc68-46e8-466b-93dc-0eb5b4d2a7f9;;1974-06-18;196357.0;DEJORGE PATRICIO DA SILVA;DEJORGE PATRÍCIO;;;
2f501697-a2c1-4ea3-a318-58f18fd98d47;;1960-11-07;101309.0;DAVIDSON DE MAGALHÃES SANTOS;DAVIDSON MAGALHÃES;;;
09b672a8-be3a-4828-abeb-b8bd682ea3c3;;1959-04-16;178893.0;EDSON MOREIRA DA SILVA;DELEGADO EDSON MOREIRA;;;
0c92b854-41ff-4d55-939c-518298453448;;1962-12-09;185500.0;DEOCLIDES ANTONIO SANTOS NETO MACEDO;DEOCLIDES MACEDO;;;
22f2ad04-c5a4-4f2d-a8fa-d52344db1ac7;;1955-01-21;74060.0;DANIEL GOMES DE ALMEIDA;DANIEL ALMEIDA;;;
4dcc5a3d-2493-4198-9a31-7cfc32fd2388;;1976-11-22;141412.0;DAVI ALVES SILVA JÚNIOR;DAVI ALVES SILVA JÚNIOR;;;
cf160719-9c00-4827-9161-d6acc6c45ea4;;1947-04-02;73891.0;DARCÍSIO PAULO PERONDI;DARCÍSIO PERONDI;;;
9fb63854-5755-4446-823c-d09644debdc5;;1955-07-21;141411.0;DAGOBERTO NOGUEIRA FILHO;DAGOBERTO NOGUEIRA;;;
532176c6-ae13-4b60-ae57-7074fd82984f;;1952-04-28;74467.0;DAMIÃO FELICIANO DA SILVA;DAMIÃO FELICIANO;;;
061b939a-63fd-4174-9f63-60a062afb15a;;1952-12-02;178892.0;DAMINA DE CARVALHO PEREIRA;DÂMINA PEREIRA;;;
d563a712-4b1f-41d2-8c67-3eb06055b247;;1966-01-01;178848.0;MARIA DA CONCEICAO SAMPAIO MOURA;CONCEIÇÃO SAMPAIO;;;
a65562c9-24fe-4d3b-adc0-754db6fc8b05;;1973-12-21;93472.0;CRISTIANE BRASIL FRANCISCO;CRISTIANE BRASIL;;;
1dcaedca-d8b1-4e86-a430-901a9c505cd4;;1963-12-01;74537.0;CLÁUDIO CAJADO SAMPAIO;CLAUDIO CAJADO;;;
adf5a62f-917c-48f8-87cd-135c2a5dc40b;;1987-07-25;178963.0;LUIS ANTONIO FRANCISCATTO COVATTI;COVATTI FILHO;;;
ec192e8c-5ba5-45c1-be66-7081079ad815;;1972-05-10;141408.0;CLEBER VERDE CORDEIRO MENDES;CLEBER VERDE;;;
d118837d-12bb-4b37-a264-e4facc1a4f58;;1939-08-13;141440.0;FRANCISCO LOPES DA SILVA;CHICO LOPES;;;
a37694df-ab76-46fd-bdc5-8b8625cb2525;;1982-07-02;178939.0;CLARISSA BARROS ASSED MATHEUS DE OLIVEIRA;CLARISSA GAROTINHO;;;
8c1d008f-1cf7-497a-9369-fe01cc80a8ba;;1953-02-11;141439.0;FRANCISCO JOSÉ D'ANGELO PINTO;CHICO D'ANGELO;;;
19eaff28-3ded-4e14-a944-af29bfe76b3a;;1957-11-08;73720.0;César Antonio de Souza;CESAR SOUZA;;;
64418218-4c81-4a5b-a2f2-d871695b118a;;1960-02-23;178928.0;CHRISTIANE DE SOUZA YARED;CHRISTIANE DE SOUZA YARED;;;
e126580c-d055-4d70-b9c9-0c0a5c1e4731;;1958-07-05;178838.0;CARLOS CESAR CORREIA DE MESSIAS;CÉSAR MESSIAS;;;
957eeb8d-3576-4cfb-9ac6-13b1a1bf50ce;;1949-10-19;74171.0;FRANCISCO RODRIGUES DE ALENCAR FILHO;CHICO ALENCAR;;;
470ad20c-360c-4cdf-91e4-8818873c5299;;1954-03-10;160576.0;CESAR HANNA HALUM;CÉSAR HALUM;;;
c37e9887-d01e-4160-bb6d-6219d6364f41;;1956-08-20;73441.0;CELSO UBIRAJARA RUSSOMANNO;CELSO RUSSOMANNO;;;
c2fa1de0-3de1-4a78-bfb4-e9892a7bfd82;;1963-10-10;72912.0;CELSO PANSERA;CELSO PANSERA;;;
87f9454d-a219-4adc-887d-259bb99bd30b;;1973-04-18;160552.0;DANRLEI DE DEUS HINTERHOLZ;DANRLEI DE DEUS HINTERHOLZ;;;
ab8c3b74-4d53-4026-95a1-e26b2b052370;;1953-08-30;141405.0;CELSO MALDANER;CELSO MALDANER;;;
933133f2-2590-4396-a332-158f0a7fd841;;1962-10-06;164360.0;CARMEN EMÍLIA BONFÁ ZANOTTO;CARMEN ZANOTTO;;;
bcb371e8-0fc6-46cd-8b68-c5d034272463;;1959-09-19;178876.0;CELIO ANTONIO DA SILVEIRA;CÉLIO SILVEIRA;;;
fb0e038c-ccc4-48e0-bcbb-1e1cf8626435;;1957-01-19;73568.0;CELSO ALENCAR RAMOS JACOB;CELSO JACOB;;;
3b2fc188-dcd8-4c6d-8087-81b7957ecf69;;1972-06-13;178962.0;ANTONIO CARLOS GOMES DA SILVA;CARLOS GOMES;;;
5865051e-5f41-489f-936d-392ffaef3b7c;;1940-04-23;74474.0;CARLOS EDUARDO CINTRA DA COSTA PEREIRA;CARLOS EDUARDO CADOCA;;;
810e2551-42d3-4b83-bf66-90a83b4d49ad;;1964-09-26;178958.0;CARLOS AUGUSTO ANDRADE SILVA;CARLOS ANDRADE;;;
badbf483-2dd5-43e5-b046-4f5a2a3779b4;;1972-12-31;178924.0;FABIO ABREU COSTA;CAPITÃO FÁBIO ABREU;;;
be6ba8f2-2ee4-4ba1-be69-b95aea615561;;1966-10-04;178829.0;JOSE AUGUSTO ROSA;CAPITÃO AUGUSTO;;;
7f41dea1-3c10-4ce6-b6d1-0ec6b28e9de0;;1959-06-08;141398.0;CARLOS ALBERTO ROLIM ZARATTINI;CARLOS ZARATTINI;;;
f8fd57e7-1938-4cc7-b1b6-027ce3157bf2;;1936-07-10;194258.0;CLEUZA PEREIRA DO NASCIMENTO;CREUZA PEREIRA;;;
e3cfe928-06f4-4c8b-a46a-bc248baf9237;;1986-08-21;178891.0;CAIO NARCIO RODRIGUES DA SILVEIRA;CAIO NARCIO;;;
899ec03c-b0aa-4693-b0d6-f9563c4fb7d3;;1954-09-23;178853.0;LUIZ CARLOS CAETANO;CAETANO;;;
7137a096-45f6-4c0a-89c0-df1111192c8c;;1965-11-16;194261.0;CAJAR ONESIMO RIBEIRO NARDES;CAJAR NARDES;;;
4904cfcc-3201-4641-bdc6-5e6693c7b001;;1989-08-21;178999.0;BRUNIELE FERREIRA GOMES;BRUNNY;;;
41ec398d-d5cc-4d2a-974b-23ea75f4b666;;1983-04-28;160589.0;BRUNA DIAS FURLAN;BRUNA FURLAN;;;
651a6cf6-626e-4469-9af6-374c86a6efdd;;1930-05-14;74650.0;BONIFÁCIO JOSÉ TAMM DE ANDRADA;BONIFÁCIO DE ANDRADA;;;
ed0ba42c-c88a-44cc-8d72-11deca3cc87e;;1982-02-01;178948.0;CARLOS ALBERTO DE SOUSA ROSADO SEGUNDO;BETO ROSADO;;;
c9dd22f4-a949-4dc6-a0c3-ea6bdf58584d;;1962-02-05;160538.0;ELVINO JOSÉ BOHN GASS;BOHN GASS;;;
bbf9b3c5-0ae3-4ded-a7c8-37eb556c34f3;;1974-02-12;178906.0;ROBERTO SALAME FILHO;BETO SALAME;;;
58f54abb-4d96-4584-a106-315194f07d33;;1963-06-08;141513.0;OLAVO BILAC PINTO NETO;BILAC PINTO;;;
f37f28b2-5516-44a2-a66c-8a9e85f0af7d;;1972-03-15;141394.0;BRUNO CAVALCANTI DE ARAÚJO;BRUNO ARAÚJO;;;
a1ea6431-b96f-41a4-b703-6714fd46f750;;1975-04-27;178915.0;HEBERTE LAMARCK GOMES DA SILVA;BETINHO GOMES;;;
9cad7a0c-14e0-402a-9a5e-255bedb9f9da;;1948-08-29;74535.0;BENITO DA GAMA SANTOS;BENITO GAMA;;;
9f043e06-b534-4348-bb54-924da092c732;;1942-04-26;73701.0;BENEDITA SOUZA DA SILVA SAMPAIO;BENEDITA DA SILVA;;;
b715d17d-c3a3-4ac0-b57e-435aae8e6ce3;;1971-11-30;74040.0;BENJAMIN GOMES MARANHÃO NETO;BENJAMIN MARANHÃO;;;
a6c6411c-f4ae-4041-bf9c-53563d66a24e;;1951-07-07;73437.0;PAULO ROBERTO GOMES MANSUR;BETO MANSUR;;;
2c55c020-8a83-4034-91ba-2373f300d91b;;1962-06-09;178834.0;ADALBERTO SOUZA GALVÃO;BEBETO;;;
0484739c-4501-4bfd-b135-2068e6e13b45;;1972-06-09;178975.0;LUIZ FELIPE BALEIA TENUTO ROSSI;BALEIA ROSSI;;;
51ff6020-11f3-46ba-b752-48ac34de85c1;;1957-07-09;69871.0;JOAO CARLOS BACELAR BATISTA;BACELAR;;;
8863bcff-bb80-4703-97a9-26bd3a49f2e9;;1979-02-17;160512.0;AUREO LIDIO MOREIRA RIBEIRO;AUREO;;;
58c215be-9043-4664-9729-88c15aeae274;;1941-11-04;141401.0;CARLOS GOMES BEZERRA;CARLOS BEZERRA;;;
12fc091a-6836-4708-a8f3-2b4262da1b00;;1962-10-22;160665.0;AUGUSTO RODRIGUES COUTINHO DE MELO;AUGUSTO COUTINHO ;;;
9ed926fe-7d7f-443c-ac39-a0b820ae4cf8;;1953-07-27;73655.0;AUGUSTO SILVEIRA DE CARVALHO;AUGUSTO CARVALHO;;;
9a3109a4-720a-4eb6-af7b-0b9e7b8bc4d1;;1950-09-28;74052.0;JOÃO BOSCO DA COSTA;BOSCO COSTA;;;
fb3a1677-ec5b-470f-b9af-3f989c5d63b2;;1974-06-24;193165.0;ATILA ALEXANDRE NUNES PEREIRA;ÁTILA A. NUNES;;;
b6f9f7cc-0830-43e6-b221-bb93f49301bb;;1979-10-01;178847.0;ARTHUR VIRGILIO DO CARMO RIBEIRO BISNETO;ARTHUR VIRGÍLIO BISNETO;;;
eabc1659-3af6-48f2-992a-c8170c2ed216;;1962-09-14;160581.0;ASSIS FLÁVIO DA SILVA MELO;ASSIS MELO;;;
779321a2-c1bf-45f6-b924-44579cf31534;;1947-04-07;74459.0;ÁTILA FREITAS LIRA;ÁTILA LIRA;;;
c120c6c5-f9f6-453c-8b32-0b41a3944545;;1950-11-22;74090.0;ÁTILA SIDNEY LINS ALBUQUERQUE;ÁTILA LINS;;;
516d6725-6f21-4b50-9cfe-d0f96068bf24;;1964-08-17;160600.0;ARTHUR DE OLIVEIRA MAIA DA SILVA;ARTHUR OLIVEIRA MAIA;;;
fba73252-efa6-42ea-8deb-8814e4ca045e;;1961-09-09;159237.0;FRANCISCO DE ASSIS CARVALHO GONÇALVES;ASSIS CARVALHO;;;
79d19612-2eb2-4c4f-b889-de31d901cc49;;1937-03-11;74833.0;AROLDE DE OLIVEIRA;AROLDE DE OLIVEIRA;;;
de06436e-b542-4e0c-ae46-b330a989326c;;1958-11-30;160602.0;ARNALDO JORDY FIGUEIREDO;ARNALDO JORDY;;;
882eccc7-1b37-4b79-a865-c66fc77eae5e;;1955-05-08;141391.0;ARNALDO CALIL PEREIRA JARDIM;ARNALDO JARDIM;;;
3ad51ec7-67bc-4936-9fce-ff1f7e4bee82;;1949-12-24;73433.0;ARLINDO CHIGNALIA JUNIOR;ARLINDO CHINAGLIA;;;
68055b96-ea10-46cd-847a-dae113abd13e;;1938-10-11;74103.0;FRANCISCO ARIOSTO HOLANDA;ARIOSTO HOLANDA;;;
60163117-c00b-4dc0-8b71-ef05fee193c1;;1948-03-12;160530.0;ANTONIO JOSÉ IMBASSAHY DA SILVA;ANTONIO IMBASSAHY;;;
d8c48799-a140-4ade-8e34-41d786404d3c;;1962-05-26;178950.0;ANTONIO JACOME DE LIMA JUNIOR;ANTÔNIO JÁCOME;;;
a5b421ff-5a68-4e15-ad0b-3bc7f467119d;;1945-12-30;73434.0;ARNALDO FARIA DE SÁ;ARNALDO FARIA DE SÁ;;;
a1541a32-5a58-4727-b09a-fceec641c088;;1963-12-24;178974.0;ANDRES NAVARRO SANCHEZ;ANDRES SANCHEZ;;;
c847237c-fde9-4a7b-8457-a7c318948313;;1989-08-27;178882.0;ANDRE LUIZ CARVALHO RIBEIRO;ANDRÉ FUFUCA;;;
fccb2032-ac27-4cb1-8baf-dfd5ac60cf86;;1946-06-13;73584.0;ANTONIO CARLOS DE MENDES THAME;ANTONIO CARLOS MENDES THAME;;;
e70d3ae0-6450-4586-9585-1a8a22276377;;1969-06-25;160541.0;ARTHUR CÉSAR PEREIRA DE LIRA;ARTHUR LIRA;;;
12b60beb-6603-41a2-89cb-a40110286b4c;;1972-02-23;160543.0;ANDRÉ LUIS DANTAS FERREIRA;ANDRE MOURA;;;
aeb6708c-3cdb-43a8-8338-c43d338df900;;1966-11-10;133439.0;ANDRÉ PEIXOTO FIGUEIREDO LIMA;ANDRÉ FIGUEIREDO;;;
fd69ca2e-540c-4dc0-9449-fb2aaa417f0a;;1972-12-10;160551.0;ANDERSON FERREIRA RODRIGUES;ANDERSON FERREIRA;;;
54cfb1df-2ff1-495a-99ca-79386e63440a;;1970-11-10;178831.0;ANDRE DOS SANTOS ABDON;ANDRÉ ABDON;;;
bac4e022-cd17-4488-8042-87657f878e69;;1961-07-22;74471.0;ANDRÉ CARLOS ALVES DE PAULA FILHO;ANDRÉ DE PAULA;;;
bd71ff1e-6f70-4c2b-85b1-d7ac102e7100;;1968-09-13;178937.0;ALTINEU CÔRTES FREITAS COUTINHO;ALTINEU CÔRTES;;;
686ab621-1839-4a6e-a69a-51978086c49f;;1951-08-13;74291.0;JOSÉ ARNON CRUZ BEZERRA DE MENEZES;ARNON BEZERRA;;;
f0faefe8-613a-457e-9f7a-80ee47f7fc05;;1990-07-26;195143.0;ANDRÉ AUGUSTO CASTRO DO AMARAL FILHO;ANDRÉ AMARAL;;;
79af7558-25d0-49ef-94b2-650a59bfc218;;1952-05-05;178846.0;ALFREDO PEREIRA DO NASCIMENTO;ALFREDO NASCIMENTO;;;
40ad512f-7442-45cc-9121-0da7fd3f33cb;;1989-02-26;178927.0;ALIEL MACHADO BARK;ALIEL MACHADO;;;
1370bac3-4776-454f-a8ba-c9c205badcc9;;1959-05-16;74057.0;ALICE MAZZUCO PORTUGAL;ALICE PORTUGAL;;;
2e0a6d49-4d9e-4637-a924-10b7bdf388c6;;1975-11-29;178833.0;ALEXANDRE AUGUSTUS SERFIOTIS;ALEXANDRE SERFIOTIS;;;
7feddbf1-cd2b-427f-9092-661ded7b7b18;;1989-04-18;160545.0;ALEXANDRE LEITE DA SILVA;ALEXANDRE LEITE;;;
238a2445-ec97-4f40-9e14-e8c7196528ca;;1955-11-07;141454.0;JACOB ALFREDO STOFFELS KAEFER;ALFREDO KAEFER;;;
6ef8349d-bbc8-4ebf-bf86-782ad5112b41;;1979-08-22;178972.0;ALEX SPINELLI MANENTE;ALEX MANENTE;;;
5ac757ec-9bfb-4fab-9636-a988b2131ddd;;1964-06-11;73458.0;ALEX CANZIANI SILVEIRA;ALEX CANZIANI;;;
f1e3510c-95b2-41d3-8740-e4cf60441dbb;;1980-07-21;178875.0;ALEXANDRE BALDY DE SANT'ANNA BRAGA;ALEXANDRE BALDY;;;
770e19d6-ed26-42fa-905a-d7add3e2b100;;1954-06-04;160559.0;ALCEU MOREIRA DA SILVA;ALCEU MOREIRA;;;
5754846c-ffa6-4c5e-b6d9-2fa72c032b04;;1963-08-22;178973.0;ANA LUCIA LIPPAUS PERUGINI;ANA PERUGINI;;;
90a1634d-3c2c-429f-a2dc-bfbffc6cd265;;1973-04-07;178936.0;ALEXANDRE VALLE CARDOSO;ALEXANDRE VALLE;;;
10f03ca6-7c37-492f-8b8d-2df753ddc9bf;;1971-10-28;160511.0;ALESSANDRO LUCCIOLA MOLON;ALESSANDRO MOLON;;;
8bd0c743-0854-4a10-9a97-7cf0586eda91;;1956-06-02;73579.0;JOÃO ALBERTO FRAGA SILVA;ALBERTO FRAGA;;;
c072c80f-3595-43c0-86a2-f9de4ab08a94;;;;;;5573.0;Abel Rebouças São José;Abel Rebouças
88776b6d-78a4-4409-b4ed-d6d7da02d5ab;;;;;;111.0;Blairo Borges Maggi;Blairo Maggi
664ca3b7-95cf-4647-b0d9-7c5d69dd5caf;;;;;;5136.0;Cesar Antonio de Souza;Cesar Antonio de Souza
12ccdcb9-3b04-4be8-aadd-287b05819002;;;;;;391.0;Aécio Neves da Cunha;Aécio Neves
ac4e1241-47d9-4b28-a926-45ecb143d59f;;;;;;5631.0;Genésio Ayres Marchetti;Ayres Marchetti
3d8250ad-d2c7-4932-92c8-2b93a11aeed4;;;;;;5633.0;Atilio Francisco da Silva;Atilio Francisco
8117a2a2-3d7f-4f31-a816-7eb3290fd1c6;;;;;;5138.0;Athos de Almeida Lopes;Athos de Almeida Lopes
386d86c5-0783-4cb3-aae0-0201ac1a26e0;;;;;;715.0;Armando de Queiroz Monteiro Neto;Armando Monteiro
b36d3e89-1dfd-4517-8055-1cfad349d2ed;;;;;;5164.0;Ataídes de Oliveira;Ataídes Oliveira
a2533de3-bbef-412a-ae10-5100ea4d2f3f;;;;;;5639.0;Guaracy Batista da Silveira;Bispo Guaracy
91ec91fc-a655-46e9-b24f-ff1b97babe58;;;;;;3823.0;Benedito de Lira;Benedito de Lira
388fef04-b712-4c82-826a-86ac37210469;;;;;;5593.0;Celso Dal Lago Rodrigues;Celso Dal Lago Rodrigues
e157442c-73f5-479b-bdd5-36bbed082774;;;;;;5559.0;José Afonso Teixeira;Bispo José
b1d75ea0-0971-4bef-b93e-4e84bc03f371;;;;;;5603.0;Carlos Augusto Lopes da Costa;Carlos Augusto Costa
ea98af64-ce61-45a4-8f4b-8ded50d585f2;;;;;;5028.0;Armando José de Oliveira;Armando José de Oliveira
1ffcfd67-f316-4ea1-969c-96e99239481a;;;;;;5118.0;Zonir Freitas Tetila;Zonir Freitas Tetila
1052a27f-0307-407c-8bdd-24b6e9e964db;;;;;;5144.0;José Perrella de Oliveira Costa;Zeze Perrella
79bbb177-8bbd-4680-910d-6db3c691baec;;;;;;4697.0;Ângela Maria Gomes Portela;Ângela Portela
865e1ac6-bf2d-4f9b-93a1-86f932a9f150;;;;;;5168.0;Aristavora de Souza Santos;Aristavora de Souza Santos
abe615a3-a87f-4b46-bd82-75a25e0f8eb4;;;;;;3811.0;José Wilson Santiago;Wilson Santiago
14d43b00-ed42-42c8-ba27-66f7b8950a5a;;;;;;5070.0;Wilder Pedro de Morais;Wilder Morais
f1f35be1-09d3-47ba-9deb-54cb8b301e3d;;;;;;3597.0;Wirlande Santos da Luz;Wirlande da Luz
f61cacd1-0e20-4a74-92dc-526ca62eee18;;;;;;5096.0;Wilmar Lacerda;Wilmar Lacerda
21e61d7f-4885-46ba-af27-0996be05fea1;;;;;;1173.0;Wellington Antonio Fagundes;Wellington Fagundes
a52a3599-99d2-4c05-9b70-e098a40fce7b;;;;;;1176.0;Waldemir Moka Miranda de Britto;Waldemir Moka
0b24b902-066d-4501-aa7a-31ed795c4b13;;;;;;5016.0;José Wellington Barroso de Araujo Dias;Wellington Dias
21d77c6d-c0d1-47c4-a429-9674c0d3e791;;;;;;604.0;Walter de Freitas Pinheiro;Walter Pinheiro
4e72f813-d719-4603-b0a3-c4ec1c130b0a;;;;;;4786.0;Virginio José de Carvalho Neto;Virginio de Carvalho
1c52ef0c-d1d6-4748-890d-53a5f46e529f;;;;;;4645.0;Vital do Rêgo Filho;Vital do Rêgo
6b9bc6cf-6b15-4ac8-8812-aea846cff333;;;;;;5082.0;Waldemir Catanho de Sena Júnior;Waldemir Catanho de Sena Júnior
05b55429-5eb2-4d03-a69c-3a26cae8c4ad;;;;;;791.0;Vivaldo Vieira Barbosa;Vivaldo Barbosa
1d5649e5-f68f-40c0-b7f7-f86975a36d92;;;;;;4763.0;Vicente Alves de Oliveira;Vicentinho Alves
bb9287ce-6978-47ac-8891-d1f0261523bc;;;;;;558.0;Vanessa Grazziotin;Vanessa Grazziotin
40d14615-e15e-43e4-97cd-a79a4248826e;;;;;;5084.0;Veridiana Maria Tonini;Veridiana Maria Tonini
0e0dadca-92b8-4152-83dc-8ab070da0c0e;;;;;;5130.0;Valério Djalma Cavalcanti Marinho;Valério Djalma Cavalcanti Marinho
5d12c296-e621-46d1-86af-53c1af438965;;;;;;375.0;Valdir Ganzer;Valdir Ganzer
4ef1a81a-31e3-4a83-a69b-ab3a59e085b3;;;;;;5420.0;Ubiraci Picanço;Ubiraci Picanço
69a391c0-c114-4835-8d64-eb6acf28c59e;;;;;;5068.0;Tânia Cristina Magalhães Bastos e Silva;Tânia Cristina Magalhães Bastos e Silva
8e8c23b8-316d-4b42-b1f6-ea62b2c73ce0;;;;;;438.0;Tilden José Santiago;Tilden Santiago
9dac7a9c-1da3-4986-a712-81addce44c43;;;;;;4949.0;Tomás Guilherme Correia;Tomás Correia
8f5f9a1f-713f-40bd-8c3a-b3b86c12c347;;;;;;5619.0;Thieres Pinto de Mesquita Filho;Thieres Pinto
085b8da7-75da-4a74-9f62-690b407533ae;;;;;;3372.0;Valdir Raupp de Matos;Valdir Raupp
6284584e-83e8-41d2-ae03-a65e87488d81;;;;;;5629.0;Theodorico Bezerra Netto;Theodorico Netto
d731e172-e6d2-41da-91f2-b50738580bfe;;;;;;5535.0;Telmário Mota de Oliveira;Telmário Mota
4d08b889-3dc6-409f-93c4-749c8f2a77b8;;;;;;3396.0;Tasso Ribeiro Jereissati;Tasso Jereissati
0a3c6e80-4436-4468-a816-b12471b3739c;;;;;;5056.0;Silvia Nascimento Cardoso dos Santos Cerqueira;Silvia Nascimento Cardoso dos Santos Cerqueira
ded5a5e0-802d-4076-883e-94befc266229;;;;;;5527.0;Simone Nassar Tebet;Simone Tebet
4c1a0a0a-4e60-4980-84cc-bf878785445b;;;;;;5106.0;Sérgio Rogério de Castro;Sérgio de Castro
c47a2a83-2f7d-4b23-96c8-c8389d230ca3;;;;;;4560.0;Sérgio de Oliveira Cunha;Sérgio Petecão
34073aad-7438-4174-a047-62f7a7ec2461;;;;;;5563.0;Severino Barboza Leão;Severino Leão
9c3156c5-a14b-4d99-9484-b3e55704b988;;;;;;624.0;Aluísio Sérgio Novais Eleutério;Sérgio Novais
296f627e-a475-4057-b4d1-72a73682b546;;;;;;5038.0;Sandra Backsmann Braga;Sandra Braga
d90dd54c-a838-4351-ba10-0a16ec667fb7;;;;;;5583.0;Schariff Moyses;Schariff Moyses
98a53332-5fd9-4493-b9a6-db9d80f5448c;;;;;;5611.0;Severino Nunes de Araujo;Severino Araujo
00a976ac-4646-4751-8d23-e3b101653ea2;;;;;;5172.0;Sanny Japiassú dos Santos;Sanny Japiassú dos Santos
0a9469a3-3731-46af-bcda-e2b2da4d6def;;;;;;5048.0;Sergio de Souza;Sergio Souza
b632a9db-9db4-4a8f-9ddc-9d7754e6494b;;;;;;5074.0;Sander Fraxe Salomao;Sander Fraxe Salomao
bdff27a3-bc83-40b5-bdd4-8391c7a777e5;;;;;;5621.0;Rudson Leite da Silva;Rudson Leite
aa343aa2-ad5d-45c4-88d1-0f998f7a2b1c;;;;;;4847.0;Salomão Alcolumbre Júnior;Salomão Alcolumbre Júnior
67ccee0c-9a35-4379-96c6-0d94517240b1;;;;;;2331.0;Rosilda de Freitas;Rose de Freitas
15f6c4e1-7866-4d6b-8b06-c68b74f34280;;;;;;5601.0;Roosevelt Vita;Roosevelt Vita
3ba55941-dc1f-418e-8dca-4c35d5d9d2ab;;;;;;5110.0;Manoel Antônio Rodrigues Palma;Rodrigues Palma
72c0393e-79e4-4bf0-9bfb-0daeb5d20041;;;;;;5322.0;Romario de Souza Faria;Romário
84e4c713-a00a-49ae-a3e5-3d415fba8de5;;;;;;73.0;Romero Jucá Filho;Romero Jucá
4361d273-5947-4597-adee-f3add02a12f3;;;;;;4593.0;Rodrigo Sobral Rollemberg;Rodrigo Rollemberg
d0fac895-d8ef-48b1-bb9d-5f5170fee734;;;;;;456.0;Ronaldo Ramos Caiado;Ronaldo Caiado
6b04c2d2-6249-4302-a9c5-5a0e28cff224;;;;;;5098.0;Roberto Wagner Monteiro;Roberto Wagner Monteiro
9142f343-a65b-4676-9e85-b776fcecce4e;;;;;;677.0;Roberto Coelho Rocha;Roberto Rocha
dc60217c-0d92-44a0-a210-7a8b0bd5f672;;;;;;72.0;Roberto Requião de Mello e Silva;Roberto Requião
8cf10beb-42e1-41b0-8791-6d84cc16558d;;;;;;5052.0;Roberto de Oliveira Muniz;Roberto Muniz
e8b11aad-a268-4b52-8b38-b4e8eb0d808e;;;;;;5635.0;Ricardo Barreto Franco;Ricardo Franco
67467a48-f2a7-4ba6-90af-5d07e0692a81;;;;;;635.0;Ricardo de Rezende Ferraço;Ricardo Ferraço
ac1e4ec6-8f3c-420d-b07f-e652eaace968;;;;;;5236.0;José Antônio Machado Reguffe;Reguffe
22c978c0-fdf6-4cce-be19-f4f46770718c;;;;;;70.0;José Renan Vasconcelos Calheiros;Renan Calheiros
01760840-8d85-4a14-ae7f-c5b78fb57df5;;;;;;5182.0;Maria Regina Sousa;Regina Sousa
5e973d44-2731-4a1a-9879-32fa13dfdeb8;;;;;;5116.0;Pedro Chaves dos Santos Filho;Pedro Chaves
8eedb3bf-8e87-459a-9b0a-3ddf53a0e9e1;;;;;;5012.0;Randolph Frederich Rodrigues Alves;Randolfe Rodrigues
06dd3d2f-c068-4e90-92b5-f122b12b5fc7;;;;;;5050.0;Pedro Irno Tonelli;Pedro Irno Tonelli
bbffdcfb-9793-47a4-844f-43c419235286;;;;;;5072.0;Reditario Cassol;Reditario Cassol
77aacc4f-a0ce-447c-847d-727d1a150e41;;;;;;2207.0;Raimundo Lira;Raimundo Lira
2898a985-05d8-4aa0-bf1a-9a1ca8fd524c;;;;;;374.0;Paulo Roberto Galvão da Rocha;Paulo Rocha
794a74c9-f834-45e0-84bc-058250b458d2;;;;;;5010.0;José Pedro Gonçalves Taques;Pedro Taques
94b7d3fd-f5c7-464a-9568-b1883cc395b5;;;;;;4606.0;José Eleonildo Soares;Pinto Itamaraty
a1d33818-4807-4c45-9a6f-8db1e12a0708;;;;;;825.0;Paulo Renato Paim;Paulo Paim
e8548a1e-fdaa-426c-bbae-a59830f5bb05;;;;;;5589.0;Paulo Henrique Campos Matos;Paulo Matos
b1c81864-5014-4750-8d1d-20145aa7ecdf;;;;;;5114.0;Paulo Pereira Fíuza Filho;Paulo Pereira Fíuza Filho
ed3219bf-3846-4097-945d-25cc5e37a6cc;;;;;;824.0;Paulo José Gouvêa;Paulo Gouvêa
2096d988-a25d-4af6-9032-53163648dacf;;;;;;3741.0;Paulo Roberto Bauer;Paulo Bauer
1b3cf4c9-df11-4b9b-ab04-4696813316cb;;;;;;5020.0;Paulo Roberto Davim;Paulo Davim
687f9449-eae6-4810-8ac6-15e1907fa1be;;;;;;5122.0;Paulo Antenor de Oliveira;Paulo Antenor de Oliveira
cd77dc6e-4c17-490a-8390-31ccbd74be68;;;;;;5152.0;Paulo Frateschi;Paulo Frateschi
988ef563-72fa-42f1-a7f1-02f736352621;;;;;;5018.0;Heber Waldo Silva Costa;Pastor Bel
28357c7e-3936-4843-a5ee-844670006d9e;;;;;;5617.0;Sebastião Valadares Neto;Pastor Valadares
b9124f79-9536-4036-a13f-13c33433ce62;;;;;;5599.0;Ibanes Taveira da Silva;Pastor Ibanes Taveira
b113ffa4-b745-4911-a4d7-ff2c0290ba33;;;;;;5523.0;Otto Roberto Mendonça de Alencar;Otto Alencar
5fdb2567-9b92-4852-8ae8-d3bde3a9ec4c;;;;;;918.0;Amarildo Martins da Silva;Pastor Amarildo
9be4ce66-4c3c-459f-9b02-75afebb6b07b;;;;;;5525.0;Omar José Abdel Aziz;Omar Aziz
8115d4a2-6e79-4e83-9982-16d6ded8b86b;;;;;;5080.0;Pablo Sergio Souza Bezerra;Pablo Sergio Souza Bezerra
3c2489c8-2394-48ac-aee5-459d134fa7fc;;;;;;5060.0;Olney Ribeiro Botelho;Olney Ribeiro Botelho
fa9d260b-4bb8-40e8-8237-6c36910f0c2e;;;;;;288.0;Nilson Moura Leite Mourão;Nilson Mourão
a4cdc2aa-58c2-4400-80ff-81df5751a1ca;;;;;;5176.0;Nestor Duarte Guimarães Neto;Nestor Duarte Guimarães Neto
8ed47306-3b66-494c-bec1-65245204fabd;;;;;;5094.0;Márcio Bergonsi Turra;Márcio Bergonsi Turra
57f59fd6-000f-4712-ab67-67111ca20277;;;;;;380.0;Nicias Lopes Ribeiro;Nicias Ribeiro
47bbd50b-4613-407b-976e-eb988275a796;;;;;;5086.0;Miguel Dias de Souza;Miguel Dias de Souza
e6151e4a-7a43-4a36-88a1-8846fd93a937;;;;;;5281.0;Ozanilda Gondim Vital do Rego;Nilda Gondim
fea99295-e819-4d0a-8351-c6a3bb8ca9c7;;;;;;5595.0;Moacir Kohl;Moacir Kohl
d379f530-2980-49f3-8bc0-cf6777b9abb3;;;;;;64.0;Odacir Soares Rodrigues;Odacir Soares
6e1d05f8-5214-4567-8e6b-53b8a37f5699;;;;;;5142.0;Marta Maria Freire da Costa;Marta Maria Freire da Costa
625b80ee-f645-4712-88ee-7d2d40e40dd3;;;;;;5571.0;Marco Jeovano Soares Ribas;Marquinho
d8eac7da-f942-4270-8581-c16479bee8a1;;;;;;4998.0;Marinor Jorge Brito;Marinor Brito
28c06ab6-4c7d-4d8d-b444-5bce2e9b8092;;;;;;1023.0;Maria do Carmo do Nascimento Alves;Maria do Carmo Alves
7c9e85ec-10c8-4c1f-96f7-9ac80cce5c2d;;;;;;5000.0;Marta Teresa Suplicy;Marta Suplicy
53b1e990-b31f-4240-8f78-3319fae11c66;;;;;;670.0;Mauro de Alencar Fecury;Mauro Fecury
58346859-26e8-4d28-a35f-1f427c74ec4d;;;;;;5575.0;Marizete Lisboa Fernandes Pereira;Marizete
716a7890-cad9-40d8-a104-c23871235ab9;;;;;;5174.0;Maria de Pompeia Lins Pessoa;Maria de Pompeia Lins Pessoa
611701af-fb70-4567-933f-f8247449db0d;;;;;;5190.0;Maria Luza de Aquino Machado;Maria Luza de Aquino Machado
061e42ba-da13-4603-803e-6403e5e5dbb4;;;;;;5124.0;Maria Antonieta Amorim dos Santos;Maria Antonieta Amorim dos Santos
8235de01-4265-4fb0-987e-321e9c9f95f1;;;;;;4951.0;Manoel Angelo Chagas;Manoel Angelo Chagas
29e87930-e298-4d2a-98f3-24c51543ce9b;;;;;;710.0;Marcondes Iran Benevides Gadelha;Marcondes Gadelha
c9488653-10eb-4cbd-b463-51a892acb032;;;;;;3366.0;Marcelo Bezerra Crivella;Marcelo Crivella
74ebbe70-0630-463b-bb87-63245f3abf05;;;;;;5591.0;Manoel Francisco de Vasconcelos Motta;Manoel Motta
4ac44cff-d4db-4e3f-b18d-908834c67ffa;;;;;;631.0;Magno Pereira Malta;Magno Malta
920972c7-31fe-4b6a-8a55-9ebdbed1d2c9;;;;;;5557.0;Mailza Assis da Silva;Mailza Gomes
522c8b91-1755-4a8e-bcbf-deccb5471daa;;;;;;151.0;Luiz Osvaldo Pastore;Luiz Pastore
d08b4fd9-ac97-4a7c-a82d-e82935aeeec4;;;;;;643.0;Lúcia Vânia Abrão;Lúcia Vânia
0d9e16bc-0023-40f5-8f5a-eecb93563d99;;;;;;5058.0;Luís Guilherme Gomes Mussi;Luís Guilherme Gomes Mussi
b7438e5f-7c24-4c31-b04b-d7743452b22e;;;;;;4575.0;Lídice da Mata e Souza;Lídice da Mata
eb16ebfc-6335-45d0-8981-8c78ab9235be;;;;;;5002.0;Luiz Henrique da Silveira;Luiz Henrique
26517902-89df-4849-86d0-21d3bff4f19b;;;;;;5567.0;Luis Augusto Mitoso Junior;Luis Mitoso
79cf23d3-541d-4b9e-854c-c301b829b4e9;;;;;;5585.0;Luiz Carlos do Carmo;Luiz Carlos do Carmo
13923a90-75e4-4684-bd50-7f2d29b964b4;;;;;;5104.0;Luis Cláudio da Costa Avelar;Luis Cláudio da Costa Avelar
9ede5195-8749-42c2-8064-197a9b4e12be;;;;;;5040.0;Lirio Albino Parisotto;Lirio Albino Parisotto
5dd0be1e-e0ca-4eb7-a00e-0253069d76c2;;;;;;5092.0;Luis Carlos Paes de Castro;Luis Carlos Paes de Castro
213f228e-0779-480d-bf50-0441f18271e5;;;;;;5156.0;Lauro Antonio Texeira Menezes;Lauro Antonio
da61aadb-297d-4787-9136-b12e37032b7c;;;;;;3695.0;Luiz Lindbergh Farias Filho;Lindbergh Farias
b0ab39a3-88c9-4dcf-948f-8774bcc8c667;;;;;;5533.0;Lasier Costa Martins;Lasier Martins
c154a845-14b4-4d1b-8aec-44387e87436d;;;;;;3579.0;Edison Lobão Filho;Lobão Filho
11f174a8-fd53-4fa1-93d4-9262fdde053e;;;;;;1249.0;Kátia Regina de Abreu;Kátia Abreu
fa74efa4-ceda-4d84-856e-047e78c73578;;;;;;415.0;Lael Vieira Varella;Lael Varella
a1f3fdce-32cf-4a26-adc6-1c2dc933358d;;;;;;3593.0;João Faustino Ferreira Neto;João Faustino
e85e195d-1c70-4fe0-ba17-c913b99bad1b;;;;;;916.0;João Batista de Jesus Ribeiro;João Ribeiro
c87b5242-449a-4559-b562-b00b42fb14a8;;;;;;5066.0;Juçara Feitosa de Oliveira;Juçara Feitosa de Oliveira
335b9d27-2219-444e-a697-8e8096c7e20c;;;;;;5158.0;Antonio Carlos Porto de Andrade;Kaká Andrade
0a67bb39-9166-4495-a203-f0d7406b9ea6;;;;;;3394.0;João Alberto Rodrigues Capiberibe;João Capiberibe
13f49551-5fd2-408c-87ea-e126a006aae3;;;;;;5166.0;João Costa Ribeiro Filho;João Costa
0f386395-e698-4a9f-a7f8-9d4e291b0b59;;;;;;5186.0;João Claudino Fernandes;João Claudino Fernandes
deda0f1e-5cba-48ab-93a6-764de5fb07db;;;;;;5613.0;João Batista da Rocha Lemos;João Batista Lemos
0bea9a31-68a6-474c-b81a-9af2d823bcea;;;;;;5184.0;José Ribamar Noleto de Santana;José Ribamar Noleto de Santana
ae413f0e-5bcd-4933-8959-28e0a67ddc7c;;;;;;615.0;José Barroso Pimentel;José Pimentel
e6eea339-03b2-493b-8b22-ad88f79f3802;;;;;;950.0;João Alberto de Souza;João Alberto Souza
256ea893-005e-4b48-a96c-86c8bdcfb286;;;;;;5036.0;José de Macedo Ferreira;José de Macedo Ferreira
b863ef50-a1c4-4c58-927e-9f6e4bb460ac;;;;;;90.0;José Serra;José Serra
1f32bda8-c247-41db-a3c5-670b38cda0bf;;;;;;5180.0;José Rodrigues da Silva;José Rodrigues da Silva
cbde624b-8d07-4544-b9ca-78ccff6e8434;;;;;;5112.0;José Antônio Medeiros;José Medeiros
95c59084-8011-4227-aff3-0fc2a0fbda33;;;;;;3361.0;José Targino Maranhão;José Maranhão
9eebd88b-f69b-4bcd-8f70-5e225375197b;;;;;;5579.0;José Carlos de Moraes Vasconcellos Filho;José Carlos Vasconcellos
cedcc08c-f83f-41b7-99c1-c8599d90431a;;;;;;43.0;José Eduardo de Barros Dutra;José Eduardo Dutra
a76b1277-bedd-489a-944e-cf63223a8a03;;;;;;5030.0;José Givago Raposo Tenório;José Givago Raposo Tenório
08b06ceb-5f4b-4a4a-9b85-518fe2238668;;;;;;5120.0;José Antonio Guidoni;José Antonio Guidoni
37b61bdc-5b46-4e16-81d4-68d30e404d09;;;;;;878.0;José Aníbal Peres de Pontes;José Aníbal
cbb3da3a-a0db-420b-9d68-fbd142c1fec9;;;;;;5188.0;José Amauri Pereira de Araújo;José Amauri
2bcac6a3-41b2-4854-b02b-1fdc9e8b238a;;;;;;5090.0;José Alberto Wenzel;José Alberto Wenzel
4cb1771f-7a79-43d1-990b-2932aa028a86;;;;;;40.0;José Agripino Maia;José Agripino
dc3a7059-f56a-4049-81ca-3a09db7f1b2c;;;;;;5078.0;Jose Nagib da Silva Lima;Jose Nagib da Silva Lima
a9868998-8e90-451c-8e39-7d45a905795a;;;;;;5849.0;Jose Amauri P. de Araújo;
8999a69b-0772-41b7-9ed3-b8ab6f845fd8;;;;;;5609.0;Joel Malucelli;Joel Malucelli
65b94c53-7bdc-49a9-90ce-f90ae5d62c01;;;;;;5569.0;Jose Samuel Alcolumbre Tobelem;Josiel
eaa77fdb-263e-48ce-a698-53de1ab39d8d;;;;;;4885.0;Jorge Yoshiaki Yanai;Jorge Yanai
d198b2a7-1bf7-4011-8a03-bcc9f4de2f68;;;;;;724.0;Joaquim Francisco de Freitas Cavalcanti;Joaquim Francisco
d9c6645b-e4d3-434d-9609-48ae3aaa8c84;;;;;;5627.0;Jean-Paul Terra Prates;Jean-Paul Prates
9d5dd4c7-0d8d-444e-a47f-81a05f29c617;;;;;;4990.0;Jorge Ney Viana Macedo Neves;Jorge Viana
0d3cf976-a151-4909-a1d6-cabd136d8eb8;;;;;;5022.0;Janduhy Max Freire de Andrade;Janduhy Max Freire de Andrade
d6120811-8345-4926-ae45-3251f6e7bf10;;;;;;35.0;Jader Fontenelle Barbalho;Jader Barbalho
9bd789f2-b4b5-4be6-b35d-856b842dfefa;;;;;;5004.0;Ivo Narciso Cassol;Ivo Cassol
1e5792f4-e6c3-4b4c-9696-834865cd427e;;;;;;1754.0;Itamar Augusto Cautiero Franco;Itamar Franco
bf24d93b-6682-41a0-98f3-ebb0d3c414c3;;;;;;5100.0;Hélio José da Silva Lima;Hélio José
aeaea45c-bd1d-403e-a0d8-307e2071c440;;;;;;5008.0;Humberto Sérgio Costa Lima;Humberto Costa
06ec6596-0cc9-49e3-a7a6-4d6e006cbc36;;;;;;5418.0;Ivanci Magno;Ivanci Magno
15d1d6bc-8b67-4fc9-b719-7ea74e1563a4;;;;;;5076.0;Ione Borges Ribeiro Guimarães;Ione Borges Ribeiro Guimarães
eded5fb8-1b64-4084-8f10-f18ad13ec878;;;;;;5006.0;Gleisi Helena Hoffmann;Gleisi Hoffmann
8d54f6f0-803d-4806-ad79-b808900d685c;;;;;;5615.0;Gilberto Piselo do Nascimento;Gilberto Piselo
3693ffb0-711f-4807-ac51-7e725b1a1caf;;;;;;4558.0;Gladson de Lima Cameli;Gladson Cameli
1aa826e5-29ce-4709-9b2e-1a2ee704d395;;;;;;5128.0;Gino Jose Ferreira;Gino Jose Ferreira
b1c50570-72f2-4c57-a66c-a473b42bf2f6;;;;;;5088.0;Gilberto Corazza;Gilberto Corazza
911fcf64-45e6-4898-a18b-49bbcfc9840f;;;;;;4522.0;Geovani Pinheiro Borges;Geovani Borges
9fccaaeb-d2ec-497f-a02c-75dc1eb754f0;;;;;;30.0;Gilvam Pinheiro Borges;Gilvam Borges
88bbf09c-61be-4d99-bd78-43941ed8a815;;;;;;87.0;Garibaldi Alves Filho;Garibaldi Alves Filho
285f3dc3-a579-454a-a7c4-c5f1a88e8521;;;;;;5024.0;Gabriel Maia Gelpke;Gabriel Maia Gelpke
79c36161-d4e7-451f-9c6a-42f3058a8b7e;;;;;;5162.0;Félix Urano Gama de Souza;Félix Urano Gama de Souza
7dc7109f-5207-441c-9e63-215ffb1bc119;;;;;;3713.0;Maria de Fátima Bezerra;Fátima Bezerra
22b4fe1a-7ef9-4df1-ae34-8a0970e9995f;;;;;;5034.0;Fábio Luiz Araújo Lopes de Farias;Fábio Luiz Araújo Lopes de Farias
77cb5291-282f-4dda-a1dc-77363af5cbe9;;;;;;5054.0;Francisco Simeão Rodrigues Neto;Francisco Simeão Rodrigues Neto
3ac8d08e-8625-413b-a04d-e7530c1db01c;;;;;;5416.0;Francisco Wilson Ribeiro;Francisco Wilson Ribeiro
c3efb213-2051-4a76-87a4-e3b2fd9a049a;;;;;;553.0;Francisco Garcia Rodrigues;Francisco Garcia
7c1e5b1c-6dfb-4252-84a6-5f775022115f;;;;;;3634.0;Fernando de Souza Flexa Ribeiro;Flexa Ribeiro
ddc98eab-ba14-4da7-a6a2-e06ed8c55116;;;;;;5540.0;Fernando Bezerra de Souza Coelho;Fernando Bezerra Coelho
caeb975a-3960-47f7-bf4c-3ac8942a3ef8;;;;;;5577.0;Fernando Antonio Mendes Façanha Filho;Fernando Façanha
52af9e97-4094-45b5-af86-c0301ead9d1b;;;;;;2632.0;Fernando de Castro Ribeiro;Fernando Ribeiro
a1016f2d-41e2-450b-af56-e05d868dc3a6;;;;;;5581.0;Fadi Fayez Faraj;Fadi Faraj
ab429d11-1b08-4037-9f66-abe32e930b41;;;;;;5026.0;Fernando Carvalho Lage;Fernando Carvalho Lage
d9fa33a2-cbab-4522-a06c-be172f628cba;;;;;;612.0;Eunício Lopes de Oliveira;Eunício Oliveira
2ce35360-bdb0-4b8d-b4d9-62d5e8874387;;;;;;4525.0;Fernando Affonso Collor de Mello;Fernando Collor
f0e9dd91-8e4b-4b36-8dcb-d5700ea7f9de;;;;;;4873.0;José Eduardo Fleury Fernandes Costa;Fleury
5c4ab8b1-9794-4c58-a770-c2b704daa302;;;;;;5587.0;Eladio Barbosa Carneiro;Eladio Carneiro
3908c89b-ec45-42b0-9925-d004e523a6d9;;;;;;5126.0;Enivaldo Euzébio dos Anjos;Enivaldo Euzébio dos Anjos
2b1e8668-aa79-45c0-9a7c-b864a8367a9d;;;;;;5605.0;Eliane Rodrigues de Andrade Ferreira;Eliane Rodrigues
dfba90e4-eaf2-468d-97e9-9c830f05db1e;;;;;;4969.0;Elber Batalha de Goes;Elber Batalha
8def65cf-e8d9-4fd3-bebb-9774e6614638;;;;;;5148.0;Elmiro Alves do Nascimento;Elmiro Alves do Nascimento
91fea363-a6d4-4dbb-9c2c-b1c80775d6e4;;;;;;5064.0;Emir Simão Sader;Emir Simão Sader
1b6b9c06-c92a-4547-9f78-6c62a18b85a4;;;;;;5146.0;Elaine Matozinhos Ribeiro;Elaine Matozinhos Ribeiro
e9150cca-36bd-4298-bada-28942dd280e3;;;;;;5531.0;Elmano Férrer de Almeida;Elmano Férrer
ffe72b4f-b2e3-42c8-875a-601a30600538;;;;;;4994.0;Carlos Eduardo de Souza Braga;Eduardo Braga
3d892c4d-052a-46bd-8847-cc935bb8adf2;;;;;;4721.0;Eduardo Alves do Amorim;Eduardo Amorim
e671d8ef-8e79-47b2-b1fa-dfd4cea75944;;;;;;4767.0;Eduardo Benedito Lopes;Eduardo Lopes
3aa6b5af-c37c-4631-b482-a2c71fb2cab8;;;;;;5160.0;Edivaldo Edilson Pantoja da Silva;Edivaldo Edilson Pantoja da Silva
97736016-a639-4e13-a281-2f26af24e495;;;;;;5565.0;Francisco Helder Cavalcante Sousa;Dr. Helder Cavalcante
f60ba349-5f56-4cd5-ab98-ab31f6f85926;;;;;;5561.0;Renilde Silva Bulhões Barros;Drª Renilde
96b4bf37-678b-4552-b30f-c2d2d64e1dfa;;;;;;5537.0;Dário Elias Berger;Dário Berger
d50c64b3-4031-4e61-a219-c8eabb39eb34;;;;;;16.0;Edison Lobão;Edison Lobão
323eade8-ad86-4322-a9f4-edc7db6be5e0;;;;;;3399.0;Demóstenes Lazaro Xavier Torres;Demóstenes Torres
26e93f13-0899-4a06-b684-931bac937d99;;;;;;5637.0;Divino Donizeti Borges Nogueira;Donizeti Nogueira
6e37f769-2871-4b6a-80d6-0ab40a956d07;;;;;;5178.0;Douglas Mauricio Ramos Cintra;Douglas Cintra
0b4bf62f-3a36-4ca1-83da-3ae071c0018f;;;;;;5197.0;Cássio Rodrigues da Cunha Lima;Cássio Cunha Lima
e21da72c-1939-45a5-9528-a41949699ace;;;;;;3360.0;Delcídio do Amaral Gomez;Delcídio do Amaral
93531812-8d15-481b-8c07-46c26acd81cc;;;;;;5132.0;Dalírio José Beber;Dalirio Beber
4aa239d8-25b4-4940-8c71-a64b12c8d87b;;;;;;5199.0;José Gonzaga Sobrinho;Deca
07f847e4-d922-43f0-b007-12fb3ab27736;;;;;;3830.0;David Samuel Alcolumbre Tobelem;Davi Alcolumbre
b1aa0127-ceca-4d4c-a221-348408a4374b;;;;;;1757.0;Ivandro Moura Cunha Lima;Cunha Lima
a2ab273d-7384-41f2-aae2-d6270780e2e7;;;;;;3398.0;Cristovam Ricardo Cavalcanti Buarque;Cristovam Buarque
c65cb03f-e5db-4c97-81db-0bbc41d8710d;;;;;;739.0;Ciro Nogueira Lima Filho;Ciro Nogueira
f7d3712b-72e9-48b9-83f0-e7c588515ae6;;;;;;5044.0;Clécio Luis Vilhena Vieira;Clécio Luis Vilhena Vieira
a7aa65e6-b402-470d-92a8-924208405885;;;;;;3881.0;Clovis Antônio Chaves Fecury;Clovis Fecury
3076a4ae-bba7-4a73-aaae-a8783214f8a3;;;;;;5623.0;Christopher Belchior Goulart;Christopher Goulart
653c5c25-f40c-4e55-a7c5-9ecb865815e1;;;;;;611.0;Francisco Feitosa de Albuquerque Lima;Chiquinho Feitosa
292dcd08-fba4-4781-a56d-0eeeea25c664;;;;;;5108.0;José Aparecido dos Santos;Cidinho Santos
b7236a19-df46-40c2-8104-aa91ad1dc949;;;;;;5150.0;Antonio Carlos Rodrigues;Antonio Carlos Rodrigues
505b5b34-4802-4fc0-8145-501553d3fd52;;;;;;5032.0;Antônio Milton Pessoa Falcão Filho;Antônio Milton Pessoa Falcão Filho
9d602859-e7a6-48eb-a39b-f7ec33fdbb96;;;;;;5042.0;Alzira Ferreira Barros;Alzira Ferreira Barros
2d60bd52-f6cd-4c96-a2a9-9dca8f411283;;;;;;5134.0;Antônio Marcos Gavazzoni;Antônio Marcos Gavazzoni
5dbe2d42-820f-4bba-b1ac-6d2c3a33d065;;;;;;4988.0;Ana Amélia de Lemos;Ana Amélia
51c83354-5226-4e91-9984-1c110483157e;;;;;;5529.0;Antonio Augusto Junho Anastasia;Antonio Anastasia
50999cc5-f16c-4370-b2ca-75bd44522a4d;;;;;;3.0;Antonio Carlos Valadares;Antonio Carlos Valadares
f4609586-5c90-4532-8112-3b1910936088;;;;;;5046.0;Andrelina Barbosa da Cunha;Andrelina Barbosa da Cunha
e4b81f08-41d9-498a-b6ea-ba3dbdc8d7d5;;;;;;5607.0;Maria Alzenir Porto da Costa;Alzenir Porto
90d4e356-2cf1-47d1-bbd3-3f78c36fffb6;;;;;;945.0;Alvaro Fernandes Dias;Alvaro Dias
5ef8ebb5-c990-43f4-8945-72f40bff68e2;;;;;;5140.0;Airton Sandoval Santana;Airton Sandoval
5ad5f314-cb00-4c1f-b202-fa9895429641;;;;;;5625.0;Adilson Silva dos Santos;Adilson Silva dos Santos
a04c06de-cae5-43ec-bc91-a1f4f17772a7;;;;;;4610.0;Alexandre Silveira de Oliveira;Alexandre Silveira
3f379862-4029-4a9d-895e-2f40dfa889f6;;;;;;846.0;Aloysio Nunes Ferreira Filho;Aloysio Nunes Ferreira
6246417a-ffe1-4dbf-96ba-a28ea20078cc;;;;;;5170.0;Agimiro Dias da Costa;Agimiro Dias da Costa
fa730c42-4459-406a-bcef-7baff12d03eb;;;;;;4981.0;Acir Marcos Gurgacz;Acir Gurgacz
dd5650a3-6cb6-43d5-812b-60f14ead0b69;;;;;;5154.0;Abiancy Cadoso Rosa;Abiancy Cadoso Rosa
