cam:dataFalecimento;cam:dataNascimento;cam:ideCadastro;cam:nomeCivil;cam:nomeParlamentarAtual;slp:resource_uri
;1954-06-04;160559;ALCEU MOREIRA DA SILVA;ALCEU MOREIRA;
;1938-01-15;173269;AKIRA OTSUBO;AKIRA OTSUBO;
;1954-04-26;74696;ALBERTO PEREIRA MOURÃO;ALBERTO MOURÃO;
;1962-04-25;136811;JOSÉ ALFONSO EBERT HAMM;AFONSO HAMM;
;1950-01-08;178835;AFONSO ANTUNES DA MOTTA;AFONSO MOTTA;
;1956-02-23;73428;JOSÉ ALDO REBELO FIGUEIREDO;ALDO REBELO;
;1961-12-15;141372;AELTON JOSÉ DE FREITAS;AELTON FREITAS;
;1975-09-21;161907;ACELINO FREITAS;ACELINO POPÓ;
;1952-08-25;73764;ABELARDO LUIZ LUPION MELLO;ABELARDO LUPION;
;1960-10-15;160508;AFONSO BANDEIRA FLORENCE;AFONSO FLORENCE;
;1967-03-11;160577;ADRIAN MUSSI RAMOS;ADRIAN;
;1969-02-13;160527;AGUINALDO VELLOSO BORGES RIBEIRO;AGUINALDO RIBEIRO;
;1987-02-10;160582;JOSÉ ALBERTO OLIVEIRA VELOSO FILHO;ALBERTO FILHO;
;1944-04-25;174861;AMIR FRANCISCO LANDO;AMIR LANDO;
;1964-05-30;133374;ADEMIR CAMILO PRATES RODRIGUES;ADEMIR CAMILO;
;1952-03-22;141463;JOSÉ ABELARDO GUIMARÃES CAMARINHA;ABELARDO CAMARINHA;
;1964-05-09;160680;AUDIFAX CHARLES PIMENTEL BARCELOS;AUDIFAX;
;1953-07-27;73655;AUGUSTO SILVEIRA DE CARVALHO;AUGUSTO CARVALHO;
;1955-05-08;141391;ARNALDO CALIL PEREIRA JARDIM;ARNALDO JARDIM;
;1945-12-30;73434;ARNALDO FARIA DE SÁ;ARNALDO FARIA DE SÁ;
;1962-10-22;160665;AUGUSTO RODRIGUES COUTINHO DE MELO;AUGUSTO COUTINHO;
;1970-07-17;123756;ANTÔNIA LUCILÉIA CRUZ RAMOS CÂMARA;ANTÔNIA LÚCIA;
;1978-10-11;141399;CARLOS DAUDT BRIZOLA;BRIZOLA NETO;
;1950-05-18;160634;FRANCISCO VIEIRA SAMPAIO;CHICO DAS VERDURAS;
;1953-02-11;141439;FRANCISCO JOSÉ D'ANGELO PINTO;CHICO D'ANGELO;
;1963-12-17;179381;CARLOS EDUARDO CARDOSO MARTINS;CARLOS MARTINS;
;1988-04-29;143632;DOMINGOS GOMES DE AGUIAR NETO;DOMINGOS NETO;
;1957-03-25;160758;DOMINGOS SÁVIO CAMPOS RESENDE;DOMINGOS SÁVIO;
;1972-10-17;141421;EDUARDO HENRIQUE DA FONTE DE ALBUQUERQUE SILVA;EDUARDO DA FONTE;
;1949-10-19;74171;FRANCISCO RODRIGUES DE ALENCAR FILHO;CHICO ALENCAR;
;1973-04-18;160552;DANRLEI DE DEUS HINTERHOLZ;DANRLEI DE DEUS HINTERHOLZ;
;1980-03-16;177118;LUIZ EDUARDO FRANCISCO DA SILVA;DUDU LUIZ EDUARDO;
;1947-04-02;73891;DARCÍSIO PAULO PERONDI;DARCÍSIO PERONDI;
;1953-02-09;171782;ERONILDO BRAGA BEZERRA;ERON BEZERRA;
;1958-09-29;74173;EDUARDO COSENTINO DA CUNHA;EDUARDO CUNHA;
;1949-07-18;137983;FRANCISCO LUIZ ESCÓRCIO LIMA;FRANCISCO ESCÓRCIO;
;1962-09-08;178387;FRANCISCO DE ASSIS NUNES;FRANCISCO DE ASSIS;
;1958-08-25;74655;EDUARDO LUIZ BARROS BARBOSA;EDUARDO BARBOSA;
;1969-01-14;179380;GILBERTO COUTINHO FREIRE;GILBERTO COUTINHO;
;1963-11-29;160666;FELIX DE ALMEIDA MENDONÇA JÚNIOR;FÉLIX MENDONÇA JÚNIOR;
;1956-04-21;172029;FRANCISCO DAS CHAGAS FRANCILINO;FRANCISCO CHAGAS;
;1973-12-07;141429;FELIPE CATALÃO MAIA;FELIPE MAIA;
;1961-01-13;173262;JOSÉ ILÁRIO GONÇALVES MARQUES;ILÁRIO MARQUES;
;1955-01-03;73535;JORGE TADEU MUDALEN;JORGE TADEU MUDALEN;
;1967-07-22;74053;JOSÉ HELENO DA SILVA;HELENO SILVA;
;1972-10-08;141458;JOÃO CARLOS PAOLILO BACELAR FILHO;JOÃO CARLOS BACELAR;
;1962-04-21;74395;JOSÉ OTÁVIO GERMANO;JOSÉ OTÁVIO GERMANO;
;1953-12-25;160675;JÂNIO NATAL ANDRADE BORGES;JÂNIO NATAL;
;1954-12-16;73682;JOÃO EDUARDO DADO LEITE DE CARVALHO;JOÃO DADO;
;1955-10-14;74570;JUTAHY MAGALHÃES JÚNIOR;JUTAHY JUNIOR;
;1975-04-01;141482;LEONARDO LEMOS BARROS QUINTÃO;LEONARDO QUINTÃO;
;1951-10-09;74156;JOSÉ LEONARDO COSTA MONTEIRO;LEONARDO MONTEIRO;
;1945-10-23;73716;LEOMAR DE MELO QUINTANILHA;LEOMAR QUINTANILHA;
;1964-12-29;179385;OCIMAR DONIZETI LEO OLIVEIRA;LÉO OLIVEIRA;
;1971-07-23;160510;LUIS HENRIQUE DE OLIVEIRA RESENDE;LUIS TIBÉ;
;1979-11-06;74254;LEONARDO CARNEIRO MONTEIRO PICCIANI;LEONARDO PICCIANI;
;1963-12-22;74368;LEONARDO MOURA VILELA;LEONARDO VILELA;
;1975-05-12;122195;LEONARDO DE MELO GADELHA;LEONARDO GADELHA;
;1962-03-30;160550;LUIZ CARLOS PIETSCHMANN;LUIZ PITIMAN;
;1958-04-09;74688;LUIZ SÉRGIO NÓBREGA DE OLIVEIRA;LUIZ SÉRGIO;
;1978-09-28;179386;MAURICIO LUITGARDS MOURA DE ALMEIDA SILVA;MAURÍCIO ALMEIDA;
;1946-06-25;74745;MARCOS GUIMARAES DE CERQUEIRA LIMA;MARCOS LIMA;
;1949-08-03;141500;MARCOS MONTES CORDEIRO;MARCOS MONTES;
;1964-09-21;160535;DIONILSO MATEUS MARCON;MARCON;
;1966-10-06;146613;MARCELO BELTRÃO DE ALMEIDA;MARCELO ALMEIDA;
;1946-06-30;74634;MARCOS ANTONIO MEDRADO;MARCOS MEDRADO;
;1968-11-07;146307;NERI GELLER;NERI GELLER;
;1952-07-11;160644;ESMERINO NERI BATISTA FILHO;MIRIQUINHO BATISTA;
;1967-12-24;160658;PAULO TADEU VALE DA SILVA;PAULO TADEU;
;1959-10-08;141514;OSMAR RIBEIRO DE ALMEIDA JÚNIOR;OSMAR JÚNIOR;
;1963-06-21;141516;PAULO ABI-ACKEL;PAULO ABI-ACKEL;
;1957-09-15;171617;PAULO FERNANDO DOS SANTOS;PAULÃO;
;1960-05-10;141465;JOSÉ ELEONILDO SOARES;PINTO ITAMARATY;
;1965-03-05;179384;JOSÉ PINTO DE LUNA;PINTO DE LUNA;
;1964-12-28;73943;MARIA PERPÉTUA DE ALMEIDA;PERPÉTUA ALMEIDA;
;1960-12-27;74571;NELSON VICENTE PORTELA PELLEGRINO;NELSON PELLEGRINO;
;1972-09-05;89282;JOSÉ ANTÔNIO MACHADO REGUFFE;REGUFFE;
;1973-04-02;74161;REGINALDO LÁZARO DE OLIVEIRA LOPES;REGINALDO LOPES;
;1944-05-24;73674;ROBERTO EGÍDIO BALESTRA;ROBERTO BALESTRA;
;1973-04-28;141525;REBECCA MARTINS GARCIA;REBECCA GARCIA;
;1966-01-29;160597;ROMARIO DE SOUZA FARIA;ROMÁRIO;
;1976-09-13;76420;RUI SOARES PALMEIRA;RUI PALMEIRA;
;1963-01-18;104254;RUI COSTA DOS SANTOS;RUI COSTA;
2014-03-06;1947-11-09;74435;SEVERINO SÉRGIO ESTELITA GUERRA;SERGIO GUERRA;
;1970-08-17;160635;RUY MANUEL CARNEIRO BARBOSA DE ACA BELCHIOR;RUY CARNEIRO;
;1958-04-27;141542;SÉRGIO IVAN MORAES;SÉRGIO MORAES;
;1952-04-17;141472;JOSÉ RICARDO ALVARENGA TRIPOLI;RICARDO TRIPOLI;
;1956-05-18;160612;SERGIO ZVEITER;SERGIO ZVEITER;
;1957-07-11;160679;TAUMATURGO LIMA CORDEIRO;TAUMATURGO LIMA;
;1950-05-20;141553;VANDERLEI MACRIS;VANDERLEI MACRIS;
;1964-01-16;73930;WLADIMIR AFONSO DA COSTA RABELO;WLADIMIR COSTA;
;1971-11-24;141552;VALTENIR LUIZ PEREIRA;VALTENIR PEREIRA;
;1976-08-26;137853;WADSON NATHANIEL RIBEIRO;WADSON RIBEIRO;
;1954-03-08;160569;WALDENOR ALVES PEREIRA FILHO;WALDENOR PEREIRA;
;1949-11-21;74145;JOSÉ EDUARDO VIEIRA RIBEIRO;ZEZÉU RIBEIRO;
;1945-07-18;74392;ODACIR ZONTA;ZONTA;
;1961-08-15;169868;RAIMUNDO VALRY DE MORAIS;VALRY MORAIS;
;1964-01-22;74376;VANDER LUIZ DOS SANTOS LOUBET;VANDER LOUBET;
;1963-05-11;160632;JOSÉ SILVA SOARES;ZÉ SILVA;
;1952-12-15;160625;JORGE DE OLIVEIRA;ZOINHO;
;1961-02-04;74354;ZENALDO RODRIGUES COUTINHO JÚNIOR;ZENALDO COUTINHO;
;1934-07-30;152607;JOSÉ VIEIRA LINS;ZÉ VIEIRA;
;1959-09-18;73933;JOSÉ DA CRUZ MARINHO;ZEQUINHA MARINHO;
;1972-12-12;74439;WOLNEY QUEIROZ MACIEL;WOLNEY QUEIROZ;
;1989-08-10;160636;JOSÉ WILSON SANTIAGO FILHO;WILSON FILHO;
;1978-06-21;160592;JOSÉ CARLOS BECKER DE OLIVEIRA E SILVA;ZECA DIRCEU;
;1961-12-21;73931;JOSÉ GERALDO TORRES DA SILVA;ZÉ GERALDO;
;1950-02-08;168253;JOSE CARLOS DE JESUS RODRIGUES;ZE CARLOS DA PESCA;
;1946-11-25;160586;WILLIAM DIB;WILLIAM DIB;
;1957-06-01;73653;WELLINGTON ANTONIO FAGUNDES;WELLINGTON FAGUNDES;
;1979-10-08;167493;WEVERTON ROCHA MARQUES DE SOUSA;WEVERTON ROCHA;
;1958-02-24;179387;WELLINGTON SALGADO DE OLIVEIRA;WELLINGTON SALGADO;
;1958-10-20;160609;WALTER DA ROCHA TOSTA;WALTER TOSTA;
;1975-08-24;160518;WELITON FERNANDES PRADO;WELITON PRADO;
;1954-01-29;74284;WALTER MEYER FELDMAN;WALTER FELDMAN;
;1959-04-19;160631;WALNEY DA ROCHA CARVALHO;WALNEY ROCHA;
;1959-05-19;74043;JOSÉ WELLINGTON ROBERTO;WELLINGTON ROBERTO;
;1955-08-04;141558;WALDIR MARANHÃO CARDOSO;WALDIR MARANHÃO;
;1967-04-05;160620;WASHINGTON REIS DE OLIVEIRA;WASHINGTON REIS;
;1961-07-17;141560;WALTER SHINDI IIHOSHI;WALTER IHOSHI;
;1951-04-17;141561;WANDENKOLK PASTEUR GONÇALVES;WANDENKOLK GONÇALVES;
;1978-07-31;160591;VINICIUS DE AZEVEDO GURGEL;VINICIUS GURGEL;
;1961-12-16;163322;ZACARIAS VILHARBA;VILALBA;
;1951-02-14;73677;VILMAR DA SILVA ROCHA;VILMAR ROCHA;
;1964-11-22;92355;VITOR PAULO ARAÚJO DOS SANTOS;VITOR PAULO;
;1942-06-26;141557;VITOR PENIDO DE BARROS;VITOR PENIDO;
;1957-01-26;141870;VILSON LUIZ COVATTI;VILSON COVATTI;
;1952-11-29;160595;JOSÉ CARLOS VAZ DE LIMA;VAZ DE LIMA;
;1959-11-17;160622;VICENTE CÂNDIDO DA SILVA;VICENTE CANDIDO;
;1964-04-17;159258;VICENTE PAULO DE OLIVEIRA SELISTRE;VICENTE SELISTRE;
;1929-05-17;74308;VICENTE FERREIRA DE ARRUDA COELHO;VICENTE ARRUDA;
;1960-02-15;167617;VANDERLEI SIRAQUE;VANDERLEI SIRAQUE;
;1960-03-31;141400;CARLOS EDUARDO VIEIRA DA CUNHA;VIEIRA DA CUNHA;
;1956-04-08;74283;VICENTE PAULO DA SILVA;VICENTINHO;
;1952-01-11;162490;VALDIVINO JOSE DE OLIVEIRA;VALDIVINO DE OLIVEIRA;
;1949-08-11;73565;VALDEMAR COSTA NETO;VALDEMAR COSTA NETO;
;1949-10-15;74010;VALDIR COLATTO;VALDIR COLATTO;
;1980-10-01;141384;ANTÔNIO CARLOS VALADARES FILHO;VALADARES FILHO;
;1965-05-01;160976;FRANCISCO EVERARDO OLIVEIRA SILVA;TIRIRICA;
;1974-07-22;160617;THIAGO MELLO PEIXOTO DA SILVEIRA;THIAGO PEIXOTO;
;1958-05-28;141551;URZENI DA ROCHA FREITAS FILHO;URZENI ROCHA;
;1964-12-17;160610;VALMIR CARLOS DA ASSUNÇÃO;VALMIR ASSUNÇÃO;
;1960-04-23;160611;ANTÔNIO PINHEIRO JÚNIOR;TONINHO PINHEIRO;
;1956-08-14;160608;MARIA TERESA SAENZ SURITA JUCÁ;TERESA SURITA;
;1952-03-12;169711;TELMA PINHEIRO RIBEIRO;TELMA PINHEIRO;
;1948-04-20;74385;HIDEKAZU TAKAYAMA;TAKAYAMA;
;1955-06-19;141548;SUELI RANGEL SILVA VIDIGAL;SUELI VIDIGAL;
;1953-12-02;160627;STEPAN NERCESSIAN;STEPAN NERCESSIAN;
;1961-02-26;141547;SOLANGE PEREIRA DE ALMEIDA;SOLANGE ALMEIDA;
;1976-03-03;92776;STEFANO AGUIAR DOS SANTOS;STEFANO AGUIAR;
;1935-12-08;73424;SIMÃO SESSIM;SIMÃO SESSIM;
;1962-05-31;177282;LUIZ GONZAGA RIBEIRO;SUBTENENTE GONZAGA;
;1943-10-22;74765;SILAS BRASILEIRO;SILAS BRASILEIRO;
;1969-04-18;168175;JOSE SIMPLICIO ALVES DE ARAUJO;SIMPLÍCIO ARAÚJO;
;1962-12-15;74356;SILAS CÂMARA;SILAS CÂMARA;
;1946-06-01;73560;SILVIO FRANÇA TORRES;SILVIO TORRES;
;1958-01-21;141539;SEBASTIÃO FERREIRA DA ROCHA;SEBASTIÃO BALA ROCHA;
;1957-06-14;74210;JOSÉ SARNEY FILHO;SARNEY FILHO;
;1952-03-14;167614;SEVERINO DE SOUZA SILVA;SEVERINO NINHO;
;1956-12-23;4930;SÍLVIO SERAFIM COSTA;SILVIO COSTA;
;1972-11-25;160621;SANDRO ALEX CRUZ DE OLIVEIRA;SANDRO ALEX;
;1952-03-26;74762;JOSÉ SARAIVA FELIPE;SARAIVA FELIPE;
;1958-01-24;160613;SEBASTIÃO SIBÁ MACHADO OLIVEIRA;SIBÁ MACHADO;
;1961-06-08;73808;SÉRGIO LUÍS LACERDA BRITO;SÉRGIO BRITO;
;1951-05-23;74039;SANDRA MARIA DA ESCÓSSIA ROSADO;SANDRA ROSADO;
;1960-10-14;74533;SÉRGIO BARRADAS CARNEIRO;SÉRGIO BARRADAS CARNEIRO;
;1958-12-31;73676;SANDRO ANTONIO SCODRO;SANDRO MABEL;
;1955-06-05;73559;SALVADOR ZIMBALDI FILHO;SALVADOR ZIMBALDI;
;1956-02-06;74371;RUBENS OTONI GOMIDE;RUBENS OTONI;
;1948-05-23;73466;RUBENS BUENO;RUBENS BUENO;
;1973-04-22;146949;ROSEANE CAVALCANTE DE FREITAS ESTRELA;ROSINHA DA ADEFAL;
;1963-04-11;160630;SÁGUAS MORAES SOUSA;SÁGUAS MORAES;
;1964-08-31;141522;RAIMUNDO SABINO CASTELO BRANCO MAUÉS;SABINO CASTELO BRANCO;
;1949-01-23;73507;ROSILDA DE FREITAS;ROSE DE FREITAS;
;1959-04-28;74372;JOÃO SANDES JÚNIOR;SANDES JÚNIOR;
;1954-10-16;160594;RONALDO MIRO ZÜLKE;RONALDO ZULKE;
;1973-01-15;179379;CARLA ROSYMAR ARAUJO DE SOUSA BARRETO;ROSY DE SOUSA;
;1966-01-09;160629;ROMERO RODRIGUES VEIGA;ROMERO RODRIGUES;
;1975-02-18;167707;ROMANNA GIULIA CECCON LEANDRO REMOR MARCELINO;ROMANNA REMOR;
;1963-07-31;160614;CLEUSA ROSANE RIBAS FERREIRA;ROSANE FERREIRA;
;1956-03-09;160515;RONALDO JOSÉ BENEDET;RONALDO BENEDET;
;1966-04-25;163321;RONALDO NOGUEIRA DE OLIVEIRA;RONALDO NOGUEIRA;
;1968-08-02;160568;ROGÉRIO CARVALHO SANTOS;ROGÉRIO CARVALHO;
;1963-11-26;141535;ROGÉRIO SIMONETTI MARINHO;ROGÉRIO MARINHO;
;1970-06-12;74693;RODRIGO FELINTO IBARRA EPITÁCIO MAIA;RODRIGO MAIA;
;1974-05-10;88950;RODRIGO GARCIA;RODRIGO GARCIA;
;1971-07-15;141531;RODRIGO BATISTA DE CASTRO;RODRIGO DE CASTRO;
;1959-04-04;160637;RONALDO FONSECA DE SOUZA;RONALDO FONSECA;
;1971-02-15;152865;RODRIGO BETHLEM FERNANDES;RODRIGO BETHLEM;
;1958-07-01;141473;JOSÉ ROBERTO SANTIAGO GOMES;ROBERTO SANTIAGO;
;1948-04-06;161903;ROBERTO DORNER;ROBERTO DORNER;
;1961-10-02;160652;ROBERTO SÉRGIO RIBEIRO COUTINHO TEIXEIRA;ROBERTO TEIXEIRA;
;1949-09-25;74813;RONALDO RAMOS CAIADO;RONALDO CAIADO;
;1966-04-18;160653;ROBERTO ALVES DE LUCENA;ROBERTO DE LUCENA;
;1953-01-27;160651;ROGÉRIO MENDONÇA;ROGÉRIO PENINHA MENDONÇA;
;1964-09-22;150634;RICARDO QUIRINO DOS SANTOS;RICARDO QUIRINO;
;1962-04-24;172945;RICARDO ARRUDA NUNES;RICARDO ARRUDA;
;1951-04-03;141529;ROBERTO PEREIRA DE BRITTO;ROBERTO BRITTO;
;1942-04-20;73805;ROBERTO JOÃO PEREIRA FREIRE;ROBERTO FREIRE;
;1960-02-10;74793;RICARDO JOSÉ RIBEIRO BERZOINI;RICARDO BERZOINI;
;1981-04-22;169553;RICARDO CEPPAS ARCHER;RICARDO ARCHER;
;1954-06-15;74027;JOSÉ DE RIBAMAR COSTA ALVES;RIBAMAR ALVES;
;1968-08-01;160655;RICARDO IZAR JUNIOR;RICARDO IZAR;
;1980-04-11;160654;RENZO DO AMARAL BRAZ;RENZO BRAZ;
;1939-08-13;73786;REINHOLD STEPHANES;REINHOLD STEPHANES;
;1960-10-01;141527;RENATO DELMAR MOLLING;RENATO MOLLING;
;1962-02-03;175212;RENATO SIMÕES;RENATO SIMÕES;
;1979-10-08;160623;JOSÉ RENAN VASCONCELOS CALHEIROS FILHO;RENAN FILHO;
;1971-03-12;171620;RENATO BARBOSA DE ANDRADE;RENATO ANDRADE;
;1981-04-19;141403;CARLOS ROBERTO MASSA JÚNIOR;RATINHO JUNIOR;
;1963-05-13;160615;REINALDO AZAMBUJA SILVA;REINALDO AZAMBUJA;
;1951-03-30;74216;RAIMUNDO GOMES DE MATOS;RAIMUNDO GOMES DE MATOS;
;1966-12-02;160656;RAUL DA SILVA LIMA SOBRINHO;RAUL LIMA;
;1942-11-30;160516;RAIMUNDO ANTONIO DE MACEDO;RAIMUNDÃO;
;1964-10-01;160639;MARIA AUXILIADORA SEABRA REZENDE;PROFESSORA DORINHA SEABRA REZENDE;
;1963-03-19;170673;SERGIO PAULO DE OLIVEIRA;PROFESSOR SÉRGIO DE OLIVEIRA;
;1964-06-06;141523;RAUL JEAN LOUIS HENRY JÚNIOR;RAUL HENRY;
;1967-02-22;162174;ROBERTO POLICARPO FAGUNDES;POLICARPO;
;1963-03-10;160604;PEDRO FRANCISCO UCZAI;PEDRO UCZAI;
;1949-11-27;141543;SÉTIMO WAQUIM;PROFESSOR SETIMO;
;1973-06-21;160641;MARCIVANIA DO SOCORRO DA ROCHA FLEXA;PROFESSORA MARCIVANIA;
;1958-10-29;141445;GILBERTO JOSÉ SPIER VARGAS;PEPE VARGAS;
;1972-06-29;122158;PEDRO PAULO CARVALHO TEIXEIRA;PEDRO PAULO;
;1930-07-07;74207;PEDRO NOVAIS LIMA;PEDRO NOVAIS;
;1961-04-30;148134;VICTORIO GALLI FILHO;PROFESSOR VICTÓRIO GALLI;
;1957-04-19;74111;PEDRO HENRY NETO;PEDRO HENRY;
;1955-01-31;172711;FRANCISCO PLÍNIO VALÉRIO TOMAZ;PLÍNIO VALÉRIO;
;1945-12-27;80920;JOSÉ LUIZ DE FRANÇA PENNA;PENNA;
;1949-03-29;74556;PEDRO EUGÊNIO DE CASTRO TOLEDO CABRAL;PEDRO EUGÊNIO;
;1962-07-19;160593;PAULO WAGNER LEITE DANTAS;PAULO WAGNER;
;1961-05-06;141488;LUIZ PAULO TEIXEIRA FERREIRA;PAULO TEIXEIRA;
;1958-08-28;74812;PEDRO PINHEIRO CHAVES;PEDRO CHAVES;
;1981-09-14;174314;PEDRO DOS SANTOS LIMA GUERRA;PEDRO GUERRA;
;1955-07-17;74047;PAULO RUBEM SANTIAGO FERREIRA;PAULO RUBEM SANTIAGO;
;1949-03-02;74449;PEDRO FERNANDES RIBEIRO;PEDRO FERNANDES;
;1985-02-09;128760;PAULO CELSO FONSECA MARINHO JÚNIOR;PAULO MARINHO JUNIOR;
;1953-08-23;141519;PAULO PIAU NOGUEIRA;PAULO PIAU;
;1956-02-24;141518;PAULO PEREIRA DA SILVA;PAULO PEREIRA DA SILVA;
;1931-09-03;132056;PAULO SALIM MALUF;PAULO MALUF;
;1952-11-28;74574;PAULO SÉRGIO PARANHOS DE MAGALHÃES;PAULO MAGALHÃES;
;1965-03-19;74400;PAULO ROBERTO SEVERO PIMENTA;PAULO PIMENTA;
;1968-02-08;141517;PAULO HENRIQUE ELLERY LUSTOSA DA COSTA;PAULO HENRIQUE LUSTOSA;
;1959-02-04;109372;PAULO ADALBERTO ALVES FERREIRA;PAULO FERREIRA;
;1956-03-23;74017;PAULO FERNANDO FEIJO TORRES;PAULO FEIJÓ;
;1955-02-14;160558;PAULO ROBERTO FREIRE DA COSTA;PAULO FREIRE;
;1963-09-19;73883;PAULO ROBERTO BARRETO BORNHAUSEN;PAULO BORNHAUSEN;
;1956-04-30;160517;PAULO ROBERTO FOLETTO;PAULO FOLETTO;
;1952-07-16;160668;PAULO CESAR JUSTO QUARTIERO;PAULO CESAR QUARTIERO;
;1972-10-12;160601;MARCO ANTÔNIO FELICIANO;PASTOR MARCO FELICIANO;
;1968-11-04;160670;MÁRITON BENEDITO DE HOLANDA;PADRE TON;
;1962-09-12;160642;FRANCISCO EURICO DA SILVA;PASTOR EURICO;
;1967-02-28;160556;JOÃO CARLOS SIQUEIRA;PADRE JOÃO;
;1954-09-24;74095;PAUDERNEY TOMAZ AVELINO;PAUDERNEY AVELINO;
;1937-03-23;74319;JOSÉ FRANCISCO PAES LANDIM;PAES LANDIM;
;1965-03-23;160650;OZIEL ALVES DE OLIVEIRA;OZIEL OLIVEIRA;
;1936-12-30;74191;OSVALDO DE SOUZA REIS;OSVALDO REIS;
;1931-08-24;74430;OSVALDO DE SOUZA COELHO;OSVALDO COELHO;
;1950-02-18;73692;OSMAR GASPARINI TERRA;OSMAR TERRA;
;1940-03-22;160563;ONOFRE SANTO AGUSTINI;ONOFRE SANTO AGOSTINI;
;1954-10-03;74399;ONYX DORNELLES LORENZONI;ONYX LORENZONI;
;1957-04-15;73464;BERNARDINO BARRETO DE OLIVEIRA;OLIVEIRA FILHO;
;1969-06-19;160540;OTONIEL CARLOS DE LIMA;OTONIEL LIMA;
;1941-06-08;73782;ODILIO BALBINOTTI;ODÍLIO BALBINOTTI;
;1948-05-23;73463;OSMAR JOSÉ SERRAGLIO;OSMAR SERRAGLIO;
;1961-07-29;141515;OTAVIO SANTOS SILVA LEITE;OTAVIO LEITE;
;1976-06-18;74159;ODAIR JOSÉ DA CUNHA;ODAIR CUNHA;
;1969-02-25;166401;NILSON APARECIDO LEITÃO;NILSON LEITÃO;
;1960-02-09;74359;NILTON BALBINO;NILTON CAPIXABA;
;1947-08-11;74751;NILMÁRIO DE MIRANDA;NILMÁRIO MIRANDA;
;1956-02-05;73594;NILMAR GAVINO RUIZ;NILMAR RUIZ;
;1946-03-30;160564;OZANILDA GONDIM VITAL DO REGO;NILDA GONDIM;
;1952-03-25;74352;NILSON PINTO DE OLIVEIRA;NILSON PINTO;
;1953-02-28;160657;NEWTON LIMA NETO;NEWTON LIMA;
;1938-05-22;74750;NEWTON CARDOSO;NEWTON CARDOSO;
;1948-09-17;160566;NELSON PADOVANI;NELSON PADOVANI;
;1942-07-23;73781;NELSON MEURER;NELSON MEURER;
;1971-11-30;160567;NELSON MARCHEZAN JÚNIOR;NELSON MARCHEZAN JUNIOR;
;1950-01-14;73416;NELSON ROBERTO BORNIER DE OLIVEIRA;NELSON BORNIER;
;1941-10-29;73553;NELSON MARQUEZELLI;NELSON MARQUEZELLI;
;1962-07-22;141510;NEILTON MULIM DA COSTA;NEILTON MULIM;
;1967-07-27;133372;NATAN DONADON;NATAN DONADON;
;1936-10-29;74447;NICE LOBÃO;NICE LOBÃO;
;1959-04-23;74108;NÁRCIO RODRIGUES DA SILVEIRA;NARCIO RODRIGUES;
;1946-07-19;141537;RUBENS MOREIRA MENDES FILHO;MOREIRA MENDES;
2012-01-30;1942-11-25;74238;MOACIR MICHELETTO;MOACIR MICHELETTO;
;1956-12-11;160561;JOSÉ OLIMPIO SILVEIRA MORAES;MISSIONÁRIO JOSÉ OLIMPIO;
;1961-06-11;74787;MILTON ANTONIO CASQUEL MONTI;MILTON MONTI;
;1945-05-27;74862;MIRO TEIXEIRA;MIRO TEIXEIRA;
;1966-07-12;74428;JOSÉ MENDONÇA BEZERRA FILHO;MENDONÇA FILHO;
;1954-12-27;73904;JORGE ALBERTO PORTANOVA MENDES RIBEIRO FILHO;MENDES RIBEIRO FILHO;
;1954-05-04;74491;JOSÉ NAZARENO CARDEAL FONTELES;NAZARENO FONTELES;
;1959-01-30;141508;MAURO NAZIF RASUL;MAURO NAZIF;
;1978-06-11;141509;MIGUEL CORRÊA DA SILVA JÚNIOR;MIGUEL CORRÊA;
;1966-10-14;74056;JOSÉ DE ARAÚJO MENDONÇA SOBRINHO;MENDONÇA PRADO;
;1936-05-24;74749;MAURO RIBEIRO LOPES;MAURO LOPES;
;1961-09-17;74045;MAURÍCIO RANDS COELHO BARROS;MAURÍCIO RANDS;
;1968-06-24;178827;MAX FREITAS MAURO FILHO;MAX FILHO;
;1964-01-08;141507;MAURO MARIANI;MAURO MARIANI;
;1930-03-21;73588;CARLOS MAURO CABRAL BENEVIDES;MAURO BENEVIDES;
;1979-07-26;75431;MAURÍCIO ALEXANDRE DZIEDRICKI;MAURÍCIO DZIEDRICKI;
;1962-09-10;141506;MAURÍCIO GONÇALVES TRINDADE;MAURÍCIO TRINDADE;
;1974-12-28;121759;MARLLOS ROSSANO RIBEIRO GONÇALVES DE SAMPAIO;MARLLOS SAMPAIO;
;1950-07-06;74635;MÁRIO SÍLVIO MENDES NEGROMONTE;MÁRIO NEGROMONTE;
;1953-09-02;168447;MARIO FEITOZA DE CARVALHO FREITAS;MÁRIO FEITOZA;
;1971-03-28;74050;MAURÍCIO QUINTELLA MALTA LESSA;MAURÍCIO QUINTELLA LESSA;
;1962-05-19;179880;MASSAMI MIKI;MASSAMI MIKI;
;1945-11-03;74747;MÁRIO DE OLIVEIRA;MÁRIO DE OLIVEIRA;
;1954-09-30;74158;MÁRIO LÚCIO HERINGER;MÁRIO HERINGER;
;1960-11-23;74177;MARINHA CÉLIA ROCHA RAUPP DE MATOS;MARINHA RAUPP;
;1958-10-14;164361;MARINA PIGNATARO SANT'ANNA;MARINA SANTANNA;
;1954-04-28;74235;MARCUS ANTÔNIO VICENTE;MARCUS VICENTE;
;1944-11-29;176794;MARIA LUCIA PRANDI GOMES;MARIA LUCIA PRANDI;
;1966-11-22;74398;MARIA DO ROSÁRIO NUNES;MARIA DO ROSÁRIO;
;1965-12-27;133373;MARCO AURÉLIO SPALL MAIA;MARCO MAIA;
;1942-11-03;74744;MÁRCIO REINALDO DIAS MOREIRA;MARCIO REINALDO MOREIRA;
;1950-06-10;171619;MARIA MARGARIDA MARTINS SALOMÃO;MARGARIDA SALOMÃO;
;1960-06-13;159238;MARCUS VINÍCIUS CAETANO PESTANA DA SILVA;MARCUS PESTANA;
;1978-07-07;167722;MARCOS ROGÉRIO DA SILVA BRITO;MARCOS ROGÉRIO;
;1958-01-31;160536;MARCO ANTONIO TEBALDI;MARCO TEBALDI;
;1970-12-12;150418;MÁRCIO CARLOS MARINHO;MÁRCIO MARINHO;
;1970-09-18;160542;MÁRCIO COSTA MACÊDO;MÁRCIO MACÊDO;
;1963-06-23;141497;MÁRCIO LUIZ FRANÇA GOMES;MÁRCIO FRANÇA;
;1968-01-27;141496;MÁRCIO HENRIQUE JUNQUEIRA PEREIRA;MARCIO JUNQUEIRA;
;1971-02-01;178821;MARCELO PEREIRA SURCIN;MARCELINHO CARIOCA;
;1963-06-28;74363;MÁRCIO MIGUEL BITTAR;MARCIO BITTAR;
;1964-10-14;74124;MARÇAL GONÇALVES LEITE FILHO;MARÇAL FILHO;
;1973-09-16;160660;MARCELO THEODORO DE AGUIAR;MARCELO AGUIAR;
;1968-05-26;76287;MARCELO VIVIANI GONÇALVES;MARCELO MATOS;
;1967-09-28;160565;MARA CRISTINA GABRILLI;MARA GABRILLI;
;1976-03-01;74143;MARCELO DE OLIVEIRA GUIMARÃES FILHO;MARCELO GUIMARÃES FILHO;
;1946-03-04;171622;MANUEL ROSA DA SILVA;MANUEL ROSA NECA;
;1981-08-18;141492;MANUELA PINTO VIEIRA D'ÁVILA;MANUELA D'ÁVILA;
;1950-06-09;74460;MARCELO COSTA E CASTRO;MARCELO CASTRO;
;1939-09-24;74456;MANOEL SALVIANO SOBRINHO;MANOEL SALVIANO;
;1934-03-01;179382;MANOEL ANTUNES;MANOEL ANTUNES;
;1964-02-21;141490;MANOEL ALVES DA SILVA JUNIOR;MANOEL JUNIOR;
;1948-10-26;166402;MAGDA MOFATTO HON;MAGDA MOFATTO;
;1969-11-04;149327;FÁBIO RODRIGUES DE OLIVEIRA;MAJOR FÁBIO;
;1954-05-27;161906;LUIZ OTAVIO OLIVEIRA CAMPOS;LUIZ OTAVIO;
;1934-11-30;74784;LUIZA ERUNDINA DE SOUSA;LUIZA ERUNDINA;
;1975-09-14;161962;LUIZ NOÉ SOUZA SOARES;LUIZ NOÉ;
;1949-04-09;162332;LUIZ HILOSHI NISHIMORI;LUIZ NISHIMORI;
;1964-11-30;160633;LUIZ HENRIQUE MANDETTA;MANDETTA;
;1956-12-26;74802;GERALDO MAGELA PEREIRA;MAGELA;
;1977-10-08;160662;LUIZ FERNANDO ARANTES MACHADO;LUIZ FERNANDO MACHADO;
;1938-06-05;171618;LUIZ BARBOSA DE DEUS;LUIZ DE DEUS;
;1945-02-13;74041;LUIZ ALBUQUERQUE COUTO;LUIZ COUTO;
;1948-11-06;141485;LUIZ CARLOS GHIORZZI BUSATO;LUIZ CARLOS BUSATO;
;1979-08-16;160645;LUIZ CARLOS GOMES DOS SANTOS JUNIOR;LUIZ CARLOS;
;1980-06-23;160547;JOÃO LUIZ CORREIA ARGÔLO DOS SANTOS;LUIZ ARGÔLO;
;1950-10-08;73778;LUIZ CARLOS JORGE HAULY;LUIZ CARLOS HAULY;
;1953-01-03;74133;LUIZ ALBERTO SILVA DOS SANTOS;LUIZ ALBERTO;
;1950-09-14;73483;LUIS CARLOS HEINZE;LUIS CARLOS HEINZE;
;1957-03-23;73777;LUCIANO PIZZATTO;LUCIANO PIZZATTO;
2011-06-16;1952-07-29;160513;LUCIANO FERNANDES MOREIRA;LUCIANO MOREIRA;
;1972-12-27;141484;LÚCIO DUTRA VALE;LÚCIO VALE;
;1962-11-19;94931;LÚCIO QUADROS VIEIRA LIMA;LUCIO VIEIRA LIMA;
;1949-08-22;73982;LUCIANO DE SOUZA CASTRO;LUCIANO CASTRO;
;1957-09-12;141487;LUIZ FERNANDO RAMOS FARIA;LUIZ FERNANDO FARIA;
;1965-12-29;160628;LUCIANA BARBOSA DE OLIVEIRA SANTOS;LUCIANA SANTOS;
;1944-05-02;141486;LUIZ CARLOS SETIM;LUIZ CARLOS SETIM;
;1954-03-17;73474;LUCI TERESINHA KOSWOSKI CHOINACKI;LUCI CHOINACKI;
;1955-03-27;160555;LOURIVAL MENDES DA FONSECA FILHO;LOURIVAL MENDES;
;1952-09-01;141462;JOAQUIM DE LIRA MAIA;LIRA MAIA;
;1969-10-18;141483;LINDOMAR BARBOSA ALVES;LINDOMAR GARÇON;
;1949-11-29;160663;LEOPOLDO COSTA MEYER;LEOPOLDO MEYER;
;1953-11-03;74585;LINCOLN DINIZ PORTELA;LINCOLN PORTELA;
;1970-02-23;160534;LAURIETE RODRIGUES PINTO;LAURIETE;
;1975-11-07;74367;LEANDRO VILELA VELLOSO;LEANDRO VILELA;
;1947-02-11;141480;LÁZARO BOTELHO MARTINS;LÁZARO BOTELHO;
;1957-07-03;141479;LAUREZ DA ROCHA MOREIRA;LAUREZ MOREIRA;
;1959-04-15;151208;LAERCIO JOSÉ DE OLIVEIRA;LAERCIO OLIVEIRA;
;1939-02-19;74742;LAEL VIEIRA VARELLA;LAEL VARELLA;
;1965-03-28;160648;RAIMUNDO COIMBRA JÚNIOR;JÚNIOR COIMBRA;
;1940-12-15;160544;JUNJI ABE;JUNJI ABE;
;1956-07-25;74783;JULIO FRANCISCO SEMEGHINI NETO;JULIO SEMEGHINI;
;1956-09-28;160659;IOLANDA KEIKO MIASHIRO OTA;KEIKO OTA;
;1959-04-06;74253;JULIO LUIZ BAPTISTA LOPES;JULIO LOPES;
;1966-11-18;73586;JÚLIO CÉSAR DELGADO;JÚLIO DELGADO;
;1960-04-22;160533;LILIAM SÁ DE PAULA;LILIAM SÁ;
;1946-12-11;160519;JÚLIO JOSÉ DE CAMPOS;JÚLIO CAMPOS;
;1948-08-25;74317;JÚLIO CÉSAR DE CARVALHO LIMA;JÚLIO CESAR;
;1951-06-04;73666;JOVAIR DE OLIVEIRA ARANTES;JOVAIR ARANTES;
;1944-05-27;74351;JOSUÉ BENGTSON;JOSUÉ BENGTSON;
;1954-06-21;141562;WELINGTON COIMBRA;LELO COIMBRA;
;1949-11-06;4929;JOSEPH WALLACE FARIA BANDEIRA;JOSEPH BANDEIRA;
;1956-10-14;74141;JOSIAS GOMES DA SILVA;JOSIAS GOMES;
;1957-08-11;160607;JOSE LUIZ STÉDILE;JOSE STÉDILE;
;1963-12-02;74079;JOSÉ BENITO PRIANTE JÚNIOR;JOSÉ PRIANTE;
;1950-12-18;160619;JOSÉ NUNES SOARES;JOSÉ NUNES;
;1960-10-29;160396;JOSÉ HUMBERTO SOARES;JOSÉ HUMBERTO;
;1948-08-18;74554;JOSÉ ALVES ROCHA;JOSÉ ROCHA;
;1942-06-08;74423;JOSÉ SEVERIANO CHAVES;JOSÉ CHAVES;
;1930-10-21;74297;JOSÉ LINHARES PONTE;JOSÉ LINHARES;
;1946-05-03;73540;JOSÉ GENOÍNO NETO;JOSÉ GENOÍNO;
;1959-02-13;141470;JOSÉ NOBRE GUIMARÃES;JOSÉ GUIMARÃES;
;1953-05-27;73875;JOSÉ CARLOS VIEIRA;JOSÉ CARLOS VIEIRA;
;1956-01-20;160661;JOSÉ AUGUSTO MAIA;JOSÉ AUGUSTO MAIA;
;1947-08-09;73536;JOSÉ ANÍBAL PERES DE PONTES;JOSÉ ANÍBAL;
;1957-02-21;141464;JOSÉ AIRTON FÉLIX CIRILO DA SILVA;JOSÉ AIRTON;
;1944-12-21;74140;JOSÉ CARLOS LEÃO DE ARAÚJO;JOSÉ CARLOS ARAÚJO;
;1957-06-02;160560;JOSÉ DE FILIPPI JÚNIOR;JOSÉ DE FILIPPI;
;1956-07-15;160509;JORGINHO DOS SANTOS MELLO;JORGINHO MELLO;
;1951-05-09;160572;JORGE WICKS CÔRTE REAL;JORGE CÔRTE REAL;
;1948-09-30;74275;JOSÉ MENTOR GUILHERME DE MELLO NETTO;JOSÉ MENTOR;
;1955-11-05;74388;JORGE CATARINO LEONARDELI BOEIRA;JORGE BOEIRA;
;1965-06-25;160548;JONAS DONIZETTE FERREIRA;JONAS DONIZETTE;
;1957-10-25;141461;JOAQUIM BELTRÃO SIQUEIRA;JOAQUIM BELTRÃO;
;1967-03-23;160571;JOÃO RODRIGUES;JOÃO RODRIGUES;
;1966-10-12;73569;JORGE DOS REIS PINHEIRO;JORGE PINHEIRO;
;1961-10-31;73874;JOÃO ALBERTO PIZZOLATTI JÚNIOR;JOÃO PIZZOLATTI;
;1952-12-31;160549;JOÃO PAULO LIMA E SILVA;JOÃO PAULO LIMA;
;1960-02-06;74120;JOÃO LÚCIO MAGALHÃES BIFANO;JOÃO MAGALHÃES;
;1948-10-25;74686;JORGE RICARDO BITTAR;JORGE BITTAR;
;1958-06-06;73534;JOÃO PAULO CUNHA;JOÃO PAULO CUNHA;
;1953-09-20;141459;JOÃO DA SILVA MAIA;JOÃO MAIA;
;1931-06-17;74049;JOÃO JOSÉ PEREIRA DE LYRA;JOÃO LYRA;
;1946-02-27;74550;JOÃO FELIPE DE SOUZA LEÃO;JOÃO LEÃO;
;1960-06-24;74559;JOÃO CALDAS DA SILVA;JOÃO CALDAS;
;1963-04-17;141457;JOÃO BITTAR JÚNIOR;JOÃO BITTAR;
;1954-04-23;160574;JOÃO ANANIAS VASCONCÉLOS NETO;JOÃO ANANIAS;
;1976-05-22;160573;JOÃO JOSÉ DE ARRUDA JÚNIOR;JOÃO ARRUDA;
;1946-08-09;141503;MARIA DO SOCORRO JÔ MORAES;JÔ MORAES;
;1983-09-03;160531;JOHNATHAN PEREIRA DE JESUS;JHONATAN DE JESUS;
;1959-04-09;160671;JESUS RODRIGUES ALVES;JESUS RODRIGUES;
;1976-01-20;160570;JERÔNIMO PIZZOLOTTO GOERGEN;JERÔNIMO GOERGEN;
;1965-06-25;141456;JILMAR AUGUSTINHO TATTO;JILMAR TATTO;
;1964-10-26;74273;JEFFERSON ALVES DE CAMPOS;JEFFERSON CAMPOS;
;1962-08-18;97822;JAQUELINE MARIA RORIZ;JAQUELINE RORIZ;
;1946-11-03;141455;JANETE ROCHA PIETÁ;JANETE ROCHA PIETÁ;
;1962-12-28;74366;JOÃO CAMPOS DE ARAÚJO;JOÃO CAMPOS;
;1974-03-10;160672;JEAN WYLLYS DE MATOS SANTOS;JEAN WYLLYS;
;1957-05-17;74848;JANDIRA FEGHALI;JANDIRA FEGHALI;
;1944-09-18;3151;JAIRO ATAÍDE VIEIRA;JAIRO ATAÍDE;
;1949-05-12;73926;JANETE MARIA GÓES CAPIBERIBE;JANETE CAPIBERIBE;
;1955-03-21;74847;JAIR MESSIAS BOLSONARO;JAIR BOLSONARO;
;1953-06-17;74665;JAIME MARTINS FILHO;JAIME MARTINS;
;1956-04-07;4931;IZALCI LUCAS FERREIRA;IZALCI;
;1948-03-18;74152;ISAIAS SILVESTRE;ISAIAS SILVESTRE;
;1943-05-07;141453;ÍRIS DE ARAÚJO REZENDE MACHADO;ÍRIS DE ARAÚJO;
;1956-02-12;74162;IRINY NICOLAU CORRES LOPES;IRINY LOPES;
;1938-10-21;74421;INOCÊNCIO GOMES DE OLIVEIRA;INOCÊNCIO OLIVEIRA;
;1966-04-23;67138;IRACEMA MARIA PORTELLA NUNES NOGUEIRA LIMA;IRACEMA PORTELLA;
;1952-06-02;74780;IARA BERNARDI;IARA BERNARDI;
;1934-06-03;74662;HUMBERTO GUIMARÃES SOUTO;HUMBERTO SOUTO;
;1943-10-31;160974;HUGO NAPOLEÃO DO REGO NETO;HUGO NAPOLEÃO;
;1946-07-05;73531;IVAN VALENTE;IVAN VALENTE;
;1989-09-11;160674;HUGO MOTTA WANDERLEY DA NÓBREGA;HUGO MOTTA;
;1962-08-06;141450;HUGO LEAL MELO DA SILVA;HUGO LEAL;
2013-10-20;1955-05-25;141448;HOMERO ALVES PEREIRA;HOMERO PEREIRA;
;1978-02-06;160596;HEULER ABREU CRUVINEL;HEULER CRUVINEL;
;1983-02-03;81232;IRAJÁ SILVESTRE FILHO;IRAJÁ ABREU;
;1960-10-16;68731;JOSÉ HENRIQUE OLIVEIRA;HENRIQUE OLIVEIRA;
;1963-12-01;160590;HÉLIO BATISTA DOS SANTOS;HÉLIO SANTOS;
;1960-01-18;73482;HENRIQUE FONTANA JÚNIOR;HENRIQUE FONTANA;
;1948-12-09;74324;HENRIQUE EDUARDO LYRA ALVES;HENRIQUE EDUARDO ALVES;
;1958-04-25;73772;HERMES PARCIANELLO;HERMES PARCIANELLO;
;1963-02-22;175737;HELCIO ANTONIO DA SILVA;HELCIO SILVA;
;1980-12-26;176120;GUSTAVO LEMOS PETTA;GUSTAVO PETTA;
;1952-12-14;73935;DARCY HUMBERTO MICHILES;HUMBERTO MICHILES;
;1982-10-14;160667;GUILHERME MUSSI FERREIRA;GUILHERME MUSSI;
;1962-11-20;141447;GUILHERME CAMPOS JÚNIOR;GUILHERME CAMPOS;
;1946-04-26;74419;LUIZ GONZAGA PATRIOTA;GONZAGA PATRIOTA;
;1952-04-10;129618;MARIA GORETE PEREIRA;GORETE PEREIRA;
;1954-10-07;173802;GOIACIARA TAVARES CRUZ;GOIACIARA CRUZ;
;1964-12-03;73940;HENRIQUE AFONSO SOARES LIMA;HENRIQUE AFONSO;
;1978-03-26;141446;GLADSON DE LIMA CAMELI;GLADSON CAMELI;
;1946-07-15;74077;GIOVANNI CORRÊA QUEIROZ;GIOVANNI QUEIROZ;
;1957-10-14;74558;GIVALDO DE SÁ GOUVEIA;GIVALDO CARIMBÃO;
;1960-06-23;160673;GIOVANI CHERINI;GIOVANI CHERINI;
;1961-11-06;74581;GILMAR ALVES MACHADO;GILMAR MACHADO;
;1982-06-26;152605;GLAUBER DE MEDEIROS BRAGA;GLAUBER BRAGA;
;1959-09-23;160562;EDSON GIROTO;GIROTO;
;1953-11-13;74566;GERALDO SIMÕES DE OLIVEIRA;GERALDO SIMÕES;
;1989-03-10;145895;JOSÉ GERARDO CORRÊA DE ARRUDA;GERA ARRUDA;
;1945-10-26;74151;GERALDO THADEU PEDREIRA DOS SANTOS;GERALDO THADEU;
;1971-06-11;141441;GEORGE HILTON DOS SANTOS CECÍLIO;GEORGE HILTON;
;1963-03-13;160669;GENECIAS MATEUS NORONHA;GENECIAS NORONHA;
;1972-10-09;165429;GEAN MARQUES LOUREIRO;GEAN LOUREIRO;
;1983-06-06;129037;GABRIEL GUIMARÃES DE ANDRADE;GABRIEL GUIMARÃES;
;1946-06-15;74200;GASTÃO DIAS VIEIRA;GASTÃO VIEIRA;
;1970-12-17;74383;FERNANDO LÚCIO GIACOBO;GIACOBO;
;1952-02-18;141438;FRANCISCO EDNALDO PRACIANO;FRANCISCO PRACIANO;
;1963-02-17;141467;JOSÉ FRANCISCO CERQUEIRA TENÓRIO;FRANCISCO TENÓRIO;
;1955-04-20;74374;GERALDO RESENDE PEREIRA;GERALDO RESENDE;
;1968-04-03;165675;FRANCISCO EVANGELISTA DOS SANTOS DE ARAUJO;FRANCISCO ARAÚJO;
;1959-09-21;160677;FRANCISCO FLORIANO DE SOUSA SILVA;FRANCISCO FLORIANO;
;1949-11-17;141434;FLAVIANO FLÁVIO BAPTISTA DE MELO;FLAVIANO MELO;
;1955-11-21;179383;LUIZ FERNANDO SALVADORI ZÁCHIA;FERNANDO ZACHIA;
;1983-11-16;141433;FILIPE DE ALMEIDA PEREIRA;FILIPE PEREIRA;
;1969-04-30;160537;GABRIEL BENEDITO ISSAAC CHALITA;GABRIEL CHALITA;
;1968-12-28;160676;FERNANDO DANTAS TORRES;FERNANDO TORRES;
;1956-07-31;73481;FERNANDO STEPHAN MARRONI;FERNANDO MARRONI;
;1946-12-03;74843;FERNANDO LOPES DE ALMEIDA;FERNANDO LOPES;
;1969-04-26;160598;FLÁVIA CARREIRO ALBUQUERQUE MORAIS;FLÁVIA MORAIS;
;1952-06-23;163831;FERNANDO ANTÔNIO CECILIANO JORDÃO;FERNANDO JORDÃO;
;1970-03-26;160646;FERNANDO DESTITO FRANCISCHINI;FERNANDO FRANCISCHINI;
;1951-09-05;74417;FERNANDO DANTAS FERRO;FERNANDO FERRO;
;1978-12-26;141430;FELIPE LEONE BORNIER DE OLIVEIRA;FELIPE BORNIER;
;1955-05-19;74037;MARIA DE FÁTIMA BEZERRA;FÁTIMA BEZERRA;
;1973-01-18;74062;FÁBIO LOUREIRO SOUTO;FÁBIO SOUTO;
;1961-12-22;141427;FÁBIO AUGUSTO RAMALHO DOS SANTOS;FÁBIO RAMALHO;
;1969-08-18;160587;FÁBIO RICARDO TRAD;FÁBIO TRAD;
;1959-02-13;74065;FÁTIMA LÚCIA PELAES;FÁTIMA PELAES;
;1977-09-01;141428;FÁBIO SALUSTINO MESQUITA DE FARIA;FÁBIO FARIA;
;1977-04-15;171623;FABIO DE ALMEIDA REIS;FABIO REIS;
;1959-01-18;171621;EURICO PINHEIRO BERNARDES JUNIOR;EURICO JÚNIOR;
;1962-04-21;74345;EVANDRO COSTA MILHOMEN;EVANDRO MILHOMEN;
;1964-09-11;141386;ANTÔNIO EUDES XAVIER;EUDES XAVIER;
;1971-05-20;160640;EROS FERREIRA BIONDINI;EROS BIONDINI;
;1984-02-28;141431;FERNANDO BEZERRA DE SOUZA COELHO FILHO;FERNANDO COELHO FILHO;
;1947-12-21;160649;ESPERIDIÃO AMIN HELOU FILHO;ESPERIDIÃO AMIN;
;1946-02-05;154997;EMILIANO JOSÉ DA SILVA FILHO;EMILIANO JOSÉ;
;1956-03-06;74119;EMANUEL FERNANDES;EMANUEL FERNANDES;
;1957-08-15;160575;ÉRIKA JUCÁ KOKAY;ERIKA KOKAY;
;1964-02-10;162175;ELIANE PONTES ROLIM;ELIANE ROLIM;
;1955-09-09;141423;ELIENE JOSÉ DE LIMA;ELIENE LIMA;
;1976-01-13;160532;ADRIANO ELI CORRÊA;ELI CORREA FILHO;
;1953-06-13;154919;ELEUSES VIEIRA DE PAIVA;ELEUSES PAIVA;
;1965-01-29;99654;ERIVELTON LIMA SANTANA;ERIVELTON SANTANA;
;1958-09-19;73893;ENIO EGON BERGMANN BACCI;ENIO BACCI;
;1966-04-28;73945;CARLOS EDUARDO TORRES GOMES;EDUARDO GOMES;
;1948-09-09;160647;EDUARDO BRANDÃO DE AZEREDO;EDUARDO AZEREDO;
;1945-12-23;73892;ELISEU LEMOS PADILHA;ELISEU PADILHA;
;1949-05-09;74106;EDSON SILVA;EDSON SILVA;
;1944-10-05;74075;ELCIONE THEREZINHA ZAHLUTH BARBALHO;ELCIONE BARBALHO;
;1954-07-21;141419;EDSON SANTOS DE SOUZA;EDSON SANTOS;
;1979-03-18;141422;EFRAIM DE ARAÚJO MORAIS FILHO;EFRAIM FILHO;
;1952-10-05;74382;EDUARDO FRANCISCO SCIARRA;EDUARDO SCIARRA;
;1963-12-11;160618;EDSON SAMPAIO PIMENTA;EDSON PIMENTA;
;1978-07-01;160616;EDIVALDO DE HOLANDA BRAGA JUNIOR;EDIVALDO HOLANDA JUNIOR;
;1957-09-15;141418;EDSON APARECIDO DOS SANTOS;EDSON APARECIDO;
;1950-03-06;73793;EDSON BEZ DE OLIVEIRA;EDINHO BEZ;
;1952-01-04;141417;ÉDIO VIEIRA LOPES;EDIO LOPES;
;1949-07-30;73447;EDSON EDINHO COELHO ARAÚJO;EDINHO ARAÚJO;
;1964-05-16;141385;ANTONIO DUARTE NOGUEIRA JÚNIOR;DUARTE NOGUEIRA;
;1956-01-08;166727;ELAINE APARECIDA BELLONI ABISSAMRA;DRA. ELAINE ABISSAMRA;
;1945-07-13;74838;EDSON EZEQUIEL DE MATOS;EDSON EZEQUIEL;
;1956-03-07;161904;JOÃO DUDIMAR DE AZEVEDO PAXIÚBA;DUDIMAR PAXIUBA;
;1959-09-26;160578;EDMAR DE SOUZA ARRUDA;EDMAR ARRUDA;
;1951-02-23;178830;SINVAL MALHEIROS PINTO JÚNIOR;DR. SINVAL MALHEIROS;
;1949-10-07;141498;MARCO AURÉLIO UBIALI;DR. UBIALI;
;1950-11-12;73459;FLORISVALDO FIER;DR. ROSINHA;
;1960-06-18;147975;PAULO CÉSAR DA GUIA ALMEIDA;DR. PAULO CÉSAR;
;1939-09-25;74580;EDMAR BATISTA MOREIRA;EDMAR MOREIRA;
;1946-09-30;74094;LUIZ FERNANDO SARMENTO NICOLAU;DR. LUIZ FERNANDO;
;1947-03-06;170489;DILSON MALHEIROS DRUMOND;DR. DILSON DRUMOND;
;1952-06-03;160643;JORGE SILVA;DR. JORGE SILVA;
;1940-09-11;141371;ADILSON SOARES;DR. ADILSON SOARES;
;1956-03-20;74197;DOMINGOS FRANCISCO DUTRA FILHO;DOMINGOS DUTRA;
;1954-08-13;74265;DIMAS EDUARDO RAMALHO;DIMAS RAMALHO;
;1968-07-13;160529;ALUIZIO DOS SANTOS JUNIOR;DR. ALUIZIO;
;1973-05-23;160599;DIMAS FABIANO TOLEDO JÚNIOR;DIMAS FABIANO;
;1948-01-26;73768;DILCEU JOÃO SPERAFICO;DILCEU SPERAFICO;
;1972-07-26;160514;RODRIGO MOREIRA LADEIRA GRILO;DR. GRILO;
;1977-08-08;160588;DIEGO LEONARDO DE ANDRADE CARVALHO;DIEGO ANDRADE;
;1971-06-16;174854;DENÍLSON FRANCISCO TEIXEIRA;DENILSON TEIXEIRA;
;1944-02-02;74264;DEVANIR RIBEIRO;DEVANIR RIBEIRO;
;1962-11-28;164359;WALDIR SOARES DE OLIVEIRA;DELEGADO WALDIR;
;1959-08-28;74172;WANDERLEY ALVES DE OLIVEIRA;DELEY;
;1959-05-20;160606;PROTÓGENES PINHEIRO DE QUEIROZ;DELEGADO PROTÓGENES;
;1945-09-29;118384;CARLOS ALBERTO LOPES;DR. CARLOS ALBERTO;
;1976-11-22;141412;DAVI ALVES SILVA JÚNIOR;DAVI ALVES SILVA JÚNIOR;
;1967-04-21;160528;DANILO JORGE DE BARROS CABRAL;DANILO CABRAL;
;1958-09-01;62881;FRANCISCO DANILO BASTOS FORTE;DANILO FORTE;
;1955-01-21;74060;DANIEL GOMES DE ALMEIDA;DANIEL ALMEIDA;
;1978-03-23;114586;CRISTIANO JOSÉ RODRIGUES DE SOUZA;CRISTIANO;
;1960-10-01;141413;DÉCIO NERY DE LIMA;DÉCIO LIMA;
;1952-04-28;74467;DAMIÃO FELICIANO DA SILVA;DAMIÃO FELICIANO;
;1939-07-28;74016;ANTONIO DA CONCEIÇÃO COSTA FERREIRA;COSTA FERREIRA;
;1972-05-10;141408;CLEBER VERDE CORDEIRO MENDES;CLEBER VERDE;
;1952-10-02;74230;COLBERT MARTINS DA SILVA FILHO;COLBERT MARTINS;
;1970-08-02;160557;CLAUDIO ALBERTO CASTELO BRANCO PUTY;CLÁUDIO PUTY;
;1961-04-25;141502;MARIA DALVA DE SOUZA FIGUEIREDO;DALVA FIGUEIREDO;
;1965-02-18;160580;MARIA APARECIDA BORGHETTI;CIDA BORGHETTI;
;1954-03-10;160576;CESAR HANNA HALUM;CÉSAR HALUM;
;1954-08-01;74379;CEZAR AUGUSTO CAROLLO SILVESTRI;CEZAR SILVESTRI;
;1958-07-22;160664;CÉSAR ROBERTO COLNAGHI;CESAR COLNAGO;
;1963-12-01;74537;CLÁUDIO CAJADO SAMPAIO;CLAUDIO CAJADO;
;1957-01-19;73568;CELSO ALENCAR RAMOS JACOB;CELSO JACOB;
;1953-08-30;141405;CELSO MALDANER;CELSO MALDANER;
;1962-10-06;164360;CARMEN EMÍLIA BONFÁ ZANOTTO;CARMEN ZANOTTO;
;1977-06-19;73924;DAVID SAMUEL ALCOLUMBRE TOBELEM;DAVI ALCOLUMBRE;
;1959-06-08;141398;CARLOS ALBERTO ROLIM ZARATTINI;CARLOS ZARATTINI;
;1952-10-29;160624;CÉLIA MARIA BARBOSA ROCHA;CELIA ROCHA;
;1952-08-17;73934;CARLOS ALBERTO CAVALCANTE DE SOUZA;CARLOS SOUZA;
;1963-03-31;74262;CARLOS HENRIQUE FOCESI SAMPAIO;CARLOS SAMPAIO;
;1955-12-25;165583;CARLOS ROBERTO DE CAMPOS;CARLOS ROBERTO;
;1940-04-23;74474;CARLOS EDUARDO CINTRA DA COSTA PEREIRA;CARLOS EDUARDO CADOCA;
;1947-03-11;74651;CARLOS DO CARMO ANDRADE MELLES;CARLOS MELLES;
;1958-06-02;141402;CARLOS ORLEANS BRANDÃO JUNIOR;CARLOS BRANDÃO;
;1961-06-19;74290;CARLOS ALBERTO LERÉIA DA SILVA;CARLOS ALBERTO LERÉIA;
;1941-11-04;141401;CARLOS GOMES BEZERRA;CARLOS BEZERRA;
;1963-06-25;160584;CARLOS JOSE DE ALMEIDA;CARLINHOS ALMEIDA;
;1939-08-13;141440;FRANCISCO LOPES DA SILVA;CHICO LOPES;
;1950-10-03;160585;CARLAILE JESUS PEDROSA;CARLAILE PEDROSA;
;1958-06-16;160605;CARLOS MAGNO RAMOS;CARLOS MAGNO;
;1955-09-26;141396;CÂNDIDO ELPÍDIO DE SOUZA VACCAREZZA;CÂNDIDO VACCAREZZA;
;1971-01-13;168034;JULIANO DE SOUZA RABELO;CABO JULIANO RABELO;
;1923-07-26;141395;CAMILO COLA;CAMILO COLA;
;1972-03-15;141394;BRUNO CAVALCANTI DE ARAÚJO;BRUNO ARAÚJO;
;1962-02-05;160538;ELVINO JOSÉ BOHN GASS;BOHN GASS;
;1930-05-14;74650;BONIFÁCIO JOSÉ TAMM DE ANDRADA;BONIFÁCIO DE ANDRADA;
;1963-06-08;141513;OLAVO BILAC PINTO NETO;BILAC PINTO;
;1952-03-09;74373;ANTONIO CARLOS BIFFI;BIFFI;
;1957-08-07;74163;CARLOS HUMBERTO MANNATO;CARLOS MANATO;
;1951-07-07;73437;PAULO ROBERTO GOMES MANSUR;BETO MANSUR;
;1969-06-20;141335;JOSÉ ROBERTO OLIVEIRA FARO;BETO FARO;
;1963-01-06;73478;LUIZ ROBERTO DE ALBUQUERQUE;BETO ALBUQUERQUE;
;1970-08-05;141393;BRUNO CAMPELO RODRIGUES DE SOUZA;BRUNO RODRIGUES;
;1948-12-23;74321;CARLOS ALBERTO DE SOUSA ROSADO;BETINHO ROSADO;
;1975-12-08;109152;BERNARDO DE VASCONCELLOS MOREIRA;BERNARDO SANTANA DE VASCONCELLOS;
;1958-11-20;160554;HERBSON JAIRO RIBEIRO BANTIM;BERINHO BANTIM;
;1942-04-26;73701;BENEDITA SOUZA DA SILVA SAMPAIO;BENEDITA DA SILVA;
;1962-06-09;178834;ADALBERTO SOUZA GALVÃO;BEBETO GALVÃO;
;1979-02-17;160512;AUREO LIDIO MOREIRA RIBEIRO;AUREO;
;1983-04-28;160589;BRUNA DIAS FURLAN;BRUNA FURLAN;
;1947-04-07;74459;ÁTILA FREITAS LIRA;ÁTILA LIRA;
;1962-09-14;160581;ASSIS FLÁVIO DA SILVA MELO;ASSIS MELO;
;1950-11-22;74090;ÁTILA SIDNEY LINS ALBUQUERQUE;ÁTILA LINS;
;1961-10-17;74378;ASSIS MIGUEL DO COUTO;ASSIS DO COUTO;
;1961-09-09;159237;FRANCISCO DE ASSIS CARVALHO GONÇALVES;ASSIS CARVALHO;
;1939-07-27;74222;ASDRÚBAL MENDES BENTES;ASDRUBAL BENTES;
;1969-06-25;160541;ARTHUR CÉSAR PEREIRA DE LIRA;ARTHUR LIRA;
;1937-03-11;74833;AROLDE DE OLIVEIRA;AROLDE DE OLIVEIRA;
;1958-11-30;160602;ARNALDO JORDY FIGUEIREDO;ARNALDO JORDY;
;1951-08-13;74291;JOSÉ ARNON CRUZ BEZERRA DE MENEZES;ARNON BEZERRA;
;1959-08-04;160678;ARTUR JOSÉ VIEIRA BRUNO;ARTUR BRUNO;
;1965-08-03;160546;ARMANDO VERGÍLIO DOS SANTOS JÚNIOR;ARMANDO VERGÍLIO;
;1944-12-29;74405;ARMANDO ABILIO VIEIRA;ARMANDO ABÍLIO;
;1971-11-30;74040;BENJAMIN GOMES MARANHÃO NETO;BENJAMIN MARANHÃO;
;1941-05-03;74648;ARACELY DE PAULA;ARACELY DE PAULA;
;1938-10-11;74103;FRANCISCO ARIOSTO HOLANDA;ARIOSTO HOLANDA;
;1942-06-20;141390;ANTÔNIO ROBERTO SOARES;ANTÔNIO ROBERTO;
;1948-03-12;160530;ANTONIO JOSÉ IMBASSAHY DA SILVA;ANTONIO IMBASSAHY;
;1946-06-13;73584;ANTONIO CARLOS DE MENDES THAME;ANTONIO CARLOS MENDES THAME;
;1969-01-17;160553;ANTONIO LUIZ PARANHOS RIBEIRO LEITE DE BRITO;ANTONIO BRITO;
;1953-06-18;141387;ANTÔNIO EUSTÁQUIO ANDRADE FERREIRA;ANTÔNIO ANDRADE;
;1949-08-22;74213;ANTONIO BALHMANN CARDOSO NUNES FILHO;ANTONIO BALHMANN;
;1968-05-05;141383;ANTONIO CARLOS MARTINS DE BULHÕES;ANTONIO BULHÕES;
;1960-04-18;160539;ANTHONY WILLIAM GAROTINHO MATHEUS DE OLIVEIRA;ANTHONY GAROTINHO;
;1979-01-26;74058;ANTÔNIO CARLOS PEIXOTO DE MAGALHÃES NETO;ANTONIO CARLOS MAGALHÃES NETO;
;1952-12-25;73937;ANSELMO DE JESUS ABREU;ANSELMO DE JESUS;
;1954-09-18;160638;JOSELI ÂNGELO AGNOLIN;ÂNGELO AGNOLIN;
;1964-08-17;160600;ARTHUR DE OLIVEIRA MAIA DA SILVA;ARTHUR OLIVEIRA MAIA;
;1955-06-19;141381;ANGELO CARLOS VANHONI;ANGELO VANHONI;
;1953-06-07;74212;ANÍBAL FERREIRA GOMES;ANÍBAL GOMES;
;1974-07-13;141379;ANDREIA ALMEIDA ZITO DOS SANTOS;ANDREIA ZITO;
;1949-12-24;73433;ARLINDO CHIGNALIA JUNIOR;ARLINDO CHINAGLIA;
;1960-12-12;161905;ANDRÉ TEIXEIRA DIAS;ANDRÉ DIAS;
;1972-12-10;160551;ANDERSON FERREIRA RODRIGUES;ANDERSON FERREIRA;
;1939-07-07;74377;ANDRÉ ZACHAROW;ANDRÉ ZACHAROW;
;1972-02-23;160543;ANDRÉ LUIS DANTAS FERREIRA;ANDRE MOURA;
;1966-11-10;133439;ANDRÉ PEIXOTO FIGUEIREDO LIMA;ANDRÉ FIGUEIREDO;
;1964-03-02;141378;ANDRÉ LUIZ VARGAS ILÁRIO;ANDRE VARGAS;
;1953-09-28;160626;JOSÉ ALMEIDA LIMA;ALMEIDA LIMA;
;1950-12-08;116663;ALFREDO HELIO SYRKIS;ALFREDO SIRKIS;
;1973-03-25;141375;ALINE LEMOS CORRÊA DE OLIVEIRA ANDRADE;ALINE CORRÊA;
;1959-05-16;74057;ALICE MAZZUCO PORTUGAL;ALICE PORTUGAL;
;1956-03-28;169712;ALEXANDRE DE MELO TOLEDO;ALEXANDRE TOLEDO;
;1970-07-15;141374;ALEXANDRE SILVEIRA DE OLIVEIRA;ALEXANDRE SILVEIRA;
;1964-11-12;160579;ALEXANDRE RUBIO ROSO;ALEXANDRE ROSO;
;1957-12-01;160603;AMAURI SANTOS TEIXEIRA;AMAURI TEIXEIRA;
;1947-07-28;141377;ANA LÚCIA ARRAES DE ALENCAR;ANA ARRAES;
;1954-09-04;74830;ALEXANDRE JOSÉ DOS SANTOS;ALEXANDRE SANTOS;
;1961-07-22;74471;ANDRÉ CARLOS ALVES DE PAULA FILHO;ANDRÉ DE PAULA;
;1955-11-07;141454;JACOB ALFREDO STOFFELS KAEFER;ALFREDO KAEFER;
;1989-04-18;160545;ALEXANDRE LEITE DA SILVA;ALEXANDRE LEITE;
;1952-05-03;74829;ALEXANDRE AGUIAR CARDOSO;ALEXANDRE CARDOSO;
;1971-10-28;160511;ALESSANDRO LUCCIOLA MOLON;ALESSANDRO MOLON;
;1964-06-11;73458;ALEX CANZIANI SILVEIRA;ALEX CANZIANI;
