cam:ideCadastro;cam:nomeCivil;cam:nomeParlamentarAtual;slp:resource_uri
178943;MARCOS BEZERRA RIBEIRO SOARES;MARCOS SOARES;1a2a8c12348380555e510d1e1b6e7de3
178995;ANTONIO ROBERTO RODRIGUES GÓES DA SILVA;ROBERTO GÓES;d756776bc56efce11d2fecee1f4855d0
112437;JOÃO MARCELO SANTOS SOUZA;JOÃO MARCELO SOUZA;de549e980bd660b3b287d5893a2e41a8
160544;JUNJI ABE;JUNJI ABE;955f88ef-358e-46a3-8f8c-a67be902240c
160544;JUNJI ABE;JUNJI ABE;955f88ef-358e-46a3-8f8c-a67be902240c
178836;ALAN RICK MIRANDA;ALAN RICK;3f8ce45065ead34564ffbb987a294be7
160511;ALESSANDRO LUCCIOLA MOLON;ALESSANDRO MOLON;069ec5b7ba726af033923cb2dd8a7340
160511;ALESSANDRO LUCCIOLA MOLON;ALESSANDRO MOLON;069ec5b7ba726af033923cb2dd8a7340
178855;ANTONIO LAZARO SILVA;IRMÃO LAZARO;e2a1159ae4d466b8f25d41f1e76c337c
178960;REMIDIO MONAI MONTESSI;REMÍDIO MONAI;68daee9ed1c1ee57bdb29f180b416adc
131943;Jarbas de Andrade Vasconcelos;JARBAS VASCONCELOS;27cb858867fc9c7dda1840755c51bf94
141553;VANDERLEI MACRIS;VANDERLEI MACRIS;0686f3aacaafeec85d46c3f48ceca6aa
141553;VANDERLEI MACRIS;VANDERLEI MACRIS;0686f3aacaafeec85d46c3f48ceca6aa
141553;VANDERLEI MACRIS;VANDERLEI MACRIS;0686f3aacaafeec85d46c3f48ceca6aa
200153;GEDEAO TIMOTEO AMORIM;PROF. GEDEÃO AMORIM;64d1495b-51b9-4dc2-995c-1db1a751b098
160541;ARTHUR CÉSAR PEREIRA DE LIRA;ARTHUR LIRA;40e0f7ef3222b01fb15dfe1d9227e652
160541;ARTHUR CÉSAR PEREIRA DE LIRA;ARTHUR LIRA;40e0f7ef3222b01fb15dfe1d9227e652
160508;AFONSO BANDEIRA FLORENCE;AFONSO FLORENCE;be2b6bff6bdce7b743c2bc9a46e43282
160508;AFONSO BANDEIRA FLORENCE;AFONSO FLORENCE;be2b6bff6bdce7b743c2bc9a46e43282
160587;FÁBIO RICARDO TRAD;FÁBIO TRAD;d9c58499-2f32-423a-bee0-e90640643f4c
160587;FÁBIO RICARDO TRAD;FÁBIO TRAD;d9c58499-2f32-423a-bee0-e90640643f4c
74478;Luciano Caldas Bivar;LUCIANO BIVAR;4e611c127201f37507eb2e5e1461d3b4
141450;HUGO LEAL MELO DA SILVA;HUGO LEAL;008cf653b53e3d22ea197459325382d2
141450;HUGO LEAL MELO DA SILVA;HUGO LEAL;008cf653b53e3d22ea197459325382d2
141450;HUGO LEAL MELO DA SILVA;HUGO LEAL;008cf653b53e3d22ea197459325382d2
141372;AELTON JOSÉ DE FREITAS;AELTON FREITAS;98911d3cdfdea21f0727f24324716a4c
141372;AELTON JOSÉ DE FREITAS;AELTON FREITAS;98911d3cdfdea21f0727f24324716a4c
141372;AELTON JOSÉ DE FREITAS;AELTON FREITAS;98911d3cdfdea21f0727f24324716a4c
74075;ELCIONE THEREZINHA ZAHLUTH BARBALHO;ELCIONE BARBALHO;01d43219370d9829d129f3137ca3ce9e
74075;ELCIONE THEREZINHA ZAHLUTH BARBALHO;ELCIONE BARBALHO;01d43219370d9829d129f3137ca3ce9e
74075;ELCIONE THEREZINHA ZAHLUTH BARBALHO;ELCIONE BARBALHO;01d43219370d9829d129f3137ca3ce9e
196357;DEJORGE PATRICIO DA SILVA;DEJORGE PATRÍCIO;79978af6ceba742cef5b8d6f2c37efac
66179;NORMA AYUB ALVES;NORMA AYUB;ed3810b6254ad72ae8434b93d8408371
73992;YEDA RORATO CRUSIUS;YEDA CRUSIUS;bfd9474dda2ab2d87cf1b2ac305eedc9
73992;YEDA RORATO CRUSIUS;YEDA CRUSIUS;bfd9474dda2ab2d87cf1b2ac305eedc9
195826;MARCELO JANDRE DELAROLI;MARCELO DELAROLI;f2853fa0fdbb8c2ee9ac74d5bc82001f
81366;LUANA MARIA DA SILVA COSTA;LUANA COSTA;3fdec23ebaea8109310c274518508230
195997;POLLYANA FATIMA GAMA SANTOS;POLLYANA GAMA;f0fe3d3d0d6ea4a8a1bb25f6825d45f2
195866;FRANCISCO VAIDON OLIVEIRA;VAIDON OLIVEIRA;c5c27cf8ec30938bd70521342f41e72b
195278;MOISES DINIZ LIMA;MOISÉS DINIZ;f5c7de8b36b0eb1dea6e09760e7ae237
195143;ANDRÉ AUGUSTO CASTRO DO AMARAL FILHO;ANDRÉ AMARAL;ecd7430dc9804803a538eca2100eb2ec
73934;CARLOS ALBERTO CAVALCANTE DE SOUZA;CARLOS SOUZA;701fe4c2-b923-4e73-a516-37259a3c2e67
73934;CARLOS ALBERTO CAVALCANTE DE SOUZA;CARLOS SOUZA;701fe4c2-b923-4e73-a516-37259a3c2e67
73934;CARLOS ALBERTO CAVALCANTE DE SOUZA;CARLOS SOUZA;701fe4c2-b923-4e73-a516-37259a3c2e67
73934;CARLOS ALBERTO CAVALCANTE DE SOUZA;CARLOS SOUZA;701fe4c2-b923-4e73-a516-37259a3c2e67
194262;JONES ALEXANDRE MARTINS;JONES MARTINS;5216a0e2af23929c109a75a2b55c1d75
141429;FELIPE CATALÃO MAIA;FELIPE MAIA;949b23d23985a4ef93de4f43d0eff8fa
141429;FELIPE CATALÃO MAIA;FELIPE MAIA;949b23d23985a4ef93de4f43d0eff8fa
141429;FELIPE CATALÃO MAIA;FELIPE MAIA;949b23d23985a4ef93de4f43d0eff8fa
146949;ROSEANE CAVALCANTE DE FREITAS ESTRELA;ROSINHA DA ADEFAL;b5c10ce1699a0f589aa641b8122e2569
146949;ROSEANE CAVALCANTE DE FREITAS ESTRELA;ROSINHA DA ADEFAL;b5c10ce1699a0f589aa641b8122e2569
194261;CAJAR ONESIMO RIBEIRO NARDES;CAJAR NARDES;24b59d74cbd2d06169557b5bbcdfcdf5
171620;RENATO BARBOSA DE ANDRADE;RENATO ANDRADE;c181751762b857da07ffafd0112cfd5c
171620;RENATO BARBOSA DE ANDRADE;RENATO ANDRADE;c181751762b857da07ffafd0112cfd5c
194258;CLEUZA PEREIRA DO NASCIMENTO;CREUZA PEREIRA;d93ad34777bc3949e0844693ba615815
160566;NELSON PADOVANI;NELSON PADOVANI;5244b3585598ecab86e0e942680aa83c
160566;NELSON PADOVANI;NELSON PADOVANI;5244b3585598ecab86e0e942680aa83c
167614;SEVERINO DE SOUZA SILVA;SEVERINO NINHO;16e23b27dad8ce51a60b71dea5e5ff69
167614;SEVERINO DE SOUZA SILVA;SEVERINO NINHO;16e23b27dad8ce51a60b71dea5e5ff69
74856;MARIA LAURA MONTEZA DE SOUZA CARNEIRO;LAURA CARNEIRO;4a5d909831712832db0471108e377a22
74856;MARIA LAURA MONTEZA DE SOUZA CARNEIRO;LAURA CARNEIRO;4a5d909831712832db0471108e377a22
191945;JOSÉ AUGUSTO NALIN;ZÉ AUGUSTO NALIN;486c656a6fe9b8b111d02e598e6e890a
194260;NIVALDO FERREIRA DE ALBUQUERQUE NETO;NIVALDO ALBUQUERQUE;e53d0b6906ef9118b41a9b6a0ac420f4
193982;LUCIANO FRED BRAGA PENHA;PASTOR LUCIANO BRAGA;fc367fb868f1f7bfee5758e8ea1e5f93
189593;WADIH NEMER DAMOUS FILHO;WADIH DAMOUS;f0ba24491d0136cf7483fc6707caa502
73786;REINHOLD STEPHANES;REINHOLD STEPHANES;a6cc6e480bd8dfe43088fca8feb7a50c
73786;REINHOLD STEPHANES;REINHOLD STEPHANES;a6cc6e480bd8dfe43088fca8feb7a50c
73786;REINHOLD STEPHANES;REINHOLD STEPHANES;a6cc6e480bd8dfe43088fca8feb7a50c
73786;REINHOLD STEPHANES;REINHOLD STEPHANES;a6cc6e480bd8dfe43088fca8feb7a50c
186775;FRANKLIN ROBERTO DE LIMA SOUZA;FRANKLIN;d15dcb63f710c0fb391a840dc4a0c1a5
151965;JOSÉ DE ANDRADE MAIA FILHO;JOSÉ MAIA FILHO;4c3a0f00a7fbf84332ea44a2da52dd8e
151965;JOSÉ DE ANDRADE MAIA FILHO;JOSÉ MAIA FILHO;4c3a0f00a7fbf84332ea44a2da52dd8e
74103;FRANCISCO ARIOSTO HOLANDA;ARIOSTO HOLANDA;cde5e48f3f3d3a03a927e58864666e8f
74103;FRANCISCO ARIOSTO HOLANDA;ARIOSTO HOLANDA;cde5e48f3f3d3a03a927e58864666e8f
74103;FRANCISCO ARIOSTO HOLANDA;ARIOSTO HOLANDA;cde5e48f3f3d3a03a927e58864666e8f
74103;FRANCISCO ARIOSTO HOLANDA;ARIOSTO HOLANDA;cde5e48f3f3d3a03a927e58864666e8f
185500;DEOCLIDES ANTONIO SANTOS NETO MACEDO;DEOCLIDES MACEDO;45787fc5ca96276af2eec7a984640bac
124411;MAURO PEREIRA;MAURO PEREIRA;0798510429fc58dcf4986a01d813fdbb
181316;ELIZEU DIONIZIO SOUZA  DA SILVA;ELIZEU DIONIZIO;8327feb335be02b4fbcb9c5e34e760f2
74308;VICENTE FERREIRA DE ARRUDA COELHO;VICENTE ARRUDA;14c8117777d1b6983bf47851bf893913
74308;VICENTE FERREIRA DE ARRUDA COELHO;VICENTE ARRUDA;14c8117777d1b6983bf47851bf893913
74308;VICENTE FERREIRA DE ARRUDA COELHO;VICENTE ARRUDA;14c8117777d1b6983bf47851bf893913
74308;VICENTE FERREIRA DE ARRUDA COELHO;VICENTE ARRUDA;14c8117777d1b6983bf47851bf893913
187008;SILAS FREIRE PEREIRA E SILVA;SILAS FREIRE;b1872a0e562b02ed843a0f14d02d867b
131966;José Alberto Fogaça de Medeiros;JOSÉ FOGAÇA;bacb7f6ab067416d867919d023290b4f
73568;CELSO ALENCAR RAMOS JACOB;CELSO JACOB;95c7fa79179a1adbca4ae751afeb75ce
73568;CELSO ALENCAR RAMOS JACOB;CELSO JACOB;95c7fa79179a1adbca4ae751afeb75ce
180545;OSMAR STUART BERTOLDI;OSMAR BERTOLDI;569da6fd21c945e201bffde90386c4ba
160582;JOSÉ ALBERTO OLIVEIRA VELOSO FILHO;ALBERTO FILHO;4d5d3e6498d808f1a3e0916f33f525d5
160582;JOSÉ ALBERTO OLIVEIRA VELOSO FILHO;ALBERTO FILHO;4d5d3e6498d808f1a3e0916f33f525d5
101309;DAVIDSON DE MAGALHÃES SANTOS;DAVIDSON MAGALHÃES;be691f02a69334caf6da6bd011c00512
160631;WALNEY DA ROCHA CARVALHO;WALNEY ROCHA;0f399862ae8304b88134541f3398a4e2
160631;WALNEY DA ROCHA CARVALHO;WALNEY ROCHA;0f399862ae8304b88134541f3398a4e2
73805;ROBERTO JOÃO PEREIRA FREIRE;ROBERTO FREIRE;f3f822f94289081103cbcfd081d60b9b
73805;ROBERTO JOÃO PEREIRA FREIRE;ROBERTO FREIRE;f3f822f94289081103cbcfd081d60b9b
73805;ROBERTO JOÃO PEREIRA FREIRE;ROBERTO FREIRE;f3f822f94289081103cbcfd081d60b9b
160665;AUGUSTO RODRIGUES COUTINHO DE MELO;AUGUSTO COUTINHO;1837207751500d52499c13f13e1fb5f0
160665;AUGUSTO RODRIGUES COUTINHO DE MELO;AUGUSTO COUTINHO;1837207751500d52499c13f13e1fb5f0
160660;MARCELO THEODORO DE AGUIAR;MARCELO AGUIAR;799d94699c9d8a873e31aec41d5dec0f
160660;MARCELO THEODORO DE AGUIAR;MARCELO AGUIAR;799d94699c9d8a873e31aec41d5dec0f
160676;FERNANDO DANTAS TORRES;FERNANDO TORRES;f7e0504294e53e01c6268e03c5b6d951
160676;FERNANDO DANTAS TORRES;FERNANDO TORRES;f7e0504294e53e01c6268e03c5b6d951
74474;CARLOS EDUARDO CINTRA DA COSTA PEREIRA;CARLOS EDUARDO CADOCA;162f64364f291a7c03421d68e4abc23d
74474;CARLOS EDUARDO CINTRA DA COSTA PEREIRA;CARLOS EDUARDO CADOCA;162f64364f291a7c03421d68e4abc23d
74474;CARLOS EDUARDO CINTRA DA COSTA PEREIRA;CARLOS EDUARDO CADOCA;162f64364f291a7c03421d68e4abc23d
74474;CARLOS EDUARDO CINTRA DA COSTA PEREIRA;CARLOS EDUARDO CADOCA;162f64364f291a7c03421d68e4abc23d
92699;FERNANDO MONTEIRO DE ALBUQUERQUE;FERNANDO MONTEIRO;600b0780579b00fbd012aa3d8e48d512
74372;JOÃO SANDES JÚNIOR;SANDES JÚNIOR;0e245534512917219cdd244c41da3d91
74372;JOÃO SANDES JÚNIOR;SANDES JÚNIOR;0e245534512917219cdd244c41da3d91
74372;JOÃO SANDES JÚNIOR;SANDES JÚNIOR;0e245534512917219cdd244c41da3d91
74372;JOÃO SANDES JÚNIOR;SANDES JÚNIOR;0e245534512917219cdd244c41da3d91
74277;ANTONIO ADOLPHO LOBBE NETO;LOBBE NETO;ff07c0bae83c39ebfe249147acf484b8
74277;ANTONIO ADOLPHO LOBBE NETO;LOBBE NETO;ff07c0bae83c39ebfe249147acf484b8
74277;ANTONIO ADOLPHO LOBBE NETO;LOBBE NETO;ff07c0bae83c39ebfe249147acf484b8
133374;ADEMIR CAMILO PRATES RODRIGUES;ADEMIR CAMILO;0619a608d90f2633bc0b259580c3b13e
133374;ADEMIR CAMILO PRATES RODRIGUES;ADEMIR CAMILO;0619a608d90f2633bc0b259580c3b13e
133374;ADEMIR CAMILO PRATES RODRIGUES;ADEMIR CAMILO;0619a608d90f2633bc0b259580c3b13e
133374;ADEMIR CAMILO PRATES RODRIGUES;ADEMIR CAMILO;0619a608d90f2633bc0b259580c3b13e
73584;ANTONIO CARLOS DE MENDES THAME;ANTONIO CARLOS MENDES THAME;61f3bb7a8e6bbe17e3988dad717d6f24
73584;ANTONIO CARLOS DE MENDES THAME;ANTONIO CARLOS MENDES THAME;61f3bb7a8e6bbe17e3988dad717d6f24
73584;ANTONIO CARLOS DE MENDES THAME;ANTONIO CARLOS MENDES THAME;61f3bb7a8e6bbe17e3988dad717d6f24
73584;ANTONIO CARLOS DE MENDES THAME;ANTONIO CARLOS MENDES THAME;61f3bb7a8e6bbe17e3988dad717d6f24
160543;ANDRÉ LUIS DANTAS FERREIRA;ANDRE MOURA;73ca0003db34528d6b7d9ab7b98d17a9
160543;ANDRÉ LUIS DANTAS FERREIRA;ANDRE MOURA;73ca0003db34528d6b7d9ab7b98d17a9
141560;WALTER SHINDI IIHOSHI;WALTER IHOSHI;9f1fd94a33f1b6365f0649e81090c182
141560;WALTER SHINDI IIHOSHI;WALTER IHOSHI;9f1fd94a33f1b6365f0649e81090c182
141560;WALTER SHINDI IIHOSHI;WALTER IHOSHI;9f1fd94a33f1b6365f0649e81090c182
160535;DIONILSO MATEUS MARCON;MARCON;eb86fee0ed47469617e3579a47b76730
160535;DIONILSO MATEUS MARCON;MARCON;eb86fee0ed47469617e3579a47b76730
160611;ANTÔNIO PINHEIRO JÚNIOR;TONINHO PINHEIRO;59732fedb7130006ba5a754ae6afef07
160611;ANTÔNIO PINHEIRO JÚNIOR;TONINHO PINHEIRO;59732fedb7130006ba5a754ae6afef07
178841;JOSÉ CÍCERO SOARES DE ALMEIDA;CÍCERO ALMEIDA;40950be552b14179da5316a7ddc7576d
141513;OLAVO BILAC PINTO NETO;BILAC PINTO;9d5c32a8d1f92749308762291ccc4c7d
141513;OLAVO BILAC PINTO NETO;BILAC PINTO;9d5c32a8d1f92749308762291ccc4c7d
141513;OLAVO BILAC PINTO NETO;BILAC PINTO;9d5c32a8d1f92749308762291ccc4c7d
74395;JOSÉ OTÁVIO GERMANO;JOSÉ OTÁVIO GERMANO;48e8d2be8346c694e1e45aab39816214
74395;JOSÉ OTÁVIO GERMANO;JOSÉ OTÁVIO GERMANO;48e8d2be8346c694e1e45aab39816214
74395;JOSÉ OTÁVIO GERMANO;JOSÉ OTÁVIO GERMANO;48e8d2be8346c694e1e45aab39816214
74395;JOSÉ OTÁVIO GERMANO;JOSÉ OTÁVIO GERMANO;48e8d2be8346c694e1e45aab39816214
141401;CARLOS GOMES BEZERRA;CARLOS BEZERRA;ca1095b82e63c9701d301b0fcad17496
141401;CARLOS GOMES BEZERRA;CARLOS BEZERRA;ca1095b82e63c9701d301b0fcad17496
141401;CARLOS GOMES BEZERRA;CARLOS BEZERRA;ca1095b82e63c9701d301b0fcad17496
160600;ARTHUR DE OLIVEIRA MAIA DA SILVA;ARTHUR OLIVEIRA MAIA;3f8ff039f2cb68fb2af9f0e0b67e39c0
160600;ARTHUR DE OLIVEIRA MAIA DA SILVA;ARTHUR OLIVEIRA MAIA;3f8ff039f2cb68fb2af9f0e0b67e39c0
74833;AROLDE DE OLIVEIRA;AROLDE DE OLIVEIRA;49105dab3cfa5c9307a46b38eedec417
74833;AROLDE DE OLIVEIRA;AROLDE DE OLIVEIRA;49105dab3cfa5c9307a46b38eedec417
74833;AROLDE DE OLIVEIRA;AROLDE DE OLIVEIRA;49105dab3cfa5c9307a46b38eedec417
74833;AROLDE DE OLIVEIRA;AROLDE DE OLIVEIRA;49105dab3cfa5c9307a46b38eedec417
74299;JOSÉ LEÔNIDAS DE MENEZES CRISTINO;LEÔNIDAS CRISTINO;1171838345ed269733f05d07a6f49149
74299;JOSÉ LEÔNIDAS DE MENEZES CRISTINO;LEÔNIDAS CRISTINO;1171838345ed269733f05d07a6f49149
141478;LAERTE RODRIGUES DE BESSA;LAERTE BESSA;93efa5159f0e5794c33cb048766ffd33
141478;LAERTE RODRIGUES DE BESSA;LAERTE BESSA;93efa5159f0e5794c33cb048766ffd33
178844;PEDRO TORRES BRANDÃO VILELA;PEDRO VILELA;292d00739463e6f16f33c9a0952fe2d7
178973;ANA LUCIA LIPPAUS PERUGINI;ANA PERUGINI;fedca07d26773ad1725b941337c1674d
160561;JOSÉ OLIMPIO SILVEIRA MORAES;MISSIONÁRIO JOSÉ OLIMPIO;ac075a35de2f796a91fd1b249447a45c
160561;JOSÉ OLIMPIO SILVEIRA MORAES;MISSIONÁRIO JOSÉ OLIMPIO;ac075a35de2f796a91fd1b249447a45c
73441;CELSO UBIRAJARA RUSSOMANNO;CELSO RUSSOMANNO;4f5fc3ebe8e362077f3b5e114baf071b
73441;CELSO UBIRAJARA RUSSOMANNO;CELSO RUSSOMANNO;4f5fc3ebe8e362077f3b5e114baf071b
73441;CELSO UBIRAJARA RUSSOMANNO;CELSO RUSSOMANNO;4f5fc3ebe8e362077f3b5e114baf071b
160653;ROBERTO ALVES DE LUCENA;ROBERTO DE LUCENA;ade0322e3c90073d633b8aacaaff79bb
160653;ROBERTO ALVES DE LUCENA;ROBERTO DE LUCENA;ade0322e3c90073d633b8aacaaff79bb
74554;JOSÉ ALVES ROCHA;JOSÉ ROCHA;5b7663f198b9861036cff99e06eda725
74554;JOSÉ ALVES ROCHA;JOSÉ ROCHA;5b7663f198b9861036cff99e06eda725
74554;JOSÉ ALVES ROCHA;JOSÉ ROCHA;5b7663f198b9861036cff99e06eda725
74554;JOSÉ ALVES ROCHA;JOSÉ ROCHA;5b7663f198b9861036cff99e06eda725
74554;JOSÉ ALVES ROCHA;JOSÉ ROCHA;5b7663f198b9861036cff99e06eda725
160556;JOÃO CARLOS SIQUEIRA;PADRE JOÃO;5795d3354a6b3266439b04b5fc786081
160556;JOÃO CARLOS SIQUEIRA;PADRE JOÃO;5795d3354a6b3266439b04b5fc786081
141458;JOÃO CARLOS PAOLILO BACELAR FILHO;JOÃO CARLOS BACELAR;0917e4b2f68484bc096cf9c3c982fa1a
141458;JOÃO CARLOS PAOLILO BACELAR FILHO;JOÃO CARLOS BACELAR;0917e4b2f68484bc096cf9c3c982fa1a
141458;JOÃO CARLOS PAOLILO BACELAR FILHO;JOÃO CARLOS BACELAR;0917e4b2f68484bc096cf9c3c982fa1a
178989;RENATA HELLMEISTER DE ABREU;RENATA ABREU;22347716fddeb5d6a78ce94b0f820b08
178951;RAFAEL HUETE DA MOTTA;RAFAEL MOTTA;0c5740f1d9ed497f26110b7c1fc7d69a
141536;RÔMULO JOSÉ DE GOUVEIA;RÔMULO GOUVEIA;30d32aadb75667abeca1390079687537
141536;RÔMULO JOSÉ DE GOUVEIA;RÔMULO GOUVEIA;30d32aadb75667abeca1390079687537
178846;ALFREDO PEREIRA DO NASCIMENTO;ALFREDO NASCIMENTO;d055efff4340e81fefc8c37c690a89ea
178865;FLAVIO ALVES SABINO;CABO SABINO;e66e2b4c0a202b035b1ceb5db24bb1f7
160612;SERGIO ZVEITER;SERGIO ZVEITER;c9a978684a12bf66b7b0684681297384
160612;SERGIO ZVEITER;SERGIO ZVEITER;c9a978684a12bf66b7b0684681297384
178882;ANDRE LUIZ CARVALHO RIBEIRO;ANDRÉ FUFUCA;93c057d2e204415b359c576696e26ea4
160673;GIOVANI CHERINI;GIOVANI CHERINI;4df58729c582e3ed71c5ec12d1e355a9
160673;GIOVANI CHERINI;GIOVANI CHERINI;4df58729c582e3ed71c5ec12d1e355a9
160621;SANDRO ALEX CRUZ DE OLIVEIRA;SANDRO ALEX;43fa649a92d563b6e2f6d4b4114b88f5
160621;SANDRO ALEX CRUZ DE OLIVEIRA;SANDRO ALEX;43fa649a92d563b6e2f6d4b4114b88f5
64960;MARIA HELENA VERONESE RODRIGUES;MARIA HELENA;1a1e93bb7615021b7289497c85bb5800
64960;MARIA HELENA VERONESE RODRIGUES;MARIA HELENA;1a1e93bb7615021b7289497c85bb5800
64960;MARIA HELENA VERONESE RODRIGUES;MARIA HELENA;1a1e93bb7615021b7289497c85bb5800
74040;BENJAMIN GOMES MARANHÃO NETO;BENJAMIN MARANHÃO;125b75b835bd3f45e3d9bc6535964b7d
74040;BENJAMIN GOMES MARANHÃO NETO;BENJAMIN MARANHÃO;125b75b835bd3f45e3d9bc6535964b7d
74040;BENJAMIN GOMES MARANHÃO NETO;BENJAMIN MARANHÃO;125b75b835bd3f45e3d9bc6535964b7d
178938;BENEVENUTO DACIOLO FONSECA DOS SANTOS;CABO DACIOLO;d92143bd13ac5a61bdb8435581237303
73483;LUIS CARLOS HEINZE;LUIS CARLOS HEINZE;77dadc15f14d848bcab3b17b6f6cbef3
73483;LUIS CARLOS HEINZE;LUIS CARLOS HEINZE;77dadc15f14d848bcab3b17b6f6cbef3
73483;LUIS CARLOS HEINZE;LUIS CARLOS HEINZE;77dadc15f14d848bcab3b17b6f6cbef3
73483;LUIS CARLOS HEINZE;LUIS CARLOS HEINZE;77dadc15f14d848bcab3b17b6f6cbef3
178898;SERGIO LUCIO DE ALMEIDA;TENENTE LÚCIO;a8d3775a32a2919d59c89b4113c5826e
178957;ABEL SALVADOR MESQUITA JUNIOR;ABEL MESQUITA JR.;aed6224c8c381b6e184198948059bcca
160598;FLÁVIA CARREIRO ALBUQUERQUE MORAIS;FLÁVIA MORAIS;d70a34bd021e5a634e93d659d03414b9
160598;FLÁVIA CARREIRO ALBUQUERQUE MORAIS;FLÁVIA MORAIS;d70a34bd021e5a634e93d659d03414b9
160617;THIAGO MELLO PEIXOTO DA SILVEIRA;THIAGO PEIXOTO;86d9d611f0a645fee56d2e0e0877e11c
160617;THIAGO MELLO PEIXOTO DA SILVEIRA;THIAGO PEIXOTO;86d9d611f0a645fee56d2e0e0877e11c
160515;RONALDO JOSÉ BENEDET;RONALDO BENEDET;d1570b0766b275cf40068fab1026ac25
160515;RONALDO JOSÉ BENEDET;RONALDO BENEDET;d1570b0766b275cf40068fab1026ac25
74140;JOSÉ CARLOS LEÃO DE ARAÚJO;JOSÉ CARLOS ARAÚJO;ce7fcbd5f9ea3c755b39e597fed3f643
74140;JOSÉ CARLOS LEÃO DE ARAÚJO;JOSÉ CARLOS ARAÚJO;ce7fcbd5f9ea3c755b39e597fed3f643
74140;JOSÉ CARLOS LEÃO DE ARAÚJO;JOSÉ CARLOS ARAÚJO;ce7fcbd5f9ea3c755b39e597fed3f643
74140;JOSÉ CARLOS LEÃO DE ARAÚJO;JOSÉ CARLOS ARAÚJO;ce7fcbd5f9ea3c755b39e597fed3f643
73433;ARLINDO CHIGNALIA JUNIOR;ARLINDO CHINAGLIA;c236c68d1ab6e61ac05c549a06955732
73433;ARLINDO CHIGNALIA JUNIOR;ARLINDO CHINAGLIA;c236c68d1ab6e61ac05c549a06955732
73433;ARLINDO CHIGNALIA JUNIOR;ARLINDO CHINAGLIA;c236c68d1ab6e61ac05c549a06955732
73433;ARLINDO CHIGNALIA JUNIOR;ARLINDO CHINAGLIA;c236c68d1ab6e61ac05c549a06955732
178970;JOAO SOMARIVA DANIEL;JOÃO DANIEL;bfc3a21b04486f1f0d7689a8515bc3d2
178986;NILTO IGNACIO TATTO;NILTO TATTO;2e07e35b882279afef34c75f28791234
178916;DANIEL PIRES COELHO;DANIEL COELHO;8dad2de3232de38fd6460e6fcbd73a5c
160532;ADRIANO ELI CORRÊA;ELI CORREA FILHO;c52c0c7115c9dd9f9bc58115c61187cc
160532;ADRIANO ELI CORRÊA;ELI CORREA FILHO;c52c0c7115c9dd9f9bc58115c61187cc
160636;JOSÉ WILSON SANTIAGO FILHO;WILSON FILHO;25b43c4c7c9fb2b47c9ebec7df79b7b5
160636;JOSÉ WILSON SANTIAGO FILHO;WILSON FILHO;25b43c4c7c9fb2b47c9ebec7df79b7b5
178833;ALEXANDRE AUGUSTUS SERFIOTIS;ALEXANDRE SERFIOTIS;0d9aaa629879fe27435d80a2da1469e7
178904;EZEQUIEL ANGELO FONSECA;EZEQUIEL FONSECA;a3ff12708d2dc83d0a087f3f11630f39
76287;MARCELO VIVIANI GONÇALVES;MARCELO MATOS;35e6d568220831e252347905fa973553
76287;MARCELO VIVIANI GONÇALVES;MARCELO MATOS;35e6d568220831e252347905fa973553
92776;STEFANO AGUIAR DOS SANTOS;STEFANO AGUIAR;2b8eb6f08b64f3a0863ccd893c909b31
92776;STEFANO AGUIAR DOS SANTOS;STEFANO AGUIAR;2b8eb6f08b64f3a0863ccd893c909b31
74535;BENITO DA GAMA SANTOS;BENITO GAMA;8e90e0a14ef7e9403b236adc00ecfebd
74650;BONIFÁCIO JOSÉ TAMM DE ANDRADA;BONIFÁCIO DE ANDRADA;26aac1bb221d06549bcba1e5118ab112
74650;BONIFÁCIO JOSÉ TAMM DE ANDRADA;BONIFÁCIO DE ANDRADA;26aac1bb221d06549bcba1e5118ab112
74650;BONIFÁCIO JOSÉ TAMM DE ANDRADA;BONIFÁCIO DE ANDRADA;26aac1bb221d06549bcba1e5118ab112
74650;BONIFÁCIO JOSÉ TAMM DE ANDRADA;BONIFÁCIO DE ANDRADA;26aac1bb221d06549bcba1e5118ab112
159238;MARCUS VINÍCIUS CAETANO PESTANA DA SILVA;MARCUS PESTANA;74bfdec52533a202ad40d221cb3241e1
159238;MARCUS VINÍCIUS CAETANO PESTANA DA SILVA;MARCUS PESTANA;74bfdec52533a202ad40d221cb3241e1
141434;FLAVIANO FLÁVIO BAPTISTA DE MELO;FLAVIANO MELO;3f04a87ddb6df6fb86a2b9fa00a7f842
141434;FLAVIANO FLÁVIO BAPTISTA DE MELO;FLAVIANO MELO;3f04a87ddb6df6fb86a2b9fa00a7f842
141434;FLAVIANO FLÁVIO BAPTISTA DE MELO;FLAVIANO MELO;3f04a87ddb6df6fb86a2b9fa00a7f842
166402;MAGDA MOFATTO HON;MAGDA MOFATTO;88d37f2042927958ccf5876896692a01
166402;MAGDA MOFATTO HON;MAGDA MOFATTO;88d37f2042927958ccf5876896692a01
178901;TEREZA CRISTINA CORREA DA COSTA DIAS;TEREZA CRISTINA;64821e340e16e48cc582ac0d6c933fbe
177282;LUIZ GONZAGA RIBEIRO;SUBTENENTE GONZAGA;955c67745681dc7cff51f92335166159
177282;LUIZ GONZAGA RIBEIRO;SUBTENENTE GONZAGA;955c67745681dc7cff51f92335166159
141441;GEORGE HILTON DOS SANTOS CECÍLIO;GEORGE HILTON;1b8d14d3eee5e3ebbb7dd0b3a46df733
141441;GEORGE HILTON DOS SANTOS CECÍLIO;GEORGE HILTON;1b8d14d3eee5e3ebbb7dd0b3a46df733
141441;GEORGE HILTON DOS SANTOS CECÍLIO;GEORGE HILTON;1b8d14d3eee5e3ebbb7dd0b3a46df733
160602;ARNALDO JORDY FIGUEIREDO;ARNALDO JORDY;6c94125b2b5cd1cede8ad11fc72708e7
160602;ARNALDO JORDY FIGUEIREDO;ARNALDO JORDY;6c94125b2b5cd1cede8ad11fc72708e7
178954;LUCIO ANTONIO MOSQUINI;LUCIO MOSQUINI;ec1dd006836554159961a63a8c81e3a5
178849;HISSA NAGIB ABRAHAO FILHO;HISSA ABRAHÃO;d226d6f24870ca6ea150d419a06ce8db
141389;ANTONIO PEDRO INDIO DA COSTA;INDIO DA COSTA;50e64bca91f6d6cc5e785ec0fc75e78b
141389;ANTONIO PEDRO INDIO DA COSTA;INDIO DA COSTA;50e64bca91f6d6cc5e785ec0fc75e78b
141483;LINDOMAR BARBOSA ALVES;LINDOMAR GARÇON;ae5ddd51306363fef703226135bef02b
141483;LINDOMAR BARBOSA ALVES;LINDOMAR GARÇON;ae5ddd51306363fef703226135bef02b
141483;LINDOMAR BARBOSA ALVES;LINDOMAR GARÇON;ae5ddd51306363fef703226135bef02b
178879;LUCAS DE CASTRO SANTOS;LUCAS VERGILIO;db3a4ed05a88fd116a20568718cffaa2
74319;JOSÉ FRANCISCO PAES LANDIM;PAES LANDIM;b9bf2994bbbaf6fc25608e121f6250c5
74319;JOSÉ FRANCISCO PAES LANDIM;PAES LANDIM;b9bf2994bbbaf6fc25608e121f6250c5
74319;JOSÉ FRANCISCO PAES LANDIM;PAES LANDIM;b9bf2994bbbaf6fc25608e121f6250c5
74319;JOSÉ FRANCISCO PAES LANDIM;PAES LANDIM;b9bf2994bbbaf6fc25608e121f6250c5
160659;IOLANDA KEIKO MIASHIRO OTA;KEIKO OTA;11f9b717dc005fcb712a52ee0417fa40
160659;IOLANDA KEIKO MIASHIRO OTA;KEIKO OTA;11f9b717dc005fcb712a52ee0417fa40
160672;JEAN WYLLYS DE MATOS SANTOS;JEAN WYLLYS;a4510d8c98e826dbff8ddadeee92c86e
160672;JEAN WYLLYS DE MATOS SANTOS;JEAN WYLLYS;a4510d8c98e826dbff8ddadeee92c86e
163321;RONALDO NOGUEIRA DE OLIVEIRA;RONALDO NOGUEIRA;5424af20bb6f5090aa90f5574cacae04
163321;RONALDO NOGUEIRA DE OLIVEIRA;RONALDO NOGUEIRA;5424af20bb6f5090aa90f5574cacae04
178983;MARCIO LUIZ ALVINO DE SOUZA;MARCIO ALVINO;110d04e6dcb06a0836b3a62bdb647522
97707;HERÁCLITO DE SOUSA FORTES;HERÁCLITO FORTES;12dc2bacf63152929ecdad209a1715f5
178933;SERGIO DE SOUZA;SERGIO SOUZA;8a9650673b8a4ff82b4a8be4075d97ed
160510;LUIS HENRIQUE DE OLIVEIRA RESENDE;LUIS TIBÉ;0da6ce9a50001dfdc6ac318c1d62cbb1
160510;LUIS HENRIQUE DE OLIVEIRA RESENDE;LUIS TIBÉ;0da6ce9a50001dfdc6ac318c1d62cbb1
160575;ÉRIKA JUCÁ KOKAY;ERIKA KOKAY;087dca1a0649c9b96ed4c4f0f6a19bd0
160575;ÉRIKA JUCÁ KOKAY;ERIKA KOKAY;087dca1a0649c9b96ed4c4f0f6a19bd0
74651;CARLOS DO CARMO ANDRADE MELLES;CARLOS MELLES;71ff4225a84ccbb283c920cd6d4a9e2c
74651;CARLOS DO CARMO ANDRADE MELLES;CARLOS MELLES;71ff4225a84ccbb283c920cd6d4a9e2c
74651;CARLOS DO CARMO ANDRADE MELLES;CARLOS MELLES;71ff4225a84ccbb283c920cd6d4a9e2c
74651;CARLOS DO CARMO ANDRADE MELLES;CARLOS MELLES;71ff4225a84ccbb283c920cd6d4a9e2c
141503;MARIA DO SOCORRO JÔ MORAES;JÔ MORAES;eedde288fef3250fd161023f0450d546
141503;MARIA DO SOCORRO JÔ MORAES;JÔ MORAES;eedde288fef3250fd161023f0450d546
141503;MARIA DO SOCORRO JÔ MORAES;JÔ MORAES;eedde288fef3250fd161023f0450d546
74847;JAIR MESSIAS BOLSONARO;JAIR BOLSONARO;a97cbda4c2e19495b395b1d7b8dd23ed
74847;JAIR MESSIAS BOLSONARO;JAIR BOLSONARO;a97cbda4c2e19495b395b1d7b8dd23ed
74847;JAIR MESSIAS BOLSONARO;JAIR BOLSONARO;a97cbda4c2e19495b395b1d7b8dd23ed
74847;JAIR MESSIAS BOLSONARO;JAIR BOLSONARO;a97cbda4c2e19495b395b1d7b8dd23ed
137070;VICENTE ALVES DE OLIVEIRA JUNIOR;VICENTINHO JÚNIOR;c2344d9eade583657290c38214ee0540
178913;VENEZIANO VITAL DO RÊGO SEGUNDO NETO;VENEZIANO VITAL DO RÊGO;d39b89ee6c26dc7ef6f0437c1f9b70fd
160552;DANRLEI DE DEUS HINTERHOLZ;DANRLEI DE DEUS HINTERHOLZ;5a26dd700b622c1965ace105b62401a8
160552;DANRLEI DE DEUS HINTERHOLZ;DANRLEI DE DEUS HINTERHOLZ;5a26dd700b622c1965ace105b62401a8
74262;CARLOS HENRIQUE FOCESI SAMPAIO;CARLOS SAMPAIO;1a29541fdb3a68356675befa93997fc0
74262;CARLOS HENRIQUE FOCESI SAMPAIO;CARLOS SAMPAIO;1a29541fdb3a68356675befa93997fc0
74262;CARLOS HENRIQUE FOCESI SAMPAIO;CARLOS SAMPAIO;1a29541fdb3a68356675befa93997fc0
74262;CARLOS HENRIQUE FOCESI SAMPAIO;CARLOS SAMPAIO;1a29541fdb3a68356675befa93997fc0
141445;GILBERTO JOSÉ SPIER VARGAS;PEPE VARGAS;ce192ddd042a47f1eeb12ba2ce416e65
141445;GILBERTO JOSÉ SPIER VARGAS;PEPE VARGAS;ce192ddd042a47f1eeb12ba2ce416e65
141445;GILBERTO JOSÉ SPIER VARGAS;PEPE VARGAS;ce192ddd042a47f1eeb12ba2ce416e65
141335;JOSÉ ROBERTO OLIVEIRA FARO;BETO FARO;f4fd53b027d5869276d82ee1df6f7983
141335;JOSÉ ROBERTO OLIVEIRA FARO;BETO FARO;f4fd53b027d5869276d82ee1df6f7983
141335;JOSÉ ROBERTO OLIVEIRA FARO;BETO FARO;f4fd53b027d5869276d82ee1df6f7983
141335;JOSÉ ROBERTO OLIVEIRA FARO;BETO FARO;f4fd53b027d5869276d82ee1df6f7983
178892;DAMINA DE CARVALHO PEREIRA;DÂMINA PEREIRA;a837183abda57bed6ffd5f2c4458d5e0
178964;HEITOR JOSE SCHUCH;HEITOR SCHUCH;5c3338b2ef7f33b30d4a13886acb9773
160677;FRANCISCO FLORIANO DE SOUSA SILVA;FRANCISCO FLORIANO;6deaada6117c2c5f1130e626f85eeab7
160677;FRANCISCO FLORIANO DE SOUSA SILVA;FRANCISCO FLORIANO;6deaada6117c2c5f1130e626f85eeab7
74383;FERNANDO LÚCIO GIACOBO;GIACOBO;7b666f6f22b66fdbe709c4cdcc8a3816
74383;FERNANDO LÚCIO GIACOBO;GIACOBO;7b666f6f22b66fdbe709c4cdcc8a3816
74383;FERNANDO LÚCIO GIACOBO;GIACOBO;7b666f6f22b66fdbe709c4cdcc8a3816
74383;FERNANDO LÚCIO GIACOBO;GIACOBO;7b666f6f22b66fdbe709c4cdcc8a3816
178872;GIVALDO VIEIRA DA SILVA;GIVALDO VIEIRA;26760773a1c14c895666cb267ab4d7f9
160530;ANTONIO JOSÉ IMBASSAHY DA SILVA;ANTONIO IMBASSAHY;734e8973b6fbcf0fc75fe93e28e52c9f
160530;ANTONIO JOSÉ IMBASSAHY DA SILVA;ANTONIO IMBASSAHY;734e8973b6fbcf0fc75fe93e28e52c9f
178838;CARLOS CESAR CORREIA DE MESSIAS;CÉSAR MESSIAS;bbbd4a9bca5677a640bbadb95b2a69c1
178942;MARCO ANTONIO NEVES CABRAL;MARCO ANTÔNIO CABRAL;98c8a66c718b2557ccb5b6016ae2bb8b
67312;JULIA MARIA GODINHO DA CRUZ MARINHO;JÚLIA MARINHO;3c88805a8a2ff3c8786d33a23b6471cc
160558;PAULO ROBERTO FREIRE DA COSTA;PAULO FREIRE;6b7fccac6e139e1fa9c076b39292aa05
160558;PAULO ROBERTO FREIRE DA COSTA;PAULO FREIRE;6b7fccac6e139e1fa9c076b39292aa05
178982;LUIZ LAURO FERREIRA FILHO;LUIZ LAURO FILHO;0c143cc423f305a407035f99adeb9311
178999;BRUNIELE FERREIRA GOMES;BRUNNY;6fb66fb5c74bbae14b02e7a049aa2a71
73560;SILVIO FRANÇA TORRES;SILVIO TORRES;4fb8e11af6dc8554aeede20735c16f58
73560;SILVIO FRANÇA TORRES;SILVIO TORRES;4fb8e11af6dc8554aeede20735c16f58
73560;SILVIO FRANÇA TORRES;SILVIO TORRES;4fb8e11af6dc8554aeede20735c16f58
73560;SILVIO FRANÇA TORRES;SILVIO TORRES;4fb8e11af6dc8554aeede20735c16f58
160651;ROGÉRIO MENDONÇA;ROGÉRIO PENINHA MENDONÇA;1798f18e801408696d9337c401f7d44e
160651;ROGÉRIO MENDONÇA;ROGÉRIO PENINHA MENDONÇA;1798f18e801408696d9337c401f7d44e
178856;JOAO GUALBERTO VASCONCELOS;JOÃO GUALBERTO;f4ee46cae841fddf4829ede7d13e9f1c
144523;DANIEL ELIAS CARVALHO VILELA;DANIEL VILELA;20b3176ae9f777ee3f98d2a049d65667
160559;ALCEU MOREIRA DA SILVA;ALCEU MOREIRA;de9152db4694ebada93c83ea47e7c643
160559;ALCEU MOREIRA DA SILVA;ALCEU MOREIRA;de9152db4694ebada93c83ea47e7c643
178948;CARLOS ALBERTO DE SOUSA ROSADO SEGUNDO;BETO ROSADO;ce6bd9c28bbfddce8f1bfecce219e0d5
141440;FRANCISCO LOPES DA SILVA;CHICO LOPES;f10e266998c5867d5357b6e676078cfa
141440;FRANCISCO LOPES DA SILVA;CHICO LOPES;f10e266998c5867d5357b6e676078cfa
141440;FRANCISCO LOPES DA SILVA;CHICO LOPES;f10e266998c5867d5357b6e676078cfa
74812;PEDRO PINHEIRO CHAVES;PEDRO CHAVES;f67ba81ced6747dc5aaf2ad8101a1a0c
74812;PEDRO PINHEIRO CHAVES;PEDRO CHAVES;f67ba81ced6747dc5aaf2ad8101a1a0c
74812;PEDRO PINHEIRO CHAVES;PEDRO CHAVES;f67ba81ced6747dc5aaf2ad8101a1a0c
74812;PEDRO PINHEIRO CHAVES;PEDRO CHAVES;f67ba81ced6747dc5aaf2ad8101a1a0c
178840;WHERLES FERNANDES DA ROCHA;ROCHA;6fa5e0e3a1def8c1a9aa27ac5c181ebc
160639;MARIA AUXILIADORA SEABRA REZENDE;PROFESSORA DORINHA SEABRA REZENDE;1b3bc50dd4c412d9a82c652030d401cd
160639;MARIA AUXILIADORA SEABRA REZENDE;PROFESSORA DORINHA SEABRA REZENDE;1b3bc50dd4c412d9a82c652030d401cd
178874;ANTONIO SERGIO ALVES VIDIGAL;SERGIO VIDIGAL;10c5ff44592fc3cdf53212cae5545892
141417;ÉDIO VIEIRA LOPES;EDIO LOPES;de93b601de0365466b1e17709cabdfd7
141417;ÉDIO VIEIRA LOPES;EDIO LOPES;de93b601de0365466b1e17709cabdfd7
141417;ÉDIO VIEIRA LOPES;EDIO LOPES;de93b601de0365466b1e17709cabdfd7
74571;NELSON VICENTE PORTELA PELLEGRINO;NELSON PELLEGRINO;08800a06fe7b8aa9729dd02ed4de4aab
74571;NELSON VICENTE PORTELA PELLEGRINO;NELSON PELLEGRINO;08800a06fe7b8aa9729dd02ed4de4aab
74571;NELSON VICENTE PORTELA PELLEGRINO;NELSON PELLEGRINO;08800a06fe7b8aa9729dd02ed4de4aab
74571;NELSON VICENTE PORTELA PELLEGRINO;NELSON PELLEGRINO;08800a06fe7b8aa9729dd02ed4de4aab
74317;JÚLIO CÉSAR DE CARVALHO LIMA;JÚLIO CESAR;034f31617165f6372b5a661b47ace134
74317;JÚLIO CÉSAR DE CARVALHO LIMA;JÚLIO CESAR;034f31617165f6372b5a661b47ace134
74317;JÚLIO CÉSAR DE CARVALHO LIMA;JÚLIO CESAR;034f31617165f6372b5a661b47ace134
74317;JÚLIO CÉSAR DE CARVALHO LIMA;JÚLIO CESAR;034f31617165f6372b5a661b47ace134
171623;FABIO DE ALMEIDA REIS;FABIO REIS;5be032efc24d77c932baee98fb21887d
171623;FABIO DE ALMEIDA REIS;FABIO REIS;5be032efc24d77c932baee98fb21887d
160640;EROS FERREIRA BIONDINI;EROS BIONDINI;7ff6598734c8cb7cc6acb03053a6f393
160640;EROS FERREIRA BIONDINI;EROS BIONDINI;7ff6598734c8cb7cc6acb03053a6f393
74862;MIRO TEIXEIRA;MIRO TEIXEIRA;d8fdeba183719042bd5cddcd4607f014
74862;MIRO TEIXEIRA;MIRO TEIXEIRA;d8fdeba183719042bd5cddcd4607f014
74862;MIRO TEIXEIRA;MIRO TEIXEIRA;d8fdeba183719042bd5cddcd4607f014
74862;MIRO TEIXEIRA;MIRO TEIXEIRA;d8fdeba183719042bd5cddcd4607f014
178895;MISAEL ARTUR FERREIRA VARELLA;MISAEL VARELLA;3cd3a1580bf702ba923912032425884e
166401;NILSON APARECIDO LEITÃO;NILSON LEITÃO;43cc9637bd7f314d17a6c8c1fb2b3884
166401;NILSON APARECIDO LEITÃO;NILSON LEITÃO;43cc9637bd7f314d17a6c8c1fb2b3884
74385;HIDEKAZU TAKAYAMA;TAKAYAMA;40e78fab3a3c34514f9cbc78e9c4d496
74385;HIDEKAZU TAKAYAMA;TAKAYAMA;40e78fab3a3c34514f9cbc78e9c4d496
74385;HIDEKAZU TAKAYAMA;TAKAYAMA;40e78fab3a3c34514f9cbc78e9c4d496
74385;HIDEKAZU TAKAYAMA;TAKAYAMA;40e78fab3a3c34514f9cbc78e9c4d496
178832;LEANDRE DAL PONTE;LEANDRE;0bb7142d09ba0bac056e48f188b9709a
178929;DIEGO ALEXSANDER GONCALO PAULA GARCIA;DIEGO GARCIA;0b46925f1e5e56fa9c23614bccbdab9a
74537;CLÁUDIO CAJADO SAMPAIO;CLAUDIO CAJADO;a274c94fa41c164b567cb977c3108ea2
74537;CLÁUDIO CAJADO SAMPAIO;CLAUDIO CAJADO;a274c94fa41c164b567cb977c3108ea2
74537;CLÁUDIO CAJADO SAMPAIO;CLAUDIO CAJADO;a274c94fa41c164b567cb977c3108ea2
74537;CLÁUDIO CAJADO SAMPAIO;CLAUDIO CAJADO;a274c94fa41c164b567cb977c3108ea2
178997;MOSES HAENDEL MELO RODRIGUES;MOSES RODRIGUES;6c1ea9d49ab4b1e9d83b165b04e19633
178854;ELMAR JOSE VIEIRA NASCIMENTO;ELMAR NASCIMENTO;941768cf0fd7b958547ffcf51b1a545c
74585;LINCOLN DINIZ PORTELA;LINCOLN PORTELA;073e5bc96cc31b2abd9d0cd54737475a
74585;LINCOLN DINIZ PORTELA;LINCOLN PORTELA;073e5bc96cc31b2abd9d0cd54737475a
74585;LINCOLN DINIZ PORTELA;LINCOLN PORTELA;073e5bc96cc31b2abd9d0cd54737475a
74585;LINCOLN DINIZ PORTELA;LINCOLN PORTELA;073e5bc96cc31b2abd9d0cd54737475a
178945;ROSANGELA DE SOUZA GOMES;ROSANGELA GOMES;d02a99e9f99c5692d613db26baf6f9c2
74467;DAMIÃO FELICIANO DA SILVA;DAMIÃO FELICIANO;8df93f3cc8baf31d756761a101841df3
74467;DAMIÃO FELICIANO DA SILVA;DAMIÃO FELICIANO;8df93f3cc8baf31d756761a101841df3
74467;DAMIÃO FELICIANO DA SILVA;DAMIÃO FELICIANO;8df93f3cc8baf31d756761a101841df3
74467;DAMIÃO FELICIANO DA SILVA;DAMIÃO FELICIANO;8df93f3cc8baf31d756761a101841df3
73531;IVAN VALENTE;IVAN VALENTE;16e4d42603c81f503f2297065e5567b4
73531;IVAN VALENTE;IVAN VALENTE;16e4d42603c81f503f2297065e5567b4
73531;IVAN VALENTE;IVAN VALENTE;16e4d42603c81f503f2297065e5567b4
73531;IVAN VALENTE;IVAN VALENTE;16e4d42603c81f503f2297065e5567b4
160589;BRUNA DIAS FURLAN;BRUNA FURLAN;5cc40832e037ae48672c6f8e3571cc3e
160589;BRUNA DIAS FURLAN;BRUNA FURLAN;5cc40832e037ae48672c6f8e3571cc3e
178884;HILDO AUGUSTO DA ROCHA NETO;HILDO ROCHA;780952df725a1253b78174a0b05f5513
160509;JORGINHO DOS SANTOS MELLO;JORGINHO MELLO;c13e21677df3a179cf3e76b3348d5865
160509;JORGINHO DOS SANTOS MELLO;JORGINHO MELLO;c13e21677df3a179cf3e76b3348d5865
178967;JOAO PAULO KARAM KLEINUBING;JOÃO PAULO KLEINÜBING;c92ce0769ee05751505613ad5a6a9517
73701;BENEDITA SOUZA DA SILVA SAMPAIO;BENEDITA DA SILVA;7640b6ed7ac6123c9016ee426aa357e6
73701;BENEDITA SOUZA DA SILVA SAMPAIO;BENEDITA DA SILVA;7640b6ed7ac6123c9016ee426aa357e6
143632;DOMINGOS GOMES DE AGUIAR NETO;DOMINGOS NETO;9d918fdd11e20460d55b5d0f12396af3
143632;DOMINGOS GOMES DE AGUIAR NETO;DOMINGOS NETO;9d918fdd11e20460d55b5d0f12396af3
74460;MARCELO COSTA E CASTRO;MARCELO CASTRO;6b931693f956a323caef2c355cbb761b
74460;MARCELO COSTA E CASTRO;MARCELO CASTRO;6b931693f956a323caef2c355cbb761b
74460;MARCELO COSTA E CASTRO;MARCELO CASTRO;6b931693f956a323caef2c355cbb761b
74460;MARCELO COSTA E CASTRO;MARCELO CASTRO;6b931693f956a323caef2c355cbb761b
178828;EVANDRO HERRERA BERTONE GUSSI;EVANDRO GUSSI;7e7323fb5accd67cbad79fbc4cd9f321
160538;ELVINO JOSÉ BOHN GASS;BOHN GASS;9c16da3d12257ebdbaa7b24fe51e5ec0
160538;ELVINO JOSÉ BOHN GASS;BOHN GASS;9c16da3d12257ebdbaa7b24fe51e5ec0
178831;ANDRE DOS SANTOS ABDON;ANDRÉ ABDON;f0091e199c5f753b034d129cd22eb76d
178959;HIRAN MANUEL GONCALVES DA SILVA;HIRAN GONÇALVES;d63b1a46ce45c8cedf7b78860d393703
74171;FRANCISCO RODRIGUES DE ALENCAR FILHO;CHICO ALENCAR;f4f5f8748638fda9054570ecdca66e4d
74171;FRANCISCO RODRIGUES DE ALENCAR FILHO;CHICO ALENCAR;f4f5f8748638fda9054570ecdca66e4d
74171;FRANCISCO RODRIGUES DE ALENCAR FILHO;CHICO ALENCAR;f4f5f8748638fda9054570ecdca66e4d
74171;FRANCISCO RODRIGUES DE ALENCAR FILHO;CHICO ALENCAR;f4f5f8748638fda9054570ecdca66e4d
141552;VALTENIR LUIZ PEREIRA;VALTENIR PEREIRA;719054fd4c37bf24f18e74664bfad1fa
141552;VALTENIR LUIZ PEREIRA;VALTENIR PEREIRA;719054fd4c37bf24f18e74664bfad1fa
141552;VALTENIR LUIZ PEREIRA;VALTENIR PEREIRA;719054fd4c37bf24f18e74664bfad1fa
178889;JOSÉ CARLOS NUNES JÚNIOR;ZÉ CARLOS;934122be59fb4bd14f5193e8387f86df
160633;LUIZ HENRIQUE MANDETTA;MANDETTA;ba22a03c5c5d9cac52fac5ccc65cf602
160633;LUIZ HENRIQUE MANDETTA;MANDETTA;ba22a03c5c5d9cac52fac5ccc65cf602
136811;JOSÉ ALFONSO EBERT HAMM;AFONSO HAMM;5de584aa861a023b8022f2d89ade4bc9
136811;JOSÉ ALFONSO EBERT HAMM;AFONSO HAMM;5de584aa861a023b8022f2d89ade4bc9
136811;JOSÉ ALFONSO EBERT HAMM;AFONSO HAMM;5de584aa861a023b8022f2d89ade4bc9
136811;JOSÉ ALFONSO EBERT HAMM;AFONSO HAMM;5de584aa861a023b8022f2d89ade4bc9
178869;VITOR PEREIRA VALIM;VITOR VALIM;3e4894b19d8f06218e9ceed4554e7fff
4930;SÍLVIO SERAFIM COSTA;SILVIO COSTA;0dd8773aa78eda35c4b0bd70ccdbc57e
4930;SÍLVIO SERAFIM COSTA;SILVIO COSTA;0dd8773aa78eda35c4b0bd70ccdbc57e
4930;SÍLVIO SERAFIM COSTA;SILVIO COSTA;0dd8773aa78eda35c4b0bd70ccdbc57e
178906;ROBERTO SALAME FILHO;BETO SALAME;ebad827ac9a4a4fb0ab0c06fdddc6f71
141454;JACOB ALFREDO STOFFELS KAEFER;ALFREDO KAEFER;f920b94a5dba2041a84eba2b9b201cf0
141454;JACOB ALFREDO STOFFELS KAEFER;ALFREDO KAEFER;f920b94a5dba2041a84eba2b9b201cf0
141454;JACOB ALFREDO STOFFELS KAEFER;ALFREDO KAEFER;f920b94a5dba2041a84eba2b9b201cf0
160596;HEULER ABREU CRUVINEL;HEULER CRUVINEL;6ace5ec16595e56210cb85b5ef0e5bc3
160596;HEULER ABREU CRUVINEL;HEULER CRUVINEL;6ace5ec16595e56210cb85b5ef0e5bc3
178926;RODRIGO RODRIGUES DE SOUZA MARTINS;RODRIGO MARTINS;1dd186dcd97d591dd15733e4be3bc488
74163;CARLOS HUMBERTO MANNATO;MANATO;70150cbf333468fd2ed0bb5322d13f4d
74163;CARLOS HUMBERTO MANNATO;MANATO;70150cbf333468fd2ed0bb5322d13f4d
74163;CARLOS HUMBERTO MANNATO;MANATO;70150cbf333468fd2ed0bb5322d13f4d
74163;CARLOS HUMBERTO MANNATO;MANATO;70150cbf333468fd2ed0bb5322d13f4d
73768;DILCEU JOÃO SPERAFICO;DILCEU SPERAFICO;8b51d05479003d2e33dc297e54537e21
73768;DILCEU JOÃO SPERAFICO;DILCEU SPERAFICO;8b51d05479003d2e33dc297e54537e21
73768;DILCEU JOÃO SPERAFICO;DILCEU SPERAFICO;8b51d05479003d2e33dc297e54537e21
73768;DILCEU JOÃO SPERAFICO;DILCEU SPERAFICO;8b51d05479003d2e33dc297e54537e21
141488;LUIZ PAULO TEIXEIRA FERREIRA;PAULO TEIXEIRA;8f96cb1fec49dfa1358c7ffd9006f47a
141488;LUIZ PAULO TEIXEIRA FERREIRA;PAULO TEIXEIRA;8f96cb1fec49dfa1358c7ffd9006f47a
141488;LUIZ PAULO TEIXEIRA FERREIRA;PAULO TEIXEIRA;8f96cb1fec49dfa1358c7ffd9006f47a
74351;JOSUÉ BENGTSON;JOSUÉ BENGTSON;e4330a2f737ec6e18104ab4dc98c6eb8
74351;JOSUÉ BENGTSON;JOSUÉ BENGTSON;e4330a2f737ec6e18104ab4dc98c6eb8
74351;JOSUÉ BENGTSON;JOSUÉ BENGTSON;e4330a2f737ec6e18104ab4dc98c6eb8
74400;PAULO ROBERTO SEVERO PIMENTA;PAULO PIMENTA;08e7e45b4c884b21445180d6dfd10c80
74400;PAULO ROBERTO SEVERO PIMENTA;PAULO PIMENTA;08e7e45b4c884b21445180d6dfd10c80
74400;PAULO ROBERTO SEVERO PIMENTA;PAULO PIMENTA;08e7e45b4c884b21445180d6dfd10c80
74400;PAULO ROBERTO SEVERO PIMENTA;PAULO PIMENTA;08e7e45b4c884b21445180d6dfd10c80
178848;MARIA DA CONCEICAO SAMPAIO MOURA;CONCEIÇÃO SAMPAIO;5200647462a344b4c72c75c35c4e6a70
164360;CARMEN EMÍLIA BONFÁ ZANOTTO;CARMEN ZANOTTO;df4015fb313f738caf4d49d60f70bf26
164360;CARMEN EMÍLIA BONFÁ ZANOTTO;CARMEN ZANOTTO;df4015fb313f738caf4d49d60f70bf26
178923;JOSE CAVALCANTI ALVES JUNIOR;ZECA CAVALCANTI;546804b5244064793ebba9f31e976bff
141555;VINICIUS RAPOZO DE CARVALHO;VINICIUS CARVALHO;9b358627ce5254ee430d89bdedccc3bc
141555;VINICIUS RAPOZO DE CARVALHO;VINICIUS CARVALHO;9b358627ce5254ee430d89bdedccc3bc
178956;MARIANA FONSECA RIBEIRO CARVALHO DE MORAES;MARIANA CARVALHO;d5719ef2d0e1961f697c066c704de96d
74177;MARINHA CÉLIA ROCHA RAUPP DE MATOS;MARINHA RAUPP;075c8c8d2b619d144b1737e94bd55560
74177;MARINHA CÉLIA ROCHA RAUPP DE MATOS;MARINHA RAUPP;075c8c8d2b619d144b1737e94bd55560
74177;MARINHA CÉLIA ROCHA RAUPP DE MATOS;MARINHA RAUPP;075c8c8d2b619d144b1737e94bd55560
74177;MARINHA CÉLIA ROCHA RAUPP DE MATOS;MARINHA RAUPP;075c8c8d2b619d144b1737e94bd55560
178903;ADILTON DOMINGOS SACHETTI;ADILTON SACHETTI;d2488aea4c792db37a71ef88be6c75f7
73486;DARCI POMPEO DE MATTOS;POMPEO DE MATTOS;6a8b265a2f7db33991a7e02e9cfff2ef
73486;DARCI POMPEO DE MATTOS;POMPEO DE MATTOS;6a8b265a2f7db33991a7e02e9cfff2ef
73486;DARCI POMPEO DE MATTOS;POMPEO DE MATTOS;6a8b265a2f7db33991a7e02e9cfff2ef
141383;ANTONIO CARLOS MARTINS DE BULHÕES;ANTONIO BULHÕES;f385acd8b8d64666bf44d417fb53ccdb
141383;ANTONIO CARLOS MARTINS DE BULHÕES;ANTONIO BULHÕES;f385acd8b8d64666bf44d417fb53ccdb
141383;ANTONIO CARLOS MARTINS DE BULHÕES;ANTONIO BULHÕES;f385acd8b8d64666bf44d417fb53ccdb
160572;JORGE WICKS CÔRTE REAL;JORGE CÔRTE REAL;21cfe36551f480fe9a985d9e46593127
160572;JORGE WICKS CÔRTE REAL;JORGE CÔRTE REAL;21cfe36551f480fe9a985d9e46593127
178941;EZEQUIEL CORTAZ TEIXEIRA;EZEQUIEL TEIXEIRA;238f3c270e605fd830968816ef771dcf
133373;MARCO AURÉLIO SPALL MAIA;MARCO MAIA;9cb847fc752a8d38de1771ccdfc1f93a
133373;MARCO AURÉLIO SPALL MAIA;MARCO MAIA;9cb847fc752a8d38de1771ccdfc1f93a
133373;MARCO AURÉLIO SPALL MAIA;MARCO MAIA;9cb847fc752a8d38de1771ccdfc1f93a
133373;MARCO AURÉLIO SPALL MAIA;MARCO MAIA;9cb847fc752a8d38de1771ccdfc1f93a
178830;SINVAL MALHEIROS PINTO JÚNIOR;DR. SINVAL MALHEIROS;d082a74b05ba59ce81514ca44da3cae5
178830;SINVAL MALHEIROS PINTO JÚNIOR;DR. SINVAL MALHEIROS;d082a74b05ba59ce81514ca44da3cae5
74449;PEDRO FERNANDES RIBEIRO;PEDRO FERNANDES;f6207ec8897459dbeecfdfac959b7b89
74449;PEDRO FERNANDES RIBEIRO;PEDRO FERNANDES;f6207ec8897459dbeecfdfac959b7b89
74449;PEDRO FERNANDES RIBEIRO;PEDRO FERNANDES;f6207ec8897459dbeecfdfac959b7b89
74449;PEDRO FERNANDES RIBEIRO;PEDRO FERNANDES;f6207ec8897459dbeecfdfac959b7b89
178993;CARLOS HENRIQUE AMORIM;CARLOS HENRIQUE GAGUIM;7925fc63ca78219d75eda048cb3e9636
160604;PEDRO FRANCISCO UCZAI;PEDRO UCZAI;321802179689ac978235e286f191088c
160604;PEDRO FRANCISCO UCZAI;PEDRO UCZAI;321802179689ac978235e286f191088c
160573;JOÃO JOSÉ DE ARRUDA JÚNIOR;JOÃO ARRUDA;940042b910192a5427453493232e8b11
160573;JOÃO JOSÉ DE ARRUDA JÚNIOR;JOÃO ARRUDA;940042b910192a5427453493232e8b11
178834;ADALBERTO SOUZA GALVÃO;BEBETO GALVÃO;e82f4f7b33df6acd462238263fa77842
178834;ADALBERTO SOUZA GALVÃO;BEBETO GALVÃO;e82f4f7b33df6acd462238263fa77842
141516;PAULO ABI-ACKEL;PAULO ABI-ACKEL;657abb02ed52ac2b3c88271820f8c39c
141516;PAULO ABI-ACKEL;PAULO ABI-ACKEL;657abb02ed52ac2b3c88271820f8c39c
141516;PAULO ABI-ACKEL;PAULO ABI-ACKEL;657abb02ed52ac2b3c88271820f8c39c
129037;GABRIEL GUIMARÃES DE ANDRADE;GABRIEL GUIMARÃES;0ef078f0b92d1c9e7d08ca8e35ce892f
129037;GABRIEL GUIMARÃES DE ANDRADE;GABRIEL GUIMARÃES;0ef078f0b92d1c9e7d08ca8e35ce892f
160553;ANTONIO LUIZ PARANHOS RIBEIRO LEITE DE BRITO;ANTONIO BRITO;d734ba0e976ad4ae7ea818e58b9a0d7b
160553;ANTONIO LUIZ PARANHOS RIBEIRO LEITE DE BRITO;ANTONIO BRITO;d734ba0e976ad4ae7ea818e58b9a0d7b
74749;MAURO RIBEIRO LOPES;MAURO LOPES;1c331b867a18e1ba7b5305e771052cb4
74749;MAURO RIBEIRO LOPES;MAURO LOPES;1c331b867a18e1ba7b5305e771052cb4
74749;MAURO RIBEIRO LOPES;MAURO LOPES;1c331b867a18e1ba7b5305e771052cb4
74749;MAURO RIBEIRO LOPES;MAURO LOPES;1c331b867a18e1ba7b5305e771052cb4
178975;LUIZ FELIPE BALEIA TENUTO ROSSI;BALEIA ROSSI;d4d31f7fb4c5e096bd6724ce681a14c8
133439;ANDRÉ PEIXOTO FIGUEIREDO LIMA;ANDRÉ FIGUEIREDO;bc77111f8fa874d4ce30c88bbf87e5d6
133439;ANDRÉ PEIXOTO FIGUEIREDO LIMA;ANDRÉ FIGUEIREDO;bc77111f8fa874d4ce30c88bbf87e5d6
133439;ANDRÉ PEIXOTO FIGUEIREDO LIMA;ANDRÉ FIGUEIREDO;bc77111f8fa874d4ce30c88bbf87e5d6
178835;AFONSO ANTUNES DA MOTTA;AFONSO MOTTA;0eca4711b6022ab099135f54dfe60590
178835;AFONSO ANTUNES DA MOTTA;AFONSO MOTTA;0eca4711b6022ab099135f54dfe60590
178886;JOSE JUSCELINO DOS SANTOS REZENDE FILHO;JUSCELINO FILHO;d365b0d59e74749f7d0ce2082bd2303c
178991;SERGIO BAVINI;SÉRGIO REIS;c719b326f3e6b8f651b87e8f115c7cab
134812;EDMILSON BRITO RODRIGUES;EDMILSON RODRIGUES;d9bf6fe442672e12269460b42f2cb90b
178867;JOSE MARIA MACEDO JUNIOR;MACEDO;2babd3af181a4ea8c24d50098ce11aa0
160758;DOMINGOS SÁVIO CAMPOS RESENDE;DOMINGOS SÁVIO;26027efd249f7e4d66a7538c07f5be6f
160758;DOMINGOS SÁVIO CAMPOS RESENDE;DOMINGOS SÁVIO;26027efd249f7e4d66a7538c07f5be6f
141529;ROBERTO PEREIRA DE BRITTO;ROBERTO BRITTO;bbe5b72ef1b59ede478dbe63e7f76c19
141529;ROBERTO PEREIRA DE BRITTO;ROBERTO BRITTO;bbe5b72ef1b59ede478dbe63e7f76c19
141529;ROBERTO PEREIRA DE BRITTO;ROBERTO BRITTO;bbe5b72ef1b59ede478dbe63e7f76c19
146788;MARCELO GUILHERME DE ARO FERREIRA;MARCELO ARO;3d8c9996fc2e529c6a2c50d5506a56c7
178920;RICARDO TEOBALDO CAVALCANTI;RICARDO TEOBALDO;571a46da68a2dd4cf64a8f5f761a033d
118594;MARCELO SQUASSONI;MARCELO SQUASSONI;57c41ef21c00df4eafa73e73b5ecfe61
141487;LUIZ FERNANDO RAMOS FARIA;LUIZ FERNANDO FARIA;0477ca3050c822e5b7326166839c6af3
141487;LUIZ FERNANDO RAMOS FARIA;LUIZ FERNANDO FARIA;0477ca3050c822e5b7326166839c6af3
141487;LUIZ FERNANDO RAMOS FARIA;LUIZ FERNANDO FARIA;0477ca3050c822e5b7326166839c6af3
178864;JOSE ADAIL CARNEIRO SILVA;ADAIL CARNEIRO;b70e29bff2f58e1fd864048e4beb5ec1
73674;ROBERTO EGÍDIO BALESTRA;ROBERTO BALESTRA;109a32f34c2d6493352547d01e3ac1d4
73674;ROBERTO EGÍDIO BALESTRA;ROBERTO BALESTRA;109a32f34c2d6493352547d01e3ac1d4
73674;ROBERTO EGÍDIO BALESTRA;ROBERTO BALESTRA;109a32f34c2d6493352547d01e3ac1d4
73674;ROBERTO EGÍDIO BALESTRA;ROBERTO BALESTRA;109a32f34c2d6493352547d01e3ac1d4
141430;FELIPE LEONE BORNIER DE OLIVEIRA;FELIPE BORNIER;3e16bcff990faf918120f2b61bcf105a
141430;FELIPE LEONE BORNIER DE OLIVEIRA;FELIPE BORNIER;3e16bcff990faf918120f2b61bcf105a
141430;FELIPE LEONE BORNIER DE OLIVEIRA;FELIPE BORNIER;3e16bcff990faf918120f2b61bcf105a
178972;ALEX SPINELLI MANENTE;ALEX MANENTE;95790d526cceac0ff7d0947aa429a486
178950;ANTONIO JACOME DE LIMA JUNIOR;ANTÔNIO JÁCOME;894a58f2b700592ab6608ea9a3859ee5
178988;JOAO PAULO TAVARES PAPA;JOÃO PAULO PAPA;dbe3e9b5c862394c98aff5b8dfbbe705
178876;CELIO ANTONIO DA SILVEIRA;CÉLIO SILVEIRA;1a0625c920a8b41b3f0086957bfee416
178897;RODRIGO OTAVIO SOARES PACHECO;RODRIGO PACHECO;4e3a3fb1ca46b5f33c874ca4d073b663
178917;JOAO FERNANDO PONTUAL COUTINHO;JOÃO FERNANDO COUTINHO;bcb329ffc9b79ced7f5075e11bd7bc59
141470;JOSÉ NOBRE GUIMARÃES;JOSÉ GUIMARÃES;a8c19a4ea2b5a75fb4987e9b33a02d92
141470;JOSÉ NOBRE GUIMARÃES;JOSÉ GUIMARÃES;a8c19a4ea2b5a75fb4987e9b33a02d92
141470;JOSÉ NOBRE GUIMARÃES;JOSÉ GUIMARÃES;a8c19a4ea2b5a75fb4987e9b33a02d92
178845;RONALDO AUGUSTO LESSA SANTOS;RONALDO LESSA;4230389313cf51b6d0b65e1641e48bd3
178937;ALTINEU CÔRTES FREITAS COUTINHO;ALTINEU CÔRTES;b9fea208134c8c4e1f82578803bcb948
73424;SIMÃO SESSIM;SIMÃO SESSIM;e6950e7cf2a6f0ef63a594ad5e49a44f
73424;SIMÃO SESSIM;SIMÃO SESSIM;e6950e7cf2a6f0ef63a594ad5e49a44f
73424;SIMÃO SESSIM;SIMÃO SESSIM;e6950e7cf2a6f0ef63a594ad5e49a44f
73424;SIMÃO SESSIM;SIMÃO SESSIM;e6950e7cf2a6f0ef63a594ad5e49a44f
160667;GUILHERME MUSSI FERREIRA;GUILHERME MUSSI;a1a4e0cac6bbea6ed1032e68320e5007
160667;GUILHERME MUSSI FERREIRA;GUILHERME MUSSI;a1a4e0cac6bbea6ed1032e68320e5007
73535;JORGE TADEU MUDALEN;JORGE TADEU MUDALEN;ba72072cde69568561b124f07836c834
73535;JORGE TADEU MUDALEN;JORGE TADEU MUDALEN;ba72072cde69568561b124f07836c834
73535;JORGE TADEU MUDALEN;JORGE TADEU MUDALEN;ba72072cde69568561b124f07836c834
73535;JORGE TADEU MUDALEN;JORGE TADEU MUDALEN;ba72072cde69568561b124f07836c834
160592;JOSÉ CARLOS BECKER DE OLIVEIRA E SILVA;ZECA DIRCEU;36dd559fe2da0ffc1f44d3a02f071e1d
160592;JOSÉ CARLOS BECKER DE OLIVEIRA E SILVA;ZECA DIRCEU;36dd559fe2da0ffc1f44d3a02f071e1d
74553;JOSÉ CARLOS ALELUIA COSTA;JOSÉ CARLOS ALELUIA;100005d24c826be0e1f52976aec76a09
74553;JOSÉ CARLOS ALELUIA COSTA;JOSÉ CARLOS ALELUIA;100005d24c826be0e1f52976aec76a09
74553;JOSÉ CARLOS ALELUIA COSTA;JOSÉ CARLOS ALELUIA;100005d24c826be0e1f52976aec76a09
74762;JOSÉ SARAIVA FELIPE;SARAIVA FELIPE;a0fc3f0cf0f134e5dbfd1338623b893b
74762;JOSÉ SARAIVA FELIPE;SARAIVA FELIPE;a0fc3f0cf0f134e5dbfd1338623b893b
74762;JOSÉ SARAIVA FELIPE;SARAIVA FELIPE;a0fc3f0cf0f134e5dbfd1338623b893b
74762;JOSÉ SARAIVA FELIPE;SARAIVA FELIPE;a0fc3f0cf0f134e5dbfd1338623b893b
105112;LUIZ GIONILSON PINHEIRO BORGES;CABUÇU BORGES;d9fe6c0ed154f7ce3d3df6347364a2cd
74419;LUIZ GONZAGA PATRIOTA;GONZAGA PATRIOTA;fc92b34cc2f1b74953af3b184dcff2e4
74419;LUIZ GONZAGA PATRIOTA;GONZAGA PATRIOTA;fc92b34cc2f1b74953af3b184dcff2e4
74419;LUIZ GONZAGA PATRIOTA;GONZAGA PATRIOTA;fc92b34cc2f1b74953af3b184dcff2e4
74419;LUIZ GONZAGA PATRIOTA;GONZAGA PATRIOTA;fc92b34cc2f1b74953af3b184dcff2e4
73466;RUBENS BUENO;RUBENS BUENO;c4485801ecca8295839fd6ad4c246882
73466;RUBENS BUENO;RUBENS BUENO;c4485801ecca8295839fd6ad4c246882
73586;JÚLIO CÉSAR DELGADO;JÚLIO DELGADO;e197001045d48a1fcf3a107205c8d6ee
73586;JÚLIO CÉSAR DELGADO;JÚLIO DELGADO;e197001045d48a1fcf3a107205c8d6ee
73586;JÚLIO CÉSAR DELGADO;JÚLIO DELGADO;e197001045d48a1fcf3a107205c8d6ee
73586;JÚLIO CÉSAR DELGADO;JÚLIO DELGADO;e197001045d48a1fcf3a107205c8d6ee
178969;FABIO CRUZ MITIDIERI;FÁBIO MITIDIERI;c7a46ad01549823f81660e1ec33a46d3
160619;JOSÉ NUNES SOARES;JOSÉ NUNES;93f13260ec8f61ebbad05c1e5e5a4dbe
160619;JOSÉ NUNES SOARES;JOSÉ NUNES;93f13260ec8f61ebbad05c1e5e5a4dbe
178861;RONALDO CARLETTO;RONALDO CARLETTO;75de7a06dc5a7e3edc009d407c1bd6a9
178881;ALUISIO GUIMARAES MENDES FILHO;ALUISIO MENDES;b12648455fa547b956c227b72dee0be4
178947;SOSTENES SILVA CAVALCANTE;SÓSTENES CAVALCANTE;421fe1881564798e609b6afc5b9189bd
141484;LÚCIO DUTRA VALE;LÚCIO VALE;eea74c5760f313e17b071430ef02051e
141484;LÚCIO DUTRA VALE;LÚCIO VALE;eea74c5760f313e17b071430ef02051e
141484;LÚCIO DUTRA VALE;LÚCIO VALE;eea74c5760f313e17b071430ef02051e
74090;ÁTILA SIDNEY LINS ALBUQUERQUE;ÁTILA LINS;5c2d38915382aa0de66b437d97491556
74090;ÁTILA SIDNEY LINS ALBUQUERQUE;ÁTILA LINS;5c2d38915382aa0de66b437d97491556
74090;ÁTILA SIDNEY LINS ALBUQUERQUE;ÁTILA LINS;5c2d38915382aa0de66b437d97491556
74090;ÁTILA SIDNEY LINS ALBUQUERQUE;ÁTILA LINS;5c2d38915382aa0de66b437d97491556
160527;AGUINALDO VELLOSO BORGES RIBEIRO;AGUINALDO RIBEIRO;763cbe309ac7581476388a53524c117d
160527;AGUINALDO VELLOSO BORGES RIBEIRO;AGUINALDO RIBEIRO;763cbe309ac7581476388a53524c117d
178878;GIUSEPPE VECCI;GIUSEPPE VECCI;f7605c1716702d56c425194b9b49296a
74172;WANDERLEY ALVES DE OLIVEIRA;DELEY;bfb64baa44327e99e1de8fa1b1ed66a0
74172;WANDERLEY ALVES DE OLIVEIRA;DELEY;bfb64baa44327e99e1de8fa1b1ed66a0
74172;WANDERLEY ALVES DE OLIVEIRA;DELEY;bfb64baa44327e99e1de8fa1b1ed66a0
74172;WANDERLEY ALVES DE OLIVEIRA;DELEY;bfb64baa44327e99e1de8fa1b1ed66a0
74235;MARCUS ANTÔNIO VICENTE;MARCUS VICENTE;d73eb53527994b68120401ecdb74b55d
74235;MARCUS ANTÔNIO VICENTE;MARCUS VICENTE;d73eb53527994b68120401ecdb74b55d
74235;MARCUS ANTÔNIO VICENTE;MARCUS VICENTE;d73eb53527994b68120401ecdb74b55d
141398;CARLOS ALBERTO ROLIM ZARATTINI;CARLOS ZARATTINI;c7fdb111874a5404f36f421943d468a1
141398;CARLOS ALBERTO ROLIM ZARATTINI;CARLOS ZARATTINI;c7fdb111874a5404f36f421943d468a1
141398;CARLOS ALBERTO ROLIM ZARATTINI;CARLOS ZARATTINI;c7fdb111874a5404f36f421943d468a1
160630;SÁGUAS MORAES SOUSA;SÁGUAS MORAES;90cc86650f3e53dc81de3df1cd32fa69
160630;SÁGUAS MORAES SOUSA;SÁGUAS MORAES;90cc86650f3e53dc81de3df1cd32fa69
178858;MARIO SILVIO MENDES NEGROMONTE JUNIOR;MÁRIO NEGROMONTE JR.;aa8bddf5d0e2cae0e6700f5932354224
178842;JOAO HENRIQUE HOLANDA  CALDAS;JHC;2d7daefb91fe8598d1cb3352157d40f5
178985;MIGUEL LOMBARDI;MIGUEL LOMBARDI;d8e02f3e991b05e1ec87cca8c1d735bb
74574;PAULO SÉRGIO PARANHOS DE MAGALHÃES;PAULO MAGALHÃES;c2dce304dd45feeba24c856a3d3ad621
74574;PAULO SÉRGIO PARANHOS DE MAGALHÃES;PAULO MAGALHÃES;c2dce304dd45feeba24c856a3d3ad621
74574;PAULO SÉRGIO PARANHOS DE MAGALHÃES;PAULO MAGALHÃES;c2dce304dd45feeba24c856a3d3ad621
74574;PAULO SÉRGIO PARANHOS DE MAGALHÃES;PAULO MAGALHÃES;c2dce304dd45feeba24c856a3d3ad621
160426;ROGÉRIO SCHUMANN ROSSO;ROGÉRIO ROSSO;7dd2b4ffa19a2798ef9fb9dbb5fa926d
160426;ROGÉRIO SCHUMANN ROSSO;ROGÉRIO ROSSO;7dd2b4ffa19a2798ef9fb9dbb5fa926d
178953;EXPEDITO GONCALVES FERREIRA NETTO;EXPEDITO NETTO;764ff7d7fcdcc28451919bc6e428af37
74655;EDUARDO LUIZ BARROS BARBOSA;EDUARDO BARBOSA;ed53efc37e0fb95f83f753d9ab2e67f5
74655;EDUARDO LUIZ BARROS BARBOSA;EDUARDO BARBOSA;ed53efc37e0fb95f83f753d9ab2e67f5
74655;EDUARDO LUIZ BARROS BARBOSA;EDUARDO BARBOSA;ed53efc37e0fb95f83f753d9ab2e67f5
74655;EDUARDO LUIZ BARROS BARBOSA;EDUARDO BARBOSA;ed53efc37e0fb95f83f753d9ab2e67f5
141427;FÁBIO AUGUSTO RAMALHO DOS SANTOS;FÁBIO RAMALHO;8f115737fdad35f915df686093a780db
141427;FÁBIO AUGUSTO RAMALHO DOS SANTOS;FÁBIO RAMALHO;8f115737fdad35f915df686093a780db
141427;FÁBIO AUGUSTO RAMALHO DOS SANTOS;FÁBIO RAMALHO;8f115737fdad35f915df686093a780db
74017;PAULO FERNANDO FEIJO TORRES;PAULO FEIJÓ;cebd128b02a1771e02f5c4009d37e34a
74017;PAULO FERNANDO FEIJO TORRES;PAULO FEIJÓ;cebd128b02a1771e02f5c4009d37e34a
74017;PAULO FERNANDO FEIJO TORRES;PAULO FEIJÓ;cebd128b02a1771e02f5c4009d37e34a
160569;WALDENOR ALVES PEREIRA FILHO;WALDENOR PEREIRA;d64d2545338ce180101c58d977a9035c
160569;WALDENOR ALVES PEREIRA FILHO;WALDENOR PEREIRA;d64d2545338ce180101c58d977a9035c
178915;HEBERTE LAMARCK GOMES DA SILVA;BETINHO GOMES;491d0297d2b18912f376b88e106fea6f
178837;RAIMUNDO ANGELIM VASCONCELOS;ANGELIM;7601bab2d81df06ad026445c9f4accde
141515;OTAVIO SANTOS SILVA LEITE;OTAVIO LEITE;010f1a0f5aa4c9648a4b6989644ceffb
141515;OTAVIO SANTOS SILVA LEITE;OTAVIO LEITE;010f1a0f5aa4c9648a4b6989644ceffb
141515;OTAVIO SANTOS SILVA LEITE;OTAVIO LEITE;010f1a0f5aa4c9648a4b6989644ceffb
178966;GEOVANIA DE SA RODRIGUES;GEOVANIA DE SÁ;244270d9328b8d970d4abe1f040bd12a
178944;ROBERTO DA SILVA SALES;ROBERTO SALES;6a732b5f970f3c75cf38a679f019d8eb
160588;DIEGO LEONARDO DE ANDRADE CARVALHO;DIEGO ANDRADE;5deb40d7b008913665311d8e703070d0
160588;DIEGO LEONARDO DE ANDRADE CARVALHO;DIEGO ANDRADE;5deb40d7b008913665311d8e703070d0
178912;PEDRO OLIVEIRA CUNHA LIMA;PEDRO CUNHA LIMA;739671de73474399cc69f42079074251
69871;JOAO CARLOS BACELAR BATISTA;BACELAR;16702149ae74ef50384b529c68f8c2c0
73781;NELSON MEURER;NELSON MEURER;7f6c54b41a747618e71b5b31d6d3fc81
73781;NELSON MEURER;NELSON MEURER;7f6c54b41a747618e71b5b31d6d3fc81
73781;NELSON MEURER;NELSON MEURER;7f6c54b41a747618e71b5b31d6d3fc81
73781;NELSON MEURER;NELSON MEURER;7f6c54b41a747618e71b5b31d6d3fc81
178891;CAIO NARCIO RODRIGUES DA SILVEIRA;CAIO NARCIO;5b49d0acc6bce9a0681020e8cd5a4d97
141507;MAURO MARIANI;MAURO MARIANI;1bc33ea9e375b79aa993e22ed887705f
141507;MAURO MARIANI;MAURO MARIANI;1bc33ea9e375b79aa993e22ed887705f
141507;MAURO MARIANI;MAURO MARIANI;1bc33ea9e375b79aa993e22ed887705f
160628;LUCIANA BARBOSA DE OLIVEIRA SANTOS;LUCIANA SANTOS;311c7f1fc8e8a4b8b810de3462fa1b8b
160628;LUCIANA BARBOSA DE OLIVEIRA SANTOS;LUCIANA SANTOS;311c7f1fc8e8a4b8b810de3462fa1b8b
141500;MARCOS MONTES CORDEIRO;MARCOS MONTES;f999faac64591c38b8b3d68781b686b4
141500;MARCOS MONTES CORDEIRO;MARCOS MONTES;f999faac64591c38b8b3d68781b686b4
141500;MARCOS MONTES CORDEIRO;MARCOS MONTES;f999faac64591c38b8b3d68781b686b4
114941;JOSINIANE BRAGA NUNES;JOSI NUNES;83898add40286cf02279eae4ab470bc2
178977;EDUARDO PEDROSA CURY;EDUARDO CURY;c444e2c3cbc4526f85e07cdba9b96fb2
178871;EVAIR VIEIRA DE MELO;EVAIR VIEIRA DE MELO;f7cd8a126ce42e53d6f0d70927dcda39
178928;CHRISTIANE DE SOUZA YARED;CHRISTIANE DE SOUZA YARED;858b03cf695e7284c70439a20f8c7e21
178852;MARCOS JOSE REATEGUI SOUZA;MARCOS REATEGUI;1c045789376055d34a37e35425ea4da7
74216;RAIMUNDO GOMES DE MATOS;RAIMUNDO GOMES DE MATOS;d0834c558ec848be7ee9b55a6ea5ef0f
74216;RAIMUNDO GOMES DE MATOS;RAIMUNDO GOMES DE MATOS;d0834c558ec848be7ee9b55a6ea5ef0f
74216;RAIMUNDO GOMES DE MATOS;RAIMUNDO GOMES DE MATOS;d0834c558ec848be7ee9b55a6ea5ef0f
74216;RAIMUNDO GOMES DE MATOS;RAIMUNDO GOMES DE MATOS;d0834c558ec848be7ee9b55a6ea5ef0f
74376;VANDER LUIZ DOS SANTOS LOUBET;VANDER LOUBET;fee017ba7c7a35670a19728bc51290ef
74376;VANDER LUIZ DOS SANTOS LOUBET;VANDER LOUBET;fee017ba7c7a35670a19728bc51290ef
74376;VANDER LUIZ DOS SANTOS LOUBET;VANDER LOUBET;fee017ba7c7a35670a19728bc51290ef
74376;VANDER LUIZ DOS SANTOS LOUBET;VANDER LOUBET;fee017ba7c7a35670a19728bc51290ef
74459;ÁTILA FREITAS LIRA;ÁTILA LIRA;c0f1c291dec74d587b1f0d819617c764
74459;ÁTILA FREITAS LIRA;ÁTILA LIRA;c0f1c291dec74d587b1f0d819617c764
74459;ÁTILA FREITAS LIRA;ÁTILA LIRA;c0f1c291dec74d587b1f0d819617c764
74459;ÁTILA FREITAS LIRA;ÁTILA LIRA;c0f1c291dec74d587b1f0d819617c764
4931;IZALCI LUCAS FERREIRA;IZALCI;0520c9db58beae40163e62d169baaf09
4931;IZALCI LUCAS FERREIRA;IZALCI;0520c9db58beae40163e62d169baaf09
4931;IZALCI LUCAS FERREIRA;IZALCI;0520c9db58beae40163e62d169baaf09
178802;LUIZ CARLOS RAMOS;LUIZ CARLOS RAMOS ;880451d9062b3861975e276c0e51e200
73482;HENRIQUE FONTANA JÚNIOR;HENRIQUE FONTANA;49fddfccb24d1ed9b3a7e36d70ad545c
73482;HENRIQUE FONTANA JÚNIOR;HENRIQUE FONTANA;49fddfccb24d1ed9b3a7e36d70ad545c
73482;HENRIQUE FONTANA JÚNIOR;HENRIQUE FONTANA;49fddfccb24d1ed9b3a7e36d70ad545c
73482;HENRIQUE FONTANA JÚNIOR;HENRIQUE FONTANA;49fddfccb24d1ed9b3a7e36d70ad545c
178930;EVANDRO ROGERIO ROMAN;EVANDRO ROMAN;d22e02389a9501d65fde0fccaff43960
178963;LUIS ANTONIO FRANCISCATTO COVATTI;COVATTI FILHO;8648278b8bf7c90484397c28c275d6bb
160576;CESAR HANNA HALUM;CÉSAR HALUM;6c80b0ab7db1d138409279a525b0effb
160576;CESAR HANNA HALUM;CÉSAR HALUM;6c80b0ab7db1d138409279a525b0effb
141421;EDUARDO HENRIQUE DA FONTE DE ALBUQUERQUE SILVA;EDUARDO DA FONTE;bc4d2efaf4b19995cb3cb37ca68903e7
141421;EDUARDO HENRIQUE DA FONTE DE ALBUQUERQUE SILVA;EDUARDO DA FONTE;bc4d2efaf4b19995cb3cb37ca68903e7
141421;EDUARDO HENRIQUE DA FONTE DE ALBUQUERQUE SILVA;EDUARDO DA FONTE;bc4d2efaf4b19995cb3cb37ca68903e7
122158;PEDRO PAULO CARVALHO TEIXEIRA;PEDRO PAULO;ac237d700b586f3d6b6c8dd78137ea46
122158;PEDRO PAULO CARVALHO TEIXEIRA;PEDRO PAULO;ac237d700b586f3d6b6c8dd78137ea46
141422;EFRAIM DE ARAÚJO MORAIS FILHO;EFRAIM FILHO;0f1b0d954ea735d5be92e1d4547d3e9f
141422;EFRAIM DE ARAÚJO MORAIS FILHO;EFRAIM FILHO;0f1b0d954ea735d5be92e1d4547d3e9f
141422;EFRAIM DE ARAÚJO MORAIS FILHO;EFRAIM FILHO;0f1b0d954ea735d5be92e1d4547d3e9f
74787;MILTON ANTONIO CASQUEL MONTI;MILTON MONTI;2220e48ce42bc3e43edffe9b935ca9b4
74787;MILTON ANTONIO CASQUEL MONTI;MILTON MONTI;2220e48ce42bc3e43edffe9b935ca9b4
74787;MILTON ANTONIO CASQUEL MONTI;MILTON MONTI;2220e48ce42bc3e43edffe9b935ca9b4
74787;MILTON ANTONIO CASQUEL MONTI;MILTON MONTI;2220e48ce42bc3e43edffe9b935ca9b4
74270;GILBERTO NASCIMENTO SILVA;GILBERTO NASCIMENTO;5698034c757a41fed114b31a1f516df2
74270;GILBERTO NASCIMENTO SILVA;GILBERTO NASCIMENTO;5698034c757a41fed114b31a1f516df2
178888;CARLOS VICTOR GUTERRES MENDES;VICTOR MENDES;ef4b364a41d424765751a8d70382c997
178825;LEONARDO CUNHA DE BRITO;LEO DE BRITO;6d0d1ccd8ceab530cd2909822a0c0f68
73931;JOSÉ GERALDO TORRES DA SILVA;ZÉ GERALDO;f9feeca054d7eafc619d3072700229fe
73931;JOSÉ GERALDO TORRES DA SILVA;ZÉ GERALDO;f9feeca054d7eafc619d3072700229fe
73931;JOSÉ GERALDO TORRES DA SILVA;ZÉ GERALDO;f9feeca054d7eafc619d3072700229fe
73931;JOSÉ GERALDO TORRES DA SILVA;ZÉ GERALDO;f9feeca054d7eafc619d3072700229fe
178910;JOAQUIM PASSARINHO PINTO DE SOUZA PORTO;JOAQUIM PASSARINHO;06c829def4c2e33cd70cf3fbca598c9a
160632;JOSÉ SILVA SOARES;ZÉ SILVA;2a98ac377317ee88f2f170f50a5cfba0
160632;JOSÉ SILVA SOARES;ZÉ SILVA;2a98ac377317ee88f2f170f50a5cfba0
178981;HERCULANO CASTILHO PASSOS JUNIOR;HERCULANO PASSOS;dd3d2da8e406804cd363fd2b8bf1d0e0
178908;EDER MAURO CARDOSO BARRA;DELEGADO ÉDER MAURO;e16d900de2320e6fa16b015b5da10bb5
160578;EDMAR DE SOUZA ARRUDA;EDMAR ARRUDA;cf5eaf501f514a35175cd51f7f5d5e12
160578;EDMAR DE SOUZA ARRUDA;EDMAR ARRUDA;cf5eaf501f514a35175cd51f7f5d5e12
74374;GERALDO RESENDE PEREIRA;GERALDO RESENDE;080c28b7ea211c22ab127f97849ac3d4
74374;GERALDO RESENDE PEREIRA;GERALDO RESENDE;080c28b7ea211c22ab127f97849ac3d4
74374;GERALDO RESENDE PEREIRA;GERALDO RESENDE;080c28b7ea211c22ab127f97849ac3d4
74374;GERALDO RESENDE PEREIRA;GERALDO RESENDE;080c28b7ea211c22ab127f97849ac3d4
160641;MARCIVANIA DO SOCORRO DA ROCHA FLEXA;PROFESSORA MARCIVANIA;42f65a194015bd9f60eaadcd9737e989
160641;MARCIVANIA DO SOCORRO DA ROCHA FLEXA;PROFESSORA MARCIVANIA;42f65a194015bd9f60eaadcd9737e989
141464;JOSÉ AIRTON FÉLIX CIRILO DA SILVA;JOSÉ AIRTON CIRILO;330de0cf46d187f0bf5208eee7104c8a
141464;JOSÉ AIRTON FÉLIX CIRILO DA SILVA;JOSÉ AIRTON CIRILO;330de0cf46d187f0bf5208eee7104c8a
141464;JOSÉ AIRTON FÉLIX CIRILO DA SILVA;JOSÉ AIRTON CIRILO;330de0cf46d187f0bf5208eee7104c8a
74688;LUIZ SÉRGIO NÓBREGA DE OLIVEIRA;LUIZ SÉRGIO;3c64832030ebc2362a4085de84ee8d22
74688;LUIZ SÉRGIO NÓBREGA DE OLIVEIRA;LUIZ SÉRGIO;3c64832030ebc2362a4085de84ee8d22
74688;LUIZ SÉRGIO NÓBREGA DE OLIVEIRA;LUIZ SÉRGIO;3c64832030ebc2362a4085de84ee8d22
74688;LUIZ SÉRGIO NÓBREGA DE OLIVEIRA;LUIZ SÉRGIO;3c64832030ebc2362a4085de84ee8d22
74212;ANÍBAL FERREIRA GOMES;ANÍBAL GOMES;f5423abcf850afb27c1a7ccb42568e94
74212;ANÍBAL FERREIRA GOMES;ANÍBAL GOMES;f5423abcf850afb27c1a7ccb42568e94
74212;ANÍBAL FERREIRA GOMES;ANÍBAL GOMES;f5423abcf850afb27c1a7ccb42568e94
74212;ANÍBAL FERREIRA GOMES;ANÍBAL GOMES;f5423abcf850afb27c1a7ccb42568e94
74079;JOSÉ BENITO PRIANTE JÚNIOR;JOSÉ PRIANTE;c51870081b36daaa092acf7f4b25d4b4
74079;JOSÉ BENITO PRIANTE JÚNIOR;JOSÉ PRIANTE;c51870081b36daaa092acf7f4b25d4b4
74079;JOSÉ BENITO PRIANTE JÚNIOR;JOSÉ PRIANTE;c51870081b36daaa092acf7f4b25d4b4
73720;César Antonio de Souza;CESAR SOUZA;2ad9058d9da1478741d1dfaf47fe7122
74283;VICENTE PAULO DA SILVA;VICENTINHO;2d0dccc054c561f9e32add86825157f5
74283;VICENTE PAULO DA SILVA;VICENTINHO;2d0dccc054c561f9e32add86825157f5
74283;VICENTE PAULO DA SILVA;VICENTINHO;2d0dccc054c561f9e32add86825157f5
74283;VICENTE PAULO DA SILVA;VICENTINHO;2d0dccc054c561f9e32add86825157f5
74388;JORGE CATARINO LEONARDELI BOEIRA;JORGE BOEIRA;0e86aee1dcde259e51a01aed947c92a6
74388;JORGE CATARINO LEONARDELI BOEIRA;JORGE BOEIRA;0e86aee1dcde259e51a01aed947c92a6
74388;JORGE CATARINO LEONARDELI BOEIRA;JORGE BOEIRA;0e86aee1dcde259e51a01aed947c92a6
74388;JORGE CATARINO LEONARDELI BOEIRA;JORGE BOEIRA;0e86aee1dcde259e51a01aed947c92a6
178961;SHÉRIDAN ESTÉRFANY OLIVEIRA DE ANCHIETA;SHÉRIDAN;5f6ac7f9d5e7c619873db82bf7476a53
178853;LUIZ CARLOS CAETANO;CAETANO;f1ab2af912e8e66e5b9f589d3f8497d4
178978;FLAVIO AUGUSTO DA SILVA;FLAVINHO;a7ab84489812f405a044cbc12692f363
160637;RONALDO FONSECA DE SOUZA;RONALDO FONSECA;c3f81b276b37d5a1394bc2296e0092bd
160637;RONALDO FONSECA DE SOUZA;RONALDO FONSECA;c3f81b276b37d5a1394bc2296e0092bd
178894;LAUDIVIO ALVARENGA CARVALHO;LAUDIVIO CARVALHO;e08abbb462f90bacbdeebc171e7c6edd
160663;LEOPOLDO COSTA MEYER;LEOPOLDO MEYER;11026fc69749c83006e546e00a9be42f
160663;LEOPOLDO COSTA MEYER;LEOPOLDO MEYER;11026fc69749c83006e546e00a9be42f
178974;ANDRES NAVARRO SANCHEZ;ANDRES SANCHEZ;a3035b1ff9dfbf723ac7addf141e29e4
160591;VINICIUS DE AZEVEDO GURGEL;VINICIUS GURGEL;bd0c1c8bce2deb8e4ba77e50d954de12
160591;VINICIUS DE AZEVEDO GURGEL;VINICIUS GURGEL;bd0c1c8bce2deb8e4ba77e50d954de12
178919;MARINALDO ROSENDO DE ALBUQUERQUE;MARINALDO ROSENDO;510ed63c5e9bc576f8afb11e7a698e21
74161;REGINALDO LÁZARO DE OLIVEIRA LOPES;REGINALDO LOPES;106a0619c1bfa7f4bb3c2db3d4a7ac8b
74161;REGINALDO LÁZARO DE OLIVEIRA LOPES;REGINALDO LOPES;106a0619c1bfa7f4bb3c2db3d4a7ac8b
74161;REGINALDO LÁZARO DE OLIVEIRA LOPES;REGINALDO LOPES;106a0619c1bfa7f4bb3c2db3d4a7ac8b
74161;REGINALDO LÁZARO DE OLIVEIRA LOPES;REGINALDO LOPES;106a0619c1bfa7f4bb3c2db3d4a7ac8b
88950;RODRIGO GARCIA;RODRIGO GARCIA;c7c90f4aad2c48feb992ea286d172032
88950;RODRIGO GARCIA;RODRIGO GARCIA;c7c90f4aad2c48feb992ea286d172032
160655;RICARDO IZAR JUNIOR;RICARDO IZAR;68eea86ef668e00a42268e42df984855
160655;RICARDO IZAR JUNIOR;RICARDO IZAR;68eea86ef668e00a42268e42df984855
74371;RUBENS OTONI GOMIDE;RUBENS OTONI;420f4ddb2581512ad3de8a62efb100b4
74371;RUBENS OTONI GOMIDE;RUBENS OTONI;420f4ddb2581512ad3de8a62efb100b4
74371;RUBENS OTONI GOMIDE;RUBENS OTONI;420f4ddb2581512ad3de8a62efb100b4
74371;RUBENS OTONI GOMIDE;RUBENS OTONI;420f4ddb2581512ad3de8a62efb100b4
73434;ARNALDO FARIA DE SÁ;ARNALDO FARIA DE SÁ;99e2cd799069cdcd75e2d4958a82ee38
73434;ARNALDO FARIA DE SÁ;ARNALDO FARIA DE SÁ;99e2cd799069cdcd75e2d4958a82ee38
73434;ARNALDO FARIA DE SÁ;ARNALDO FARIA DE SÁ;99e2cd799069cdcd75e2d4958a82ee38
73434;ARNALDO FARIA DE SÁ;ARNALDO FARIA DE SÁ;99e2cd799069cdcd75e2d4958a82ee38
72912;CELSO PANSERA;CELSO PANSERA;8c96ec7db2b3309cc9ab3b6bbb5b96d8
167722;MARCOS ROGÉRIO DA SILVA BRITO;MARCOS ROGÉRIO;d6dbb732217ddbbbb9d03e6e01e03a02
167722;MARCOS ROGÉRIO DA SILVA BRITO;MARCOS ROGÉRIO;d6dbb732217ddbbbb9d03e6e01e03a02
73930;WLADIMIR AFONSO DA COSTA RABELO;WLADIMIR COSTA;12012db83c5389ec2596c64e9bd0f472
73930;WLADIMIR AFONSO DA COSTA RABELO;WLADIMIR COSTA;12012db83c5389ec2596c64e9bd0f472
73930;WLADIMIR AFONSO DA COSTA RABELO;WLADIMIR COSTA;12012db83c5389ec2596c64e9bd0f472
73930;WLADIMIR AFONSO DA COSTA RABELO;WLADIMIR COSTA;12012db83c5389ec2596c64e9bd0f472
141562;WELINGTON COIMBRA;LELO COIMBRA;8e63406af4a1ddc5c7fd4ff5d4e7e087
141562;WELINGTON COIMBRA;LELO COIMBRA;8e63406af4a1ddc5c7fd4ff5d4e7e087
141562;WELINGTON COIMBRA;LELO COIMBRA;8e63406af4a1ddc5c7fd4ff5d4e7e087
74275;JOSÉ MENTOR GUILHERME DE MELLO NETTO;JOSÉ MENTOR;61290196575717e07095696d958f52d4
74275;JOSÉ MENTOR GUILHERME DE MELLO NETTO;JOSÉ MENTOR;61290196575717e07095696d958f52d4
74275;JOSÉ MENTOR GUILHERME DE MELLO NETTO;JOSÉ MENTOR;61290196575717e07095696d958f52d4
74275;JOSÉ MENTOR GUILHERME DE MELLO NETTO;JOSÉ MENTOR;61290196575717e07095696d958f52d4
74057;ALICE MAZZUCO PORTUGAL;ALICE PORTUGAL;ae911369ccfabeabe8ffbc665b182154
74057;ALICE MAZZUCO PORTUGAL;ALICE PORTUGAL;ae911369ccfabeabe8ffbc665b182154
74057;ALICE MAZZUCO PORTUGAL;ALICE PORTUGAL;ae911369ccfabeabe8ffbc665b182154
74057;ALICE MAZZUCO PORTUGAL;ALICE PORTUGAL;ae911369ccfabeabe8ffbc665b182154
160512;AUREO LIDIO MOREIRA RIBEIRO;AUREO;f9a952bca37424441f976f582eeba0dd
160512;AUREO LIDIO MOREIRA RIBEIRO;AUREO;f9a952bca37424441f976f582eeba0dd
73579;JOÃO ALBERTO FRAGA SILVA;ALBERTO FRAGA;85768e0331492457b015dfafeca64527
73579;JOÃO ALBERTO FRAGA SILVA;ALBERTO FRAGA;85768e0331492457b015dfafeca64527
73579;JOÃO ALBERTO FRAGA SILVA;ALBERTO FRAGA;85768e0331492457b015dfafeca64527
160570;JERÔNIMO PIZZOLOTTO GOERGEN;JERÔNIMO GOERGEN;b06a6a4ac784ae91f25fa8c7baf06c13
160570;JERÔNIMO PIZZOLOTTO GOERGEN;JERÔNIMO GOERGEN;b06a6a4ac784ae91f25fa8c7baf06c13
74158;MÁRIO LÚCIO HERINGER;MÁRIO HERINGER;64ef5702c6373204ada199f23dec9970
74158;MÁRIO LÚCIO HERINGER;MÁRIO HERINGER;64ef5702c6373204ada199f23dec9970
74158;MÁRIO LÚCIO HERINGER;MÁRIO HERINGER;64ef5702c6373204ada199f23dec9970
74158;MÁRIO LÚCIO HERINGER;MÁRIO HERINGER;64ef5702c6373204ada199f23dec9970
141482;LEONARDO LEMOS BARROS QUINTÃO;LEONARDO QUINTÃO;060e404b5575573289795ffd4b6758ff
141482;LEONARDO LEMOS BARROS QUINTÃO;LEONARDO QUINTÃO;060e404b5575573289795ffd4b6758ff
141482;LEONARDO LEMOS BARROS QUINTÃO;LEONARDO QUINTÃO;060e404b5575573289795ffd4b6758ff
74693;RODRIGO FELINTO IBARRA EPITÁCIO MAIA;RODRIGO MAIA;00c0142ed0db09167efe6a3dd3522e02
74693;RODRIGO FELINTO IBARRA EPITÁCIO MAIA;RODRIGO MAIA;00c0142ed0db09167efe6a3dd3522e02
74693;RODRIGO FELINTO IBARRA EPITÁCIO MAIA;RODRIGO MAIA;00c0142ed0db09167efe6a3dd3522e02
74693;RODRIGO FELINTO IBARRA EPITÁCIO MAIA;RODRIGO MAIA;00c0142ed0db09167efe6a3dd3522e02
178958;CARLOS AUGUSTO ANDRADE SILVA;CARLOS ANDRADE;34e4631eea70a67761e4696a341636c6
74665;JAIME MARTINS FILHO;JAIME MARTINS;53402eba3b100e7931c95e73fad4a1c7
74665;JAIME MARTINS FILHO;JAIME MARTINS;53402eba3b100e7931c95e73fad4a1c7
74665;JAIME MARTINS FILHO;JAIME MARTINS;53402eba3b100e7931c95e73fad4a1c7
74665;JAIME MARTINS FILHO;JAIME MARTINS;53402eba3b100e7931c95e73fad4a1c7
141535;ROGÉRIO SIMONETTI MARINHO;ROGÉRIO MARINHO;264dc4715ef9cad383026f602d0a419e
141535;ROGÉRIO SIMONETTI MARINHO;ROGÉRIO MARINHO;264dc4715ef9cad383026f602d0a419e
141535;ROGÉRIO SIMONETTI MARINHO;ROGÉRIO MARINHO;264dc4715ef9cad383026f602d0a419e
74366;JOÃO CAMPOS DE ARAÚJO;JOÃO CAMPOS;c33c51a0a46ba1d930c562ce330021f7
74366;JOÃO CAMPOS DE ARAÚJO;JOÃO CAMPOS;c33c51a0a46ba1d930c562ce330021f7
74366;JOÃO CAMPOS DE ARAÚJO;JOÃO CAMPOS;c33c51a0a46ba1d930c562ce330021f7
74366;JOÃO CAMPOS DE ARAÚJO;JOÃO CAMPOS;c33c51a0a46ba1d930c562ce330021f7
160517;PAULO ROBERTO FOLETTO;PAULO FOLETTO;8a659559d8c3a014edded032a5884814
160517;PAULO ROBERTO FOLETTO;PAULO FOLETTO;8a659559d8c3a014edded032a5884814
74359;NILTON BALBINO;NILTON CAPIXABA;0c8dd49c92afceeec92df328c42b881b
74359;NILTON BALBINO;NILTON CAPIXABA;0c8dd49c92afceeec92df328c42b881b
74359;NILTON BALBINO;NILTON CAPIXABA;0c8dd49c92afceeec92df328c42b881b
178905;FABIO PAULINO GARCIA;FABIO GARCIA;32e48237b73d84a66d462e018ece3877
160654;RENZO DO AMARAL BRAZ;RENZO BRAZ;980a891d1e52bff1757ab5c34981b76f
160654;RENZO DO AMARAL BRAZ;RENZO BRAZ;980a891d1e52bff1757ab5c34981b76f
141408;CLEBER VERDE CORDEIRO MENDES;CLEBER VERDE;a38f8faaa42b37daabb2ed8f1e4ad8ea
141408;CLEBER VERDE CORDEIRO MENDES;CLEBER VERDE;a38f8faaa42b37daabb2ed8f1e4ad8ea
141408;CLEBER VERDE CORDEIRO MENDES;CLEBER VERDE;a38f8faaa42b37daabb2ed8f1e4ad8ea
141531;RODRIGO BATISTA DE CASTRO;RODRIGO DE CASTRO;7ff2addbca73f387320ee0177a64d198
141531;RODRIGO BATISTA DE CASTRO;RODRIGO DE CASTRO;7ff2addbca73f387320ee0177a64d198
141531;RODRIGO BATISTA DE CASTRO;RODRIGO DE CASTRO;7ff2addbca73f387320ee0177a64d198
150418;MÁRCIO CARLOS MARINHO;MÁRCIO MARINHO;ef1c91a895fb0b013d800b4000fd8242
150418;MÁRCIO CARLOS MARINHO;MÁRCIO MARINHO;ef1c91a895fb0b013d800b4000fd8242
150418;MÁRCIO CARLOS MARINHO;MÁRCIO MARINHO;ef1c91a895fb0b013d800b4000fd8242
178883;ELIZIANE PEREIRA GAMA MELO;ELIZIANE GAMA;f9879eb338130f378de3a6644b661f5d
178880;MARCOS ABRAO RORIZ SOARES DE CARVALHO;MARCOS ABRÃO;e6f653b83460a5be82e20ec3f82e0d0e
178863;ULDURICO ALENCAR PINTO;ULDURICO JUNIOR;3940242633026385882471beac41425f
73437;PAULO ROBERTO GOMES MANSUR;BETO MANSUR;f5da5917ec0aa3ea5dee93c2be68e476
73437;PAULO ROBERTO GOMES MANSUR;BETO MANSUR;f5da5917ec0aa3ea5dee93c2be68e476
73437;PAULO ROBERTO GOMES MANSUR;BETO MANSUR;f5da5917ec0aa3ea5dee93c2be68e476
178987;ORLANDO SILVA DE JESUS JUNIOR;ORLANDO SILVA;3f27842bde17df44fd5466ddb4293a6b
160536;MARCO ANTONIO TEBALDI;MARCO TEBALDI;26935d8759f5c2e9bc613d6d2ee5578c
160536;MARCO ANTONIO TEBALDI;MARCO TEBALDI;26935d8759f5c2e9bc613d6d2ee5578c
81232;IRAJÁ SILVESTRE FILHO;IRAJÁ ABREU;f8367a58a21274b73ba55a33cbfea2d6
81232;IRAJÁ SILVESTRE FILHO;IRAJÁ ABREU;f8367a58a21274b73ba55a33cbfea2d6
171619;MARIA MARGARIDA MARTINS SALOMÃO;MARGARIDA SALOMÃO;5064f885a4b963b6f642b487c6b5211d
171619;MARIA MARGARIDA MARTINS SALOMÃO;MARGARIDA SALOMÃO;5064f885a4b963b6f642b487c6b5211d
178992;VITOR LIPPI;VITOR LIPPI;b1d40871058570efea3e6241b50d2d91
160666;FELIX DE ALMEIDA MENDONÇA JÚNIOR;FÉLIX MENDONÇA JÚNIOR;2d63e952da99ebabbaf7b07d2cab82e2
160666;FELIX DE ALMEIDA MENDONÇA JÚNIOR;FÉLIX MENDONÇA JÚNIOR;2d63e952da99ebabbaf7b07d2cab82e2
141527;RENATO DELMAR MOLLING;RENATO MOLLING;30bdc0e62144df9389337ee77ccbfe94
141527;RENATO DELMAR MOLLING;RENATO MOLLING;30bdc0e62144df9389337ee77ccbfe94
141527;RENATO DELMAR MOLLING;RENATO MOLLING;30bdc0e62144df9389337ee77ccbfe94
178936;ALEXANDRE VALLE CARDOSO;ALEXANDRE VALLE;8f63e36aae1915085f4751957e5a41f0
74471;ANDRÉ CARLOS ALVES DE PAULA FILHO;ANDRÉ DE PAULA;9461abeaf44c02bd97b59126f4d05865
74471;ANDRÉ CARLOS ALVES DE PAULA FILHO;ANDRÉ DE PAULA;9461abeaf44c02bd97b59126f4d05865
74471;ANDRÉ CARLOS ALVES DE PAULA FILHO;ANDRÉ DE PAULA;9461abeaf44c02bd97b59126f4d05865
74471;ANDRÉ CARLOS ALVES DE PAULA FILHO;ANDRÉ DE PAULA;9461abeaf44c02bd97b59126f4d05865
178955;LUIZ CLAUDIO PEREIRA ALVES;LUIZ CLÁUDIO;761a2f45c1264df4984d27b3746766a0
74273;JEFFERSON ALVES DE CAMPOS;JEFFERSON CAMPOS;2cb2da5dbf1c5b992850d334ccad0a44
74273;JEFFERSON ALVES DE CAMPOS;JEFFERSON CAMPOS;2cb2da5dbf1c5b992850d334ccad0a44
74273;JEFFERSON ALVES DE CAMPOS;JEFFERSON CAMPOS;2cb2da5dbf1c5b992850d334ccad0a44
74273;JEFFERSON ALVES DE CAMPOS;JEFFERSON CAMPOS;2cb2da5dbf1c5b992850d334ccad0a44
74399;ONYX DORNELLES LORENZONI;ONYX LORENZONI;1544dee6b2f5f0a332fcd75161f2a5b9
74399;ONYX DORNELLES LORENZONI;ONYX LORENZONI;1544dee6b2f5f0a332fcd75161f2a5b9
74399;ONYX DORNELLES LORENZONI;ONYX LORENZONI;1544dee6b2f5f0a332fcd75161f2a5b9
74399;ONYX DORNELLES LORENZONI;ONYX LORENZONI;1544dee6b2f5f0a332fcd75161f2a5b9
178829;JOSE AUGUSTO ROSA;CAPITÃO AUGUSTO;7f5da35dd52920e6e35ecf785971fb61
178885;ANTONIO DA CRUZ FILGUEIRA JUNIOR;JUNIOR MARRECA;7e9a64a82f8aa932220826ea4d56c0a8
122466;RONALDO MANCHADO MARTINS;RONALDO MARTINS;d4b05a26311d58b4ba4168b01f9230f9
178902;JOSE ORCIRIO MIRANDA DOS SANTOS;ZECA DO PT;7548bf78c349f70b2301b412dbf84e5d
94931;LÚCIO QUADROS VIEIRA LIMA;LUCIO VIEIRA LIMA;0cc358710869a4826e384deed8a1298f
94931;LÚCIO QUADROS VIEIRA LIMA;LUCIO VIEIRA LIMA;0cc358710869a4826e384deed8a1298f
178866;LUIZIANNE DE OLIVEIRA LINS;LUIZIANNE LINS;2e516b9534ebdf8dfd4dd946d9d89c9d
73655;AUGUSTO SILVEIRA DE CARVALHO;AUGUSTO CARVALHO;27a203d6f11354816ecef815bca66d84
73655;AUGUSTO SILVEIRA DE CARVALHO;AUGUSTO CARVALHO;27a203d6f11354816ecef815bca66d84
73655;AUGUSTO SILVEIRA DE CARVALHO;AUGUSTO CARVALHO;27a203d6f11354816ecef815bca66d84
178952;WALTER PEREIRA ALVES;WALTER ALVES;4132da1db6a2d2df426d7dcf022d7a3a
160610;VALMIR CARLOS DA ASSUNÇÃO;VALMIR ASSUNÇÃO;1ffe0258247a72aa43c30170b881c678
160610;VALMIR CARLOS DA ASSUNÇÃO;VALMIR ASSUNÇÃO;1ffe0258247a72aa43c30170b881c678
178877;FABIO FERNANDES DE SOUSA;FÁBIO SOUSA;e13b716d704905f1561a66c5c17dd0bb
178934;ANTONIO WANDSCHEER;TONINHO WANDSCHEER;aec348b11fb457518639f35d192ae366
178922;FRANCISCO TADEU BARBOSA DE ALENCAR;TADEU ALENCAR;9a7f95e662f838db19127c3395ebb101
178857;JORGE JOSE SANTOS PEREIRA SOLLA;JORGE SOLLA;53cb63df3fce48951096b385c52d0790
73772;HERMES PARCIANELLO;HERMES PARCIANELLO;8655814ad93c811de70a6278340fe563
73772;HERMES PARCIANELLO;HERMES PARCIANELLO;8655814ad93c811de70a6278340fe563
73772;HERMES PARCIANELLO;HERMES PARCIANELLO;8655814ad93c811de70a6278340fe563
73772;HERMES PARCIANELLO;HERMES PARCIANELLO;8655814ad93c811de70a6278340fe563
178965;JOAO DERLY DE OLIVEIRA NUNES JUNIOR;JOÃO DERLY;6bee26e6d341296b86abd8ca87ee3615
74352;NILSON PINTO DE OLIVEIRA;NILSON PINTO;9c52673053a66cf7505ddae463a38bab
74352;NILSON PINTO DE OLIVEIRA;NILSON PINTO;9c52673053a66cf7505ddae463a38bab
74352;NILSON PINTO DE OLIVEIRA;NILSON PINTO;9c52673053a66cf7505ddae463a38bab
74352;NILSON PINTO DE OLIVEIRA;NILSON PINTO;9c52673053a66cf7505ddae463a38bab
74570;JUTAHY MAGALHÃES JÚNIOR;JUTAHY JUNIOR;41ef4193015a9f85c59f503cbed8d307
74570;JUTAHY MAGALHÃES JÚNIOR;JUTAHY JUNIOR;41ef4193015a9f85c59f503cbed8d307
74570;JUTAHY MAGALHÃES JÚNIOR;JUTAHY JUNIOR;41ef4193015a9f85c59f503cbed8d307
74570;JUTAHY MAGALHÃES JÚNIOR;JUTAHY JUNIOR;41ef4193015a9f85c59f503cbed8d307
141405;CELSO MALDANER;CELSO MALDANER;dbe830c8bffce8880994d263ab9acfda
141405;CELSO MALDANER;CELSO MALDANER;dbe830c8bffce8880994d263ab9acfda
141405;CELSO MALDANER;CELSO MALDANER;dbe830c8bffce8880994d263ab9acfda
167493;WEVERTON ROCHA MARQUES DE SOUSA;WEVERTON ROCHA;1f1c62ef9b4ef360b9885fdd225dcf25
167493;WEVERTON ROCHA MARQUES DE SOUSA;WEVERTON ROCHA;1f1c62ef9b4ef360b9885fdd225dcf25
178931;LUCIANO DUCCI;LUCIANO DUCCI;baa38f0a7dd2d566734ca4c738dbde33
179000;MARCELO HENRIQUE TEIXEIRA DIAS;MARCELO ÁLVARO ANTÔNIO;f6bf81384ac9974440e6a33306016d54
178826;SERGIO OLIMPIO GOMES;MAJOR OLIMPIO;7359222244b5c2679a8818913b6e2431
74253;JULIO LUIZ BAPTISTA LOPES;JULIO LOPES;0813ea21188896b0fe638aae33028fdd
74253;JULIO LUIZ BAPTISTA LOPES;JULIO LOPES;0813ea21188896b0fe638aae33028fdd
74253;JULIO LUIZ BAPTISTA LOPES;JULIO LOPES;0813ea21188896b0fe638aae33028fdd
141384;ANTÔNIO CARLOS VALADARES FILHO;VALADARES FILHO;4bfbda1c20ab069a5da485a8db056533
141384;ANTÔNIO CARLOS VALADARES FILHO;VALADARES FILHO;4bfbda1c20ab069a5da485a8db056533
141384;ANTÔNIO CARLOS VALADARES FILHO;VALADARES FILHO;4bfbda1c20ab069a5da485a8db056533
178839;JESSICA ROJAS SALES;JÉSSICA SALES;690887900e9febb3329a9305d0f4511d
141411;DAGOBERTO NOGUEIRA FILHO;DAGOBERTO;18f39351fac4b6e3558d110edb4fa999
141411;DAGOBERTO NOGUEIRA FILHO;DAGOBERTO;18f39351fac4b6e3558d110edb4fa999
74010;VALDIR COLATTO;VALDIR COLATTO;41bc325650f3af8d99cd9887fac69318
74010;VALDIR COLATTO;VALDIR COLATTO;41bc325650f3af8d99cd9887fac69318
74010;VALDIR COLATTO;VALDIR COLATTO;41bc325650f3af8d99cd9887fac69318
74010;VALDIR COLATTO;VALDIR COLATTO;41bc325650f3af8d99cd9887fac69318
178971;JONY MARCOS DE SOUZA ARAUJO;JONY MARCOS;a8ec4004ffb11823e3484569ce25b2f2
74356;SILAS CÂMARA;SILAS CÂMARA;0c64aaff51340c13b8b506fa142c058a
74356;SILAS CÂMARA;SILAS CÂMARA;0c64aaff51340c13b8b506fa142c058a
74356;SILAS CÂMARA;SILAS CÂMARA;0c64aaff51340c13b8b506fa142c058a
74356;SILAS CÂMARA;SILAS CÂMARA;0c64aaff51340c13b8b506fa142c058a
74558;GIVALDO DE SÁ GOUVEIA;GIVALDO CARIMBÃO;cd899f2321f07182d7ada4fbfe26460d
74558;GIVALDO DE SÁ GOUVEIA;GIVALDO CARIMBÃO;cd899f2321f07182d7ada4fbfe26460d
74558;GIVALDO DE SÁ GOUVEIA;GIVALDO CARIMBÃO;cd899f2321f07182d7ada4fbfe26460d
74558;GIVALDO DE SÁ GOUVEIA;GIVALDO CARIMBÃO;cd899f2321f07182d7ada4fbfe26460d
74156;JOSÉ LEONARDO COSTA MONTEIRO;LEONARDO MONTEIRO;8f6a3fcf2127e4f546e10d2d26d77c79
74156;JOSÉ LEONARDO COSTA MONTEIRO;LEONARDO MONTEIRO;8f6a3fcf2127e4f546e10d2d26d77c79
74156;JOSÉ LEONARDO COSTA MONTEIRO;LEONARDO MONTEIRO;8f6a3fcf2127e4f546e10d2d26d77c79
74156;JOSÉ LEONARDO COSTA MONTEIRO;LEONARDO MONTEIRO;8f6a3fcf2127e4f546e10d2d26d77c79
162332;LUIZ HILOSHI NISHIMORI;LUIZ NISHIMORI;2cde5c79f3c4ccef8630df8026faac11
162332;LUIZ HILOSHI NISHIMORI;LUIZ NISHIMORI;2cde5c79f3c4ccef8630df8026faac11
178911;SIMONE MARIA MORGADO FERREIRA;SIMONE MORGADO;724decace47f64055198df04713731a8
160565;MARA CRISTINA GABRILLI;MARA GABRILLI;0ae2cd939ac4624efb8e52ed61134295
160565;MARA CRISTINA GABRILLI;MARA GABRILLI;0ae2cd939ac4624efb8e52ed61134295
178949;ZENAIDE MAIA CALADO PEREIRA DOS SANTOS;ZENAIDE MAIA;5c8a568464ac4a081a6534a6f5ddd6e6
178860;PAULO VELLOSO DANTAS AZI;PAULO AZI;4167beb2862be52eeda4d9d94ae013d0
152605;GLAUBER DE MEDEIROS BRAGA;GLAUBER BRAGA;c0761224b107e62ec4dd671d35dfab8b
152605;GLAUBER DE MEDEIROS BRAGA;GLAUBER BRAGA;c0761224b107e62ec4dd671d35dfab8b
152605;GLAUBER DE MEDEIROS BRAGA;GLAUBER BRAGA;c0761224b107e62ec4dd671d35dfab8b
62881;FRANCISCO DANILO BASTOS FORTE;DANILO FORTE;a611de286f6a342263c4c0b56216a888
62881;FRANCISCO DANILO BASTOS FORTE;DANILO FORTE;a611de286f6a342263c4c0b56216a888
141558;WALDIR MARANHÃO CARDOSO;WALDIR MARANHÃO;ff4eae2ce878069a130cd5ab99c1fc91
141558;WALDIR MARANHÃO CARDOSO;WALDIR MARANHÃO;ff4eae2ce878069a130cd5ab99c1fc91
141558;WALDIR MARANHÃO CARDOSO;WALDIR MARANHÃO;ff4eae2ce878069a130cd5ab99c1fc91
74043;JOSÉ WELLINGTON ROBERTO;WELLINGTON ROBERTO;783f078095f422a3baef3ba445a6780f
74043;JOSÉ WELLINGTON ROBERTO;WELLINGTON ROBERTO;783f078095f422a3baef3ba445a6780f
74043;JOSÉ WELLINGTON ROBERTO;WELLINGTON ROBERTO;783f078095f422a3baef3ba445a6780f
74043;JOSÉ WELLINGTON ROBERTO;WELLINGTON ROBERTO;783f078095f422a3baef3ba445a6780f
73458;ALEX CANZIANI SILVEIRA;ALEX CANZIANI;fc78e716ebf790d1e53bc25f898caf74
73458;ALEX CANZIANI SILVEIRA;ALEX CANZIANI;fc78e716ebf790d1e53bc25f898caf74
73458;ALEX CANZIANI SILVEIRA;ALEX CANZIANI;fc78e716ebf790d1e53bc25f898caf74
73458;ALEX CANZIANI SILVEIRA;ALEX CANZIANI;fc78e716ebf790d1e53bc25f898caf74
67138;IRACEMA MARIA PORTELLA NUNES NOGUEIRA LIMA;IRACEMA PORTELLA;58fa6c67945cdd48d47625e960698c58
67138;IRACEMA MARIA PORTELLA NUNES NOGUEIRA LIMA;IRACEMA PORTELLA;58fa6c67945cdd48d47625e960698c58
160642;FRANCISCO EURICO DA SILVA;PASTOR EURICO;6f059c556ae39135ae9e016ec2b74458
160642;FRANCISCO EURICO DA SILVA;PASTOR EURICO;6f059c556ae39135ae9e016ec2b74458
160669;GENECIAS MATEUS NORONHA;GENECIAS NORONHA;afac7447b99191d53a51822a4290398a
160669;GENECIAS MATEUS NORONHA;GENECIAS NORONHA;afac7447b99191d53a51822a4290398a
160646;FERNANDO DESTITO FRANCISCHINI;FERNANDO FRANCISCHINI;df67099abb0f296af86adf7d4674d596
160646;FERNANDO DESTITO FRANCISCHINI;FERNANDO FRANCISCHINI;df67099abb0f296af86adf7d4674d596
160601;MARCO ANTÔNIO FELICIANO;PASTOR MARCO FELICIANO;898fe6600e18afd432299b80d37ff805
160601;MARCO ANTÔNIO FELICIANO;PASTOR MARCO FELICIANO;898fe6600e18afd432299b80d37ff805
160545;ALEXANDRE LEITE DA SILVA;ALEXANDRE LEITE;5f916e54188bc05318af71a94b5f8702
160545;ALEXANDRE LEITE DA SILVA;ALEXANDRE LEITE;5f916e54188bc05318af71a94b5f8702
74378;ASSIS MIGUEL DO COUTO;ASSIS MIGUEL DO COUTO;6bfd4e4e97cc0366bdb2229655aa714e
74378;ASSIS MIGUEL DO COUTO;ASSIS MIGUEL DO COUTO;6bfd4e4e97cc0366bdb2229655aa714e
74378;ASSIS MIGUEL DO COUTO;ASSIS MIGUEL DO COUTO;6bfd4e4e97cc0366bdb2229655aa714e
74378;ASSIS MIGUEL DO COUTO;ASSIS MIGUEL DO COUTO;6bfd4e4e97cc0366bdb2229655aa714e
178980;ANTONIO GOULART DOS REIS;GOULART;ee250c18adbab5eeea5f8e7370500401
160976;FRANCISCO EVERARDO OLIVEIRA SILVA;TIRIRICA;9f1afc4935178c6ad9e7db16a4908939
160976;FRANCISCO EVERARDO OLIVEIRA SILVA;TIRIRICA;9f1afc4935178c6ad9e7db16a4908939
160518;WELITON FERNANDES PRADO;WELITON PRADO;b38d09788cd6118b4af2e0688f50ca15
160518;WELITON FERNANDES PRADO;WELITON PRADO;b38d09788cd6118b4af2e0688f50ca15
178998;TANIA RAQUEL DE QUEIROZ MUNIZ;RAQUEL MUNIZ;1e988ec5a4eb9a53b9c2ee3528ade31a
160607;JOSE LUIZ STÉDILE;JOSE STÉDILE;ab8a8fc9b6bade57b3de922c6ca7b76c
160607;JOSE LUIZ STÉDILE;JOSE STÉDILE;ab8a8fc9b6bade57b3de922c6ca7b76c
73891;DARCÍSIO PAULO PERONDI;DARCÍSIO PERONDI;1977657f91e423c1c902b97f9d2eb475
73891;DARCÍSIO PAULO PERONDI;DARCÍSIO PERONDI;1977657f91e423c1c902b97f9d2eb475
73891;DARCÍSIO PAULO PERONDI;DARCÍSIO PERONDI;1977657f91e423c1c902b97f9d2eb475
73891;DARCÍSIO PAULO PERONDI;DARCÍSIO PERONDI;1977657f91e423c1c902b97f9d2eb475
178968;ADELSON BARRETO DOS SANTOS;ADELSON BARRETO;fe89dffa250a3c5a416e387ffa9cfbde
74095;PAUDERNEY TOMAZ AVELINO;PAUDERNEY AVELINO;5055f193727d2166212763d456929b50
74095;PAUDERNEY TOMAZ AVELINO;PAUDERNEY AVELINO;5055f193727d2166212763d456929b50
74095;PAUDERNEY TOMAZ AVELINO;PAUDERNEY AVELINO;5055f193727d2166212763d456929b50
148134;VICTORIO GALLI FILHO;PROFESSOR VICTORIO GALLI;76806d1fc0f06eb5839dab8a1347f582
148134;VICTORIO GALLI FILHO;PROFESSOR VICTORIO GALLI;76806d1fc0f06eb5839dab8a1347f582
148134;VICTORIO GALLI FILHO;PROFESSOR VICTORIO GALLI;76806d1fc0f06eb5839dab8a1347f582
171617;PAULO FERNANDO DOS SANTOS;PAULÃO;4697711dec20e79750412e6804146c05
171617;PAULO FERNANDO DOS SANTOS;PAULÃO;4697711dec20e79750412e6804146c05
178896;NEWTON CARDOSO JUNIOR;NEWTON CARDOSO JR;40237fd8ba4f54842d31f2f0ea506689
178946;SORAYA ALENCAR DOS SANTOS;SORAYA SANTOS;9cce67ad09d30704bb5aec7d6690860f
178893;EDSON MOREIRA DA SILVA;DELEGADO EDSON MOREIRA;f46fe28cb618facfc576ca9e5435f1d5
178984;MIGUEL MOUBADDA HADDAD;MIGUEL HADDAD;4425601e0a568feefec112a136912b51
74848;JANDIRA FEGHALI;JANDIRA FEGHALI;f910adae62ee97280ae7de4b40829176
74848;JANDIRA FEGHALI;JANDIRA FEGHALI;f910adae62ee97280ae7de4b40829176
74848;JANDIRA FEGHALI;JANDIRA FEGHALI;f910adae62ee97280ae7de4b40829176
159237;FRANCISCO DE ASSIS CARVALHO GONÇALVES;ASSIS CARVALHO;d1a600d1a5a5a968880a0ba710122553
159237;FRANCISCO DE ASSIS CARVALHO GONÇALVES;ASSIS CARVALHO;d1a600d1a5a5a968880a0ba710122553
141518;PAULO PEREIRA DA SILVA;PAULO PEREIRA DA SILVA;bd52443cc735ff8fa931d0c2260c1105
141518;PAULO PEREIRA DA SILVA;PAULO PEREIRA DA SILVA;bd52443cc735ff8fa931d0c2260c1105
141518;PAULO PEREIRA DA SILVA;PAULO PEREIRA DA SILVA;bd52443cc735ff8fa931d0c2260c1105
129618;MARIA GORETE PEREIRA;GORETE PEREIRA;086c05a4246f07d21cea8354bc9b8284
129618;MARIA GORETE PEREIRA;GORETE PEREIRA;086c05a4246f07d21cea8354bc9b8284
129618;MARIA GORETE PEREIRA;GORETE PEREIRA;086c05a4246f07d21cea8354bc9b8284
129618;MARIA GORETE PEREIRA;GORETE PEREIRA;086c05a4246f07d21cea8354bc9b8284
178914;ADALBERTO CAVALCANTI RODRIGUES;ADALBERTO CAVALCANTI;a1b4e1be75373eeee9e4bd632e38f885
73714;José Reinaldo Carneiro Tavares;JOSÉ REINALDO;a19c98515867e337902a89098c1bb012
113247;VALMIR PRASCIDELLI;VALMIR PRASCIDELLI;25dfc0be7c347bef94079c31ad957177
73666;JOVAIR DE OLIVEIRA ARANTES;JOVAIR ARANTES;bd8333f6c13dbe58b8770a87f4f595c5
73666;JOVAIR DE OLIVEIRA ARANTES;JOVAIR ARANTES;bd8333f6c13dbe58b8770a87f4f595c5
73666;JOVAIR DE OLIVEIRA ARANTES;JOVAIR ARANTES;bd8333f6c13dbe58b8770a87f4f595c5
73666;JOVAIR DE OLIVEIRA ARANTES;JOVAIR ARANTES;bd8333f6c13dbe58b8770a87f4f595c5
74160;PATRUS ANANIAS DE SOUSA;PATRUS ANANIAS;3894991ec381df75e50674602ed4b972
74160;PATRUS ANANIAS DE SOUSA;PATRUS ANANIAS;3894991ec381df75e50674602ed4b972
132504;ENIO JOSÉ VERRI;ENIO VERRI;c2045c2a9076413255d89585e8a5b742
73926;JANETE MARIA GÓES CAPIBERIBE;JANETE CAPIBERIBE;fd29d30c0da433c5339499590934185f
73926;JANETE MARIA GÓES CAPIBERIBE;JANETE CAPIBERIBE;fd29d30c0da433c5339499590934185f
73926;JANETE MARIA GÓES CAPIBERIBE;JANETE CAPIBERIBE;fd29d30c0da433c5339499590934185f
73926;JANETE MARIA GÓES CAPIBERIBE;JANETE CAPIBERIBE;fd29d30c0da433c5339499590934185f
164359;WALDIR SOARES DE OLIVEIRA;DELEGADO WALDIR;2603e4b9ccd72401e9f1a81a0a9a2311
164359;WALDIR SOARES DE OLIVEIRA;DELEGADO WALDIR;2603e4b9ccd72401e9f1a81a0a9a2311
93472;CRISTIANE BRASIL FRANCISCO;CRISTIANE BRASIL;d42cc461b142661e92bafeab96beba82
141428;FÁBIO SALUSTINO MESQUITA DE FARIA;FÁBIO FARIA;9940fbb9e429fe991f2ac0bf84d3a37c
141428;FÁBIO SALUSTINO MESQUITA DE FARIA;FÁBIO FARIA;9940fbb9e429fe991f2ac0bf84d3a37c
141428;FÁBIO SALUSTINO MESQUITA DE FARIA;FÁBIO FARIA;9940fbb9e429fe991f2ac0bf84d3a37c
160649;ESPERIDIÃO AMIN HELOU FILHO;ESPERIDIÃO AMIN;87638b8893b286de5290dd98d0d4af8f
160649;ESPERIDIÃO AMIN HELOU FILHO;ESPERIDIÃO AMIN;87638b8893b286de5290dd98d0d4af8f
73553;NELSON MARQUEZELLI;NELSON MARQUEZELLI;f6a39183d6ec6a2381117f8412fa7f67
73553;NELSON MARQUEZELLI;NELSON MARQUEZELLI;f6a39183d6ec6a2381117f8412fa7f67
73553;NELSON MARQUEZELLI;NELSON MARQUEZELLI;f6a39183d6ec6a2381117f8412fa7f67
73553;NELSON MARQUEZELLI;NELSON MARQUEZELLI;f6a39183d6ec6a2381117f8412fa7f67
178873;HELDER IGNACIO SALOMAO;HELDER SALOMÃO;646e16bdbf70f31f71fdf5431e9ee305
66828;FAUSTO RUY PINATO;FAUSTO PINATO;14c254655904402a20ef86994443472e
160674;HUGO MOTTA WANDERLEY DA NÓBREGA;HUGO MOTTA;36b2f7c46582100c98db274f30ce66d2
160674;HUGO MOTTA WANDERLEY DA NÓBREGA;HUGO MOTTA;36b2f7c46582100c98db274f30ce66d2
160531;JOHNATHAN PEREIRA DE JESUS;JHONATAN DE JESUS;fd74bb11ed8f111c3dd0afc198dc368e
160531;JOHNATHAN PEREIRA DE JESUS;JHONATAN DE JESUS;fd74bb11ed8f111c3dd0afc198dc368e
160622;VICENTE CÂNDIDO DA SILVA;VICENTE CANDIDO;860147c35cbaed9920f3de7aa28082de
160622;VICENTE CÂNDIDO DA SILVA;VICENTE CANDIDO;860147c35cbaed9920f3de7aa28082de
151208;LAERCIO JOSÉ DE OLIVEIRA;LAERCIO OLIVEIRA;1e20dc2c0a392615dfd151b740138cd5
151208;LAERCIO JOSÉ DE OLIVEIRA;LAERCIO OLIVEIRA;1e20dc2c0a392615dfd151b740138cd5
151208;LAERCIO JOSÉ DE OLIVEIRA;LAERCIO OLIVEIRA;1e20dc2c0a392615dfd151b740138cd5
178927;ALIEL MACHADO BARK;ALIEL MACHADO;292752eeb282a9776ee443cf44b26bb7
92346;EDUARDO NANTES BOLSONARO;EDUARDO BOLSONARO;477a254231e44ace6594c9967ba5f797
141542;SÉRGIO IVAN MORAES;SÉRGIO MORAES;ff2fc86967b81085c279d2195ebb806d
141542;SÉRGIO IVAN MORAES;SÉRGIO MORAES;ff2fc86967b81085c279d2195ebb806d
141542;SÉRGIO IVAN MORAES;SÉRGIO MORAES;ff2fc86967b81085c279d2195ebb806d
160528;DANILO JORGE DE BARROS CABRAL;DANILO CABRAL;338bb4101273f30f14f85cb44c503aa8
160528;DANILO JORGE DE BARROS CABRAL;DANILO CABRAL;338bb4101273f30f14f85cb44c503aa8
178890;ADELMO CARNEIRO LEAO;ADELMO CARNEIRO LEÃO;74357723030a17509289969d1421aa99
178994;DULCE FERREIRA PAGANI MIRANDA;DULCE MIRANDA;032330384cefa018eccf2b62df939e7b
178870;RÔNEY TANIOS NEMER;RÔNEY NEMER;46f55dae7d1a73ec6c494c3187d1128b
178907;FRANCISCO ALVES DE AGUIAR;FRANCISCO CHAPADINHA;ae758b3ef193ee48b2d34397e1e76283
178851;JOZIANE ARAÚJO NASCIMENTO;JOZI ARAÚJO;cc657edc2ed1f6e66c64595b7d2be870
160643;JORGE SILVA;DR. JORGE SILVA;bbf7c7fc4f9ebd28a6651245bec8e3db
160643;JORGE SILVA;DR. JORGE SILVA;bbf7c7fc4f9ebd28a6651245bec8e3db
141413;DÉCIO NERY DE LIMA;DÉCIO LIMA;ad8da3706a48a019d2e233c732aeaa99
141413;DÉCIO NERY DE LIMA;DÉCIO LIMA;ad8da3706a48a019d2e233c732aeaa99
141413;DÉCIO NERY DE LIMA;DÉCIO LIMA;ad8da3706a48a019d2e233c732aeaa99
74041;LUIZ ALBUQUERQUE COUTO;LUIZ COUTO;b20401fcf0665b7aa80bf7adbd9579a0
74041;LUIZ ALBUQUERQUE COUTO;LUIZ COUTO;b20401fcf0665b7aa80bf7adbd9579a0
74041;LUIZ ALBUQUERQUE COUTO;LUIZ COUTO;b20401fcf0665b7aa80bf7adbd9579a0
74041;LUIZ ALBUQUERQUE COUTO;LUIZ COUTO;b20401fcf0665b7aa80bf7adbd9579a0
73778;LUIZ CARLOS JORGE HAULY;LUIZ CARLOS HAULY;2892a01c9e7f86df392c287436ca36cc
73778;LUIZ CARLOS JORGE HAULY;LUIZ CARLOS HAULY;2892a01c9e7f86df392c287436ca36cc
73778;LUIZ CARLOS JORGE HAULY;LUIZ CARLOS HAULY;2892a01c9e7f86df392c287436ca36cc
73778;LUIZ CARLOS JORGE HAULY;LUIZ CARLOS HAULY;2892a01c9e7f86df392c287436ca36cc
160571;JOÃO RODRIGUES;JOÃO RODRIGUES;a4fabe6cea8833fa796281ea92fcfa44
160571;JOÃO RODRIGUES;JOÃO RODRIGUES;a4fabe6cea8833fa796281ea92fcfa44
178868;LUIZ ODORICO MONTEIRO DE ANDRADE;ODORICO MONTEIRO;bf25e20c0be5f8f96911c6f79ddb7003
141472;JOSÉ RICARDO ALVARENGA TRIPOLI;RICARDO TRIPOLI;18a8b20e198e0e5a8429c4b1ffb13cae
141472;JOSÉ RICARDO ALVARENGA TRIPOLI;RICARDO TRIPOLI;18a8b20e198e0e5a8429c4b1ffb13cae
141472;JOSÉ RICARDO ALVARENGA TRIPOLI;RICARDO TRIPOLI;18a8b20e198e0e5a8429c4b1ffb13cae
178962;ANTONIO CARLOS GOMES DA SILVA;CARLOS GOMES;47b543dc3a294d53128adfe3add912bf
178909;HELIO LEITE DA SILVA;HÉLIO LEITE;df9368b57a34f6519653aff6e355f098
178887;RUBENS PEREIRA E SILVA JUNIOR;RUBENS PEREIRA JÚNIOR;66e20d01b9b08c8f36eec26aca39e633
74439;WOLNEY QUEIROZ MACIEL;WOLNEY QUEIROZ;96fed180292df8fbfca1e89b36c18541
74439;WOLNEY QUEIROZ MACIEL;WOLNEY QUEIROZ;96fed180292df8fbfca1e89b36c18541
74439;WOLNEY QUEIROZ MACIEL;WOLNEY QUEIROZ;96fed180292df8fbfca1e89b36c18541
74060;DANIEL GOMES DE ALMEIDA;DANIEL ALMEIDA;0451666d8448753cee9014aeff861ff5
74060;DANIEL GOMES DE ALMEIDA;DANIEL ALMEIDA;0451666d8448753cee9014aeff861ff5
74060;DANIEL GOMES DE ALMEIDA;DANIEL ALMEIDA;0451666d8448753cee9014aeff861ff5
74060;DANIEL GOMES DE ALMEIDA;DANIEL ALMEIDA;0451666d8448753cee9014aeff861ff5
160599;DIMAS FABIANO TOLEDO JÚNIOR;DIMAS FABIANO;e0d1e61e0036939b7af3edaf2bc5c978
160599;DIMAS FABIANO TOLEDO JÚNIOR;DIMAS FABIANO;e0d1e61e0036939b7af3edaf2bc5c978
93083;CARLOS FELIPE VAZQUEZ DE SOUZA LEÃO;CACÁ LEÃO;6c937ac640034ba75878372bc5e24d99
99654;ERIVELTON LIMA SANTANA;ERIVELTON SANTANA;9eb592a766eea0d17e0dad3dd56a7ad9
99654;ERIVELTON LIMA SANTANA;ERIVELTON SANTANA;9eb592a766eea0d17e0dad3dd56a7ad9
141439;FRANCISCO JOSÉ D'ANGELO PINTO;CHICO D'ANGELO;61f66fdcf3f702e39119ca146cfb9d1e
141439;FRANCISCO JOSÉ D'ANGELO PINTO;CHICO D'ANGELO;61f66fdcf3f702e39119ca146cfb9d1e
141439;FRANCISCO JOSÉ D'ANGELO PINTO;CHICO D'ANGELO;61f66fdcf3f702e39119ca146cfb9d1e
141394;BRUNO CAVALCANTI DE ARAÚJO;BRUNO ARAÚJO;c4fb876551ffbb0c910f738048ccf97c
141394;BRUNO CAVALCANTI DE ARAÚJO;BRUNO ARAÚJO;c4fb876551ffbb0c910f738048ccf97c
141394;BRUNO CAVALCANTI DE ARAÚJO;BRUNO ARAÚJO;c4fb876551ffbb0c910f738048ccf97c
141480;LÁZARO BOTELHO MARTINS;LÁZARO BOTELHO;6075e2656ace7921d96c066dc9949a14
141480;LÁZARO BOTELHO MARTINS;LÁZARO BOTELHO;6075e2656ace7921d96c066dc9949a14
141480;LÁZARO BOTELHO MARTINS;LÁZARO BOTELHO;6075e2656ace7921d96c066dc9949a14
152610;BENEDITO ROBERTO ALVES FERREIRA;ROBERTO ALVES;76cfe839d60b2d7ab9f1e8d7580818b1
152610;BENEDITO ROBERTO ALVES FERREIRA;ROBERTO ALVES;76cfe839d60b2d7ab9f1e8d7580818b1
74398;MARIA DO ROSÁRIO NUNES;MARIA DO ROSÁRIO;64528dfffa37938544c595f5ba9ce394
74398;MARIA DO ROSÁRIO NUNES;MARIA DO ROSÁRIO;64528dfffa37938544c595f5ba9ce394
74398;MARIA DO ROSÁRIO NUNES;MARIA DO ROSÁRIO;64528dfffa37938544c595f5ba9ce394
74398;MARIA DO ROSÁRIO NUNES;MARIA DO ROSÁRIO;64528dfffa37938544c595f5ba9ce394
73463;OSMAR JOSÉ SERRAGLIO;OSMAR SERRAGLIO;b683fed21bc97cfb97dee76415fe677c
73463;OSMAR JOSÉ SERRAGLIO;OSMAR SERRAGLIO;b683fed21bc97cfb97dee76415fe677c
73463;OSMAR JOSÉ SERRAGLIO;OSMAR SERRAGLIO;b683fed21bc97cfb97dee76415fe677c
73463;OSMAR JOSÉ SERRAGLIO;OSMAR SERRAGLIO;b683fed21bc97cfb97dee76415fe677c
73808;SÉRGIO LUÍS LACERDA BRITO;SÉRGIO BRITO;c4b778dbfd4451855f345dcdee986ffd
73808;SÉRGIO LUÍS LACERDA BRITO;SÉRGIO BRITO;c4b778dbfd4451855f345dcdee986ffd
73808;SÉRGIO LUÍS LACERDA BRITO;SÉRGIO BRITO;c4b778dbfd4451855f345dcdee986ffd
74784;LUIZA ERUNDINA DE SOUSA;LUIZA ERUNDINA;15b0c0db25954935f07116f5d3e83102
74784;LUIZA ERUNDINA DE SOUSA;LUIZA ERUNDINA;15b0c0db25954935f07116f5d3e83102
74784;LUIZA ERUNDINA DE SOUSA;LUIZA ERUNDINA;15b0c0db25954935f07116f5d3e83102
74784;LUIZA ERUNDINA DE SOUSA;LUIZA ERUNDINA;15b0c0db25954935f07116f5d3e83102
